n_estimators,max_depth,learning_rate,subsample,colsample_bytree,reg_alpha,reg_lambda,avg_logloss,avg_accuracy,prediction,up_prob,down_prob
300,7,0.03,0.6,1.0,0.0,1.0,0.596159211156034,0.6843012604537189,DOWN,0.46013516187667847,0.5398648381233215
200,7,0.03,0.6,1.0,0.0,1.0,0.596159211156034,0.6843012604537189,DOWN,0.46013516187667847,0.5398648381233215
300,7,0.03,0.6,1.0,0.5,1.0,0.5969236830969196,0.6857648021361615,DOWN,0.47590288519859314,0.5240970849990845
200,7,0.03,0.6,1.0,0.5,1.0,0.5969236830969196,0.6857648021361615,DOWN,0.47590288519859314,0.5240970849990845
100,7,0.03,0.6,1.0,0.0,1.0,0.5972375983024703,0.681427697235328,DOWN,0.47969698905944824,0.5203030109405518
100,7,0.03,0.6,1.0,0.5,1.0,0.5975053095640328,0.682172848113173,DOWN,0.46398866176605225,0.5360113382339478
200,7,0.05,0.6,1.0,0.5,1.0,0.6022369683951107,0.6714929285423168,DOWN,0.4965647757053375,0.5034352540969849
100,7,0.05,0.6,1.0,0.5,1.0,0.6022369683951107,0.6714929285423168,DOWN,0.4965647757053375,0.5034352540969849
300,7,0.05,0.6,1.0,0.5,1.0,0.6022369683951107,0.6714929285423168,DOWN,0.4965647757053375,0.5034352540969849
200,7,0.05,0.6,0.7,0.0,1.0,0.603407539843366,0.6730028007838964,DOWN,0.36846810579299927,0.6315318942070007
100,7,0.05,0.6,0.7,0.0,1.0,0.603407539843366,0.6730028007838964,DOWN,0.36846810579299927,0.6315318942070007
300,7,0.05,0.6,0.7,0.0,1.0,0.603407539843366,0.6730028007838964,DOWN,0.36846810579299927,0.6315318942070007
200,7,0.03,0.8,0.7,0.0,1.0,0.6042670435013711,0.675505328287749,UP,0.5958962440490723,0.40410375595092773
300,7,0.03,0.8,0.7,0.0,1.0,0.6042670435013711,0.675505328287749,UP,0.5958962440490723,0.40410375595092773
200,7,0.05,0.6,0.7,0.5,1.0,0.6043465785111268,0.6726152487908537,UP,0.5526264309883118,0.44737356901168823
300,7,0.05,0.6,0.7,0.5,1.0,0.6043465785111268,0.6726152487908537,UP,0.5526264309883118,0.44737356901168823
100,7,0.05,0.6,0.7,0.5,1.0,0.6043465785111268,0.6726152487908537,UP,0.5526264309883118,0.44737356901168823
300,7,0.01,0.6,1.0,0.0,1.0,0.6048030119537302,0.6827397653762936,UP,0.5996684432029724,0.4003315567970276
300,7,0.03,0.8,1.0,0.5,1.0,0.6051654929780439,0.6833323994021494,UP,0.5895151495933533,0.41048485040664673
200,7,0.03,0.8,1.0,0.5,1.0,0.6051654929780439,0.6833323994021494,UP,0.5895151495933533,0.41048485040664673
300,7,0.03,0.6,0.7,0.5,1.0,0.6054686003240984,0.6816853696903488,UP,0.529137134552002,0.47086286544799805
300,7,0.03,0.6,1.0,0.0,3.0,0.6057087030217995,0.6772317084950044,UP,0.6256998777389526,0.37430012226104736
200,7,0.03,0.6,1.0,0.0,3.0,0.6057087030217995,0.6772317084950044,UP,0.6256998777389526,0.37430012226104736
100,7,0.03,0.6,1.0,0.0,3.0,0.6057087030217995,0.6772317084950044,UP,0.6256998777389526,0.37430012226104736
100,7,0.05,0.8,0.7,0.0,1.0,0.6057484239857303,0.6845227830408867,UP,0.6655257940292358,0.33447420597076416
300,7,0.05,0.8,0.7,0.0,1.0,0.6057484239857303,0.6845227830408867,UP,0.6655257940292358,0.33447420597076416
200,7,0.05,0.8,0.7,0.0,1.0,0.6057484239857303,0.6845227830408867,UP,0.6655257940292358,0.33447420597076416
100,7,0.03,0.8,1.0,0.5,1.0,0.6060256885537243,0.6804588361837586,UP,0.6094631552696228,0.3905368447303772
200,7,0.03,0.6,0.7,0.0,1.0,0.6060484796922554,0.6823923598034672,UP,0.5079628229141235,0.49203717708587646
300,7,0.03,0.6,0.7,0.0,1.0,0.6060484796922554,0.6823923598034672,UP,0.5079628229141235,0.49203717708587646
200,7,0.03,0.6,0.7,0.5,1.0,0.6066768962210815,0.6788118064719579,DOWN,0.4956165850162506,0.5043834447860718
300,7,0.01,0.6,1.0,0.5,1.0,0.6070936264454023,0.6754692541440461,UP,0.5866910815238953,0.41330891847610474
200,7,0.03,0.8,1.0,0.0,1.0,0.6074193152548715,0.6708909299632384,UP,0.5268082618713379,0.4731917381286621
300,7,0.03,0.8,1.0,0.0,1.0,0.6074193152548715,0.6708909299632384,UP,0.5268082618713379,0.4731917381286621
200,7,0.01,0.6,1.0,0.0,1.0,0.6074874369600433,0.6829479520992585,UP,0.5985987186431885,0.4014012813568115
100,7,0.05,0.8,0.7,0.5,1.0,0.6077579447366714,0.6775409533031043,UP,0.5592407584190369,0.44075924158096313
300,7,0.05,0.8,0.7,0.5,1.0,0.6077579447366714,0.6775409533031043,UP,0.5592407584190369,0.44075924158096313
200,7,0.05,0.8,0.7,0.5,1.0,0.6077579447366714,0.6775409533031043,UP,0.5592407584190369,0.44075924158096313
100,7,0.03,0.6,0.7,0.0,1.0,0.607794028694327,0.6802371873896742,UP,0.5054407119750977,0.49455928802490234
100,7,0.03,0.8,0.7,0.0,1.0,0.6079578510345299,0.6726317650693583,UP,0.6065741181373596,0.3934258818626404
100,7,0.05,0.6,1.0,0.0,1.0,0.608195625324036,0.66399977568824,UP,0.5989963412284851,0.4010036587715149
200,7,0.05,0.6,1.0,0.0,1.0,0.608195625324036,0.66399977568824,UP,0.5989963412284851,0.4010036587715149
300,7,0.05,0.6,1.0,0.0,1.0,0.608195625324036,0.66399977568824,UP,0.5989963412284851,0.4010036587715149
300,7,0.03,0.8,1.0,0.0,3.0,0.6083876335672431,0.6810958403546448,UP,0.6160643696784973,0.3839356303215027
200,7,0.03,0.8,1.0,0.0,3.0,0.6083876335672431,0.6810958403546448,UP,0.6160643696784973,0.3839356303215027
300,7,0.01,0.8,0.7,0.0,1.0,0.6083919513783491,0.6728801739366899,UP,0.5986540913581848,0.4013459086418152
300,7,0.01,0.6,0.7,0.0,1.0,0.608435343542032,0.6740169995668579,UP,0.5578190088272095,0.4421809911727905
100,7,0.03,0.6,0.7,0.5,1.0,0.6087114716950172,0.6766566340581649,UP,0.5539275407791138,0.44607245922088623
200,7,0.05,0.8,0.7,0.0,3.0,0.6088725089735108,0.6749673713051243,UP,0.5241912007331848,0.4758087992668152
300,7,0.05,0.8,0.7,0.0,3.0,0.6088725089735108,0.6749673713051243,UP,0.5241912007331848,0.4758087992668152
200,7,0.03,0.6,1.0,0.5,3.0,0.6089098809823894,0.6740180428773697,UP,0.626620888710022,0.373379111289978
300,7,0.03,0.6,1.0,0.5,3.0,0.6089098809823894,0.6740180428773697,UP,0.626620888710022,0.373379111289978
100,7,0.03,0.6,1.0,0.5,3.0,0.6090270445787606,0.6740180428773697,UP,0.626620888710022,0.373379111289978
100,7,0.03,0.8,1.0,0.0,1.0,0.609315682715412,0.6730461023770316,UP,0.5856114029884338,0.41438859701156616
300,7,0.01,0.6,1.0,0.5,3.0,0.609505915732779,0.671773213069921,UP,0.5598649978637695,0.44013500213623047
300,7,0.01,0.8,1.0,0.0,1.0,0.609529645471795,0.6659662687614996,UP,0.6114288568496704,0.3885711431503296
200,7,0.03,0.8,0.7,0.0,3.0,0.6096351299943492,0.6729914505751837,UP,0.5746335387229919,0.42536646127700806
300,7,0.03,0.8,0.7,0.0,3.0,0.6096351299943492,0.6729914505751837,UP,0.5746335387229919,0.42536646127700806
200,7,0.05,0.8,1.0,0.0,3.0,0.6097439785915933,0.6704992299695319,UP,0.5727584958076477,0.4272415041923523
300,7,0.05,0.8,1.0,0.0,3.0,0.6097439785915933,0.6704992299695319,UP,0.5727584958076477,0.4272415041923523
300,7,0.03,0.8,1.0,0.5,3.0,0.609880513378379,0.6617095324252493,UP,0.6607353091239929,0.3392646908760071
200,7,0.03,0.8,1.0,0.5,3.0,0.609880513378379,0.6617095324252493,UP,0.6607353091239929,0.3392646908760071
100,7,0.05,0.8,0.7,0.0,3.0,0.6100118244094219,0.6728121988913311,UP,0.5593336820602417,0.4406663179397583
200,7,0.05,0.6,0.7,0.5,3.0,0.6100360047168794,0.656365367846045,UP,0.6069125533103943,0.3930874466896057
100,7,0.05,0.6,0.7,0.5,3.0,0.6100360047168794,0.656365367846045,UP,0.6069125533103943,0.3930874466896057
300,7,0.05,0.6,0.7,0.5,3.0,0.6100360047168794,0.656365367846045,UP,0.6069125533103943,0.3930874466896057
300,7,0.01,0.8,0.7,0.5,1.0,0.6100581512571592,0.6726688572821896,UP,0.5815815329551697,0.4184184670448303
300,7,0.01,0.6,0.7,0.0,3.0,0.6102247520311515,0.6660518033958748,UP,0.5053373575210571,0.49466264247894287
100,7,0.05,0.6,1.0,0.5,3.0,0.6103144049306009,0.6716629797419388,DOWN,0.41026902198791504,0.589730978012085
300,7,0.05,0.6,1.0,0.5,3.0,0.6103144049306009,0.6716629797419388,DOWN,0.41026902198791504,0.589730978012085
200,7,0.05,0.6,1.0,0.5,3.0,0.6103144049306009,0.6716629797419388,DOWN,0.41026902198791504,0.589730978012085
200,7,0.05,0.8,1.0,0.5,1.0,0.6103767104809013,0.6837312763625214,UP,0.5246632695198059,0.4753367304801941
300,7,0.05,0.8,1.0,0.5,1.0,0.6103767104809013,0.6837312763625214,UP,0.5246632695198059,0.4753367304801941
300,7,0.03,0.6,0.7,0.5,3.0,0.6104451325572654,0.6603067888215,UP,0.5332698822021484,0.46673011779785156
200,7,0.03,0.6,0.7,0.5,3.0,0.6104451325572654,0.6603067888215,UP,0.5332698822021484,0.46673011779785156
300,7,0.01,0.6,1.0,0.0,3.0,0.6104866269880023,0.6683842797001054,UP,0.5579877495765686,0.4420122504234314
200,7,0.01,0.6,1.0,0.5,1.0,0.6105384013050831,0.673522268453218,UP,0.59498131275177,0.40501868724823
200,7,0.01,0.6,0.7,0.0,1.0,0.6105614686459901,0.6768905627852487,UP,0.5355106592178345,0.4644893407821655
100,7,0.03,0.8,1.0,0.0,3.0,0.6106988658900593,0.6746303231132655,UP,0.6525647044181824,0.3474352955818176
100,7,0.05,0.8,1.0,0.0,3.0,0.6112152476462378,0.6690624483603366,UP,0.5818155407905579,0.41818445920944214
200,7,0.05,0.6,1.0,0.0,3.0,0.6113850452454722,0.6606571981189449,UP,0.553301990032196,0.44669800996780396
100,7,0.05,0.6,1.0,0.0,3.0,0.6113850452454722,0.6606571981189449,UP,0.553301990032196,0.44669800996780396
300,7,0.05,0.6,1.0,0.0,3.0,0.6113850452454722,0.6606571981189449,UP,0.553301990032196,0.44669800996780396
200,7,0.03,0.8,0.7,0.5,1.0,0.6113921188572657,0.6701106599073607,UP,0.54305100440979,0.45694899559020996
300,7,0.03,0.8,0.7,0.5,1.0,0.6113921188572657,0.6701106599073607,UP,0.54305100440979,0.45694899559020996
100,7,0.03,0.8,0.7,0.5,1.0,0.6113921188572657,0.6701106599073607,UP,0.54305100440979,0.45694899559020996
100,7,0.05,0.8,1.0,0.5,1.0,0.6114116229772368,0.6787025407303375,UP,0.5984304547309875,0.40156954526901245
200,7,0.05,0.8,1.0,0.0,1.0,0.6119883721500494,0.6597090518293104,UP,0.6839266419410706,0.31607335805892944
100,7,0.05,0.8,1.0,0.0,1.0,0.6119883721500494,0.6597090518293104,UP,0.6839266419410706,0.31607335805892944
300,7,0.05,0.8,1.0,0.0,1.0,0.6119883721500494,0.6597090518293104,UP,0.6839266419410706,0.31607335805892944
300,7,0.03,0.8,0.7,0.5,3.0,0.6121122988715032,0.6735407577665212,UP,0.6272860169410706,0.37271398305892944
200,7,0.03,0.8,0.7,0.5,3.0,0.6121122988715032,0.6735407577665212,UP,0.6272860169410706,0.37271398305892944
300,7,0.01,0.8,1.0,0.5,1.0,0.6121359616558055,0.6684151877740163,UP,0.5999302268028259,0.4000697731971741
200,7,0.01,0.8,0.7,0.0,1.0,0.6121865734950953,0.6743169555458852,UP,0.6076806783676147,0.39231932163238525
100,7,0.05,0.6,0.7,0.0,3.0,0.612261160182923,0.6578547651188315,UP,0.5420826077461243,0.45791739225387573
300,7,0.05,0.6,0.7,0.0,3.0,0.612261160182923,0.6578547651188315,UP,0.5420826077461243,0.45791739225387573
200,7,0.05,0.6,0.7,0.0,3.0,0.612261160182923,0.6578547651188315,UP,0.5420826077461243,0.45791739225387573
200,7,0.01,0.8,1.0,0.0,1.0,0.6123468816756714,0.6688398319798904,UP,0.633104681968689,0.36689531803131104
300,7,0.01,0.8,0.7,0.0,3.0,0.6124720817941911,0.658987467989719,UP,0.5815252661705017,0.4184747338294983
300,7,0.03,1.0,0.7,0.0,1.0,0.6127231417176817,0.6629855264225119,DOWN,0.3730463683605194,0.6269536018371582
200,7,0.03,1.0,0.7,0.0,1.0,0.6129237647075961,0.6622671356179142,DOWN,0.3828725814819336,0.6171274185180664
200,7,0.03,0.6,0.7,0.0,3.0,0.6130111204056893,0.6639121544328412,UP,0.5619691014289856,0.4380308985710144
300,7,0.03,0.6,0.7,0.0,3.0,0.6130111204056893,0.6639121544328412,UP,0.5619691014289856,0.4380308985710144
300,7,0.01,0.6,0.7,0.5,1.0,0.6130716902448186,0.6620269848898348,UP,0.5426467657089233,0.45735323429107666
100,7,0.03,0.8,1.0,0.5,3.0,0.6131387858266502,0.660272750816054,UP,0.6243481636047363,0.37565183639526367
300,5,0.03,0.6,1.0,0.0,1.0,0.6134393510270387,0.663123676720478,UP,0.6135832071304321,0.38641679286956787
200,5,0.03,0.6,1.0,0.0,1.0,0.6134393510270387,0.663123676720478,UP,0.6135832071304321,0.38641679286956787
100,5,0.03,0.6,1.0,0.0,1.0,0.6134393510270387,0.663123676720478,UP,0.6135832071304321,0.38641679286956787
100,7,0.03,0.6,0.7,0.5,3.0,0.6134490999644026,0.6581516164077069,UP,0.5952459573745728,0.40475404262542725
200,7,0.05,1.0,0.7,0.5,3.0,0.6135565742843686,0.6623279968000657,UP,0.5125169157981873,0.48748308420181274
300,7,0.05,1.0,0.7,0.5,3.0,0.6135565742843686,0.6623279968000657,UP,0.5125169157981873,0.48748308420181274
100,7,0.05,1.0,0.7,0.5,3.0,0.6135565742843686,0.6623279968000657,UP,0.5125169157981873,0.48748308420181274
300,5,0.03,0.8,0.7,0.5,1.0,0.6137586520527414,0.6710733746820848,UP,0.6170807480812073,0.3829192519187927
200,5,0.03,0.8,0.7,0.5,1.0,0.6137586520527414,0.6710733746820848,UP,0.6170807480812073,0.3829192519187927
300,7,0.01,0.8,1.0,0.0,3.0,0.6137852723553259,0.6610293276267614,UP,0.6024202704429626,0.39757972955703735
100,7,0.03,0.8,0.7,0.0,3.0,0.6139091422941932,0.6665259333338045,UP,0.6121341586112976,0.3878658413887024
300,5,0.05,0.6,1.0,0.0,3.0,0.6140805237167587,0.6499658778566094,UP,0.5103646516799927,0.4896353483200073
200,5,0.05,0.6,1.0,0.0,3.0,0.6140805237167587,0.6499658778566094,UP,0.5103646516799927,0.4896353483200073
100,5,0.05,0.6,1.0,0.0,3.0,0.6140805237167587,0.6499658778566094,UP,0.5103646516799927,0.4896353483200073
200,7,0.01,0.8,0.7,0.5,1.0,0.6141160016418565,0.6728770440051547,UP,0.5945537090301514,0.40544629096984863
100,7,0.03,0.8,0.7,0.5,3.0,0.6141435030132933,0.6728223669619235,UP,0.6251850724220276,0.3748149275779724
200,5,0.05,0.6,0.7,0.5,1.0,0.614214790017501,0.6557006107741667,UP,0.5825332999229431,0.4174667000770569
300,5,0.05,0.6,0.7,0.5,1.0,0.614214790017501,0.6557006107741667,UP,0.5825332999229431,0.4174667000770569
100,5,0.05,0.6,0.7,0.5,1.0,0.614214790017501,0.6557006107741667,UP,0.5825332999229431,0.4174667000770569
200,5,0.05,0.6,0.7,0.0,1.0,0.6144762956937672,0.6547833473170597,UP,0.5312387347221375,0.46876126527786255
300,5,0.05,0.6,0.7,0.0,1.0,0.6144762956937672,0.6547833473170597,UP,0.5312387347221375,0.46876126527786255
200,7,0.01,0.6,0.7,0.0,3.0,0.6146273628611302,0.6658353206715824,UP,0.537093460559845,0.46290653944015503
300,7,0.01,0.8,0.7,0.5,3.0,0.6148508842902032,0.6501132538801896,UP,0.5472029447555542,0.4527970552444458
300,7,0.01,0.6,0.7,0.5,3.0,0.614910131115525,0.6488300324334948,UP,0.5518574118614197,0.4481425881385803
100,5,0.05,0.6,0.7,0.0,1.0,0.6151338002581297,0.651909784098669,UP,0.5624738335609436,0.4375261664390564
200,7,0.01,0.6,1.0,0.5,3.0,0.6151604873289596,0.6731161640434138,UP,0.5972305536270142,0.40276944637298584
200,7,0.01,0.6,1.0,0.0,3.0,0.6153457184407757,0.6683842797001054,UP,0.5819483399391174,0.41805166006088257
100,7,0.03,0.6,0.7,0.0,3.0,0.6154429802526941,0.6560098555822665,UP,0.6047502756118774,0.39524972438812256
200,7,0.01,0.8,1.0,0.5,1.0,0.615611761088855,0.6657498112785905,UP,0.6190494894981384,0.3809505105018616
200,7,0.01,0.6,0.7,0.5,1.0,0.6156648845185988,0.6615167808082022,UP,0.5578944683074951,0.4421055316925049
300,5,0.03,0.6,1.0,0.0,3.0,0.6157002726249968,0.6625206853136545,UP,0.6666162610054016,0.3333837389945984
200,5,0.03,0.6,1.0,0.0,3.0,0.6157002726249968,0.6625206853136545,UP,0.6666162610054016,0.3333837389945984
100,5,0.03,0.6,1.0,0.0,3.0,0.6158466068418207,0.6620104812320218,UP,0.6666162610054016,0.3333837389945984
200,5,0.05,0.6,0.7,0.0,3.0,0.6158719183582375,0.655217217248548,UP,0.5480990409851074,0.4519009590148926
100,5,0.05,0.6,0.7,0.0,3.0,0.6158719183582375,0.655217217248548,UP,0.5480990409851074,0.4519009590148926
300,5,0.05,0.6,0.7,0.0,3.0,0.6158719183582375,0.655217217248548,UP,0.5480990409851074,0.4519009590148926
100,5,0.03,0.6,1.0,0.5,1.0,0.6160048934426983,0.6621424221496841,UP,0.6664798259735107,0.33352017402648926
300,5,0.03,0.6,1.0,0.5,1.0,0.6160048934426983,0.6621424221496841,UP,0.6664798259735107,0.33352017402648926
200,5,0.03,0.6,1.0,0.5,1.0,0.6160048934426983,0.6621424221496841,UP,0.6664798259735107,0.33352017402648926
300,5,0.05,0.6,1.0,0.0,1.0,0.6160946115412937,0.6578764474671281,UP,0.5982391238212585,0.40176087617874146
200,5,0.05,0.6,1.0,0.0,1.0,0.6160946115412937,0.6578764474671281,UP,0.5982391238212585,0.40176087617874146
100,5,0.05,0.6,1.0,0.0,1.0,0.6160946115412937,0.6578764474671281,UP,0.5982391238212585,0.40176087617874146
300,7,0.01,1.0,0.7,0.0,1.0,0.6163823119965757,0.6602026639082883,DOWN,0.48629486560821533,0.5137051343917847
300,5,0.05,0.8,1.0,0.0,1.0,0.6165654292067989,0.6686223942899279,UP,0.6663051843643188,0.33369481563568115
200,5,0.05,0.8,1.0,0.0,1.0,0.6165654292067989,0.6686223942899279,UP,0.6663051843643188,0.33369481563568115
100,5,0.03,0.8,0.7,0.5,1.0,0.616736257445688,0.6660446390499009,UP,0.6300358176231384,0.3699641823768616
300,7,0.01,0.8,1.0,0.5,3.0,0.6167730269859899,0.6571425836945375,UP,0.6157464981079102,0.38425350189208984
300,7,0.03,1.0,0.7,0.5,1.0,0.6167815159019112,0.6634122320080261,DOWN,0.39054074883461,0.6094592809677124
200,7,0.03,1.0,0.7,0.5,1.0,0.6167815159019112,0.6634122320080261,DOWN,0.39054074883461,0.6094592809677124
300,5,0.01,0.6,1.0,0.0,1.0,0.6168138660672946,0.6593492779786432,UP,0.6054336428642273,0.3945663571357727
300,5,0.05,0.6,0.7,0.5,3.0,0.61683727481349,0.6494268144600145,UP,0.5745770931243896,0.42542290687561035
200,5,0.05,0.6,0.7,0.5,3.0,0.61683727481349,0.6494268144600145,UP,0.5745770931243896,0.42542290687561035
100,5,0.05,0.6,0.7,0.5,3.0,0.61683727481349,0.6494268144600145,UP,0.5745770931243896,0.42542290687561035
300,7,0.01,1.0,1.0,0.5,1.0,0.6168854599151888,0.6625774237365257,DOWN,0.4711020886898041,0.5288978815078735
300,5,0.03,0.8,1.0,0.0,1.0,0.6173197183049874,0.6551255868200938,UP,0.683056652545929,0.31694334745407104
200,5,0.03,0.8,1.0,0.0,1.0,0.6173197183049874,0.6551255868200938,UP,0.683056652545929,0.31694334745407104
300,5,0.05,0.6,1.0,0.5,1.0,0.6174814008392733,0.6446515780408042,UP,0.675088107585907,0.324911892414093
200,5,0.05,0.6,1.0,0.5,1.0,0.6174814008392733,0.6446515780408042,UP,0.675088107585907,0.324911892414093
200,7,0.01,0.8,0.7,0.0,3.0,0.6175461870143288,0.6601222322402468,UP,0.5941388010978699,0.4058611989021301
300,5,0.03,0.8,1.0,0.5,1.0,0.6179145461830076,0.6638286559367229,UP,0.6713988780975342,0.3286011219024658
100,5,0.03,0.8,1.0,0.5,1.0,0.6179145461830076,0.6638286559367229,UP,0.6713988780975342,0.3286011219024658
200,5,0.03,0.8,1.0,0.5,1.0,0.6179145461830076,0.6638286559367229,UP,0.6713988780975342,0.3286011219024658
200,5,0.05,0.8,0.7,0.5,1.0,0.6181705009962988,0.6635503318232255,UP,0.611353874206543,0.38864612579345703
100,5,0.05,0.8,0.7,0.5,1.0,0.6181705009962988,0.6635503318232255,UP,0.611353874206543,0.38864612579345703
300,5,0.05,0.8,0.7,0.5,1.0,0.6181705009962988,0.6635503318232255,UP,0.611353874206543,0.38864612579345703
100,7,0.03,1.0,0.7,0.0,1.0,0.618196248239055,0.6565200091811325,DOWN,0.44935086369514465,0.5506491661071777
200,5,0.05,0.8,0.7,0.0,3.0,0.6182545867793179,0.6602716822641588,UP,0.6406201124191284,0.3593798875808716
300,5,0.05,0.8,0.7,0.0,3.0,0.6182545867793179,0.6602716822641588,UP,0.6406201124191284,0.3593798875808716
100,5,0.05,0.8,0.7,0.0,3.0,0.6182545867793179,0.6602716822641588,UP,0.6406201124191284,0.3593798875808716
300,5,0.01,0.6,1.0,0.5,1.0,0.6183709191999585,0.6642903923554282,UP,0.6277603507041931,0.3722396492958069
300,5,0.03,1.0,0.7,0.5,3.0,0.6184695035429395,0.6618126771314077,UP,0.526401698589325,0.47359830141067505
100,5,0.05,0.6,1.0,0.5,3.0,0.6185287243360698,0.645095843215335,UP,0.6254852414131165,0.37451475858688354
300,5,0.05,0.6,1.0,0.5,3.0,0.6185287243360698,0.645095843215335,UP,0.6254852414131165,0.37451475858688354
200,5,0.05,0.6,1.0,0.5,3.0,0.6185287243360698,0.645095843215335,UP,0.6254852414131165,0.37451475858688354
200,7,0.01,0.8,1.0,0.0,3.0,0.6186579119691221,0.6636008734864846,UP,0.6119556427001953,0.3880443572998047
300,7,0.05,0.8,0.7,0.5,3.0,0.6186786305136862,0.654317412414924,UP,0.5609627366065979,0.4390372633934021
200,7,0.05,0.8,0.7,0.5,3.0,0.6186786305136862,0.654317412414924,UP,0.5609627366065979,0.4390372633934021
100,7,0.05,0.8,0.7,0.5,3.0,0.6186786305136862,0.654317412414924,UP,0.5609627366065979,0.4390372633934021
300,7,0.05,0.8,1.0,0.5,3.0,0.6189519222371048,0.6625660482864297,UP,0.6906985640525818,0.3093014359474182
100,7,0.05,0.8,1.0,0.5,3.0,0.6189519222371048,0.6625660482864297,UP,0.6906985640525818,0.3093014359474182
200,7,0.05,0.8,1.0,0.5,3.0,0.6189519222371048,0.6625660482864297,UP,0.6906985640525818,0.3093014359474182
200,5,0.01,0.6,1.0,0.0,1.0,0.6189994441313237,0.6595574647016081,UP,0.601548969745636,0.398451030254364
200,5,0.03,0.6,1.0,0.5,3.0,0.6190032095595437,0.6544792433373686,UP,0.6205646395683289,0.37943536043167114
300,5,0.03,0.6,1.0,0.5,3.0,0.6190032095595437,0.6544792433373686,UP,0.6205646395683289,0.37943536043167114
200,7,0.01,1.0,0.7,0.0,1.0,0.6190454418358795,0.6621496495991164,UP,0.5056585669517517,0.4943414330482483
300,7,0.01,1.0,0.7,0.5,1.0,0.6190600114793383,0.6545730234903044,DOWN,0.48343202471733093,0.5165679454803467
100,5,0.03,0.8,0.7,0.0,1.0,0.6191164077989727,0.6510130713345053,UP,0.595818281173706,0.40418171882629395
300,5,0.03,0.8,0.7,0.0,1.0,0.6191164077989727,0.6510130713345053,UP,0.595818281173706,0.40418171882629395
200,5,0.03,0.8,0.7,0.0,1.0,0.6191164077989727,0.6510130713345053,UP,0.595818281173706,0.40418171882629395
200,7,0.01,1.0,0.7,0.5,1.0,0.6191331539752103,0.6550832275719372,DOWN,0.48343202471733093,0.5165679454803467
100,7,0.03,1.0,0.7,0.5,1.0,0.6191377903880688,0.6598202779850376,DOWN,0.4191858172416687,0.5808141827583313
300,7,0.01,1.0,0.7,0.0,3.0,0.6191559492843111,0.659651244854544,DOWN,0.49926817417144775,0.5007318258285522
100,5,0.05,0.6,1.0,0.5,1.0,0.6192137399599075,0.6424964056270112,UP,0.6615833044052124,0.3384166955947876
100,7,0.05,1.0,1.0,0.5,1.0,0.6192758871967966,0.6563654561908868,UP,0.5216929912567139,0.47830700874328613
300,7,0.05,1.0,1.0,0.5,1.0,0.6192758871967966,0.6563654561908868,UP,0.5216929912567139,0.47830700874328613
200,7,0.05,1.0,1.0,0.5,1.0,0.6192758871967966,0.6563654561908868,UP,0.5216929912567139,0.47830700874328613
200,7,0.01,0.6,0.7,0.5,3.0,0.6192802931616306,0.6506831874886203,UP,0.5721527934074402,0.4278472065925598
100,5,0.03,0.8,1.0,0.0,1.0,0.6192854594474148,0.6558439776246916,UP,0.6934992074966431,0.30650079250335693
100,5,0.03,0.6,1.0,0.5,3.0,0.6194744314889787,0.6549894474190012,UP,0.6205646395683289,0.37943536043167114
300,7,0.05,1.0,0.7,0.0,1.0,0.6196128273842605,0.6486578819921577,DOWN,0.43923497200012207,0.5607650279998779
100,7,0.05,1.0,0.7,0.0,1.0,0.6196128273842605,0.6486578819921577,DOWN,0.43923497200012207,0.5607650279998779
200,7,0.05,1.0,0.7,0.0,1.0,0.6196128273842605,0.6486578819921577,DOWN,0.43923497200012207,0.5607650279998779
200,7,0.03,1.0,1.0,0.0,1.0,0.6200241927050769,0.6647676269835099,DOWN,0.4627469480037689,0.5372530221939087
300,7,0.03,1.0,1.0,0.0,1.0,0.6200241927050769,0.6647676269835099,DOWN,0.4627469480037689,0.5372530221939087
300,7,0.03,1.0,1.0,0.5,1.0,0.6200807500505693,0.6593349366660037,DOWN,0.49437275528907776,0.5056272745132446
200,7,0.03,1.0,1.0,0.5,1.0,0.6200807500505693,0.6593349366660037,DOWN,0.49437275528907776,0.5056272745132446
300,7,0.01,1.0,0.7,0.5,3.0,0.6201229594624205,0.6608726122913421,UP,0.5179172158241272,0.4820827841758728
300,5,0.03,0.6,0.7,0.0,3.0,0.6201836937010526,0.6343653314984531,DOWN,0.4823119044303894,0.5176880955696106
200,5,0.05,0.8,1.0,0.5,1.0,0.6203429426321251,0.6607190521288414,UP,0.6532869338989258,0.3467130661010742
100,5,0.05,0.8,1.0,0.5,1.0,0.6203429426321251,0.6607190521288414,UP,0.6532869338989258,0.3467130661010742
300,5,0.05,0.8,1.0,0.5,1.0,0.6203429426321251,0.6607190521288414,UP,0.6532869338989258,0.3467130661010742
100,7,0.05,1.0,0.7,0.5,1.0,0.6204055033613496,0.6520416745335644,DOWN,0.48783841729164124,0.5121616125106812
200,7,0.05,1.0,0.7,0.5,1.0,0.6204055033613496,0.6520416745335644,DOWN,0.48783841729164124,0.5121616125106812
300,7,0.05,1.0,0.7,0.5,1.0,0.6204055033613496,0.6520416745335644,DOWN,0.48783841729164124,0.5121616125106812
100,7,0.03,1.0,1.0,0.0,1.0,0.6205237567613007,0.6633308453743145,DOWN,0.46096935868263245,0.5390306711196899
200,7,0.01,0.8,0.7,0.5,3.0,0.6206185443296908,0.6544235987077758,UP,0.5766863226890564,0.4233136773109436
300,5,0.01,0.6,1.0,0.5,3.0,0.62062281164359,0.6556954194629913,UP,0.6229168176651001,0.3770831823348999
100,5,0.03,0.8,0.7,0.0,3.0,0.6206924034370424,0.6537979952283689,UP,0.5955192446708679,0.4044807553291321
200,5,0.03,0.8,0.7,0.0,3.0,0.6206924034370424,0.6537979952283689,UP,0.5955192446708679,0.4044807553291321
300,5,0.03,0.8,0.7,0.0,3.0,0.6206924034370424,0.6537979952283689,UP,0.5955192446708679,0.4044807553291321
100,5,0.05,0.8,1.0,0.0,1.0,0.6207961794593888,0.656409750611767,UP,0.6960987448692322,0.3039012551307678
200,5,0.03,0.6,0.7,0.0,3.0,0.6209456557342269,0.6307733774754646,UP,0.5280605554580688,0.47193944454193115
200,5,0.03,0.8,1.0,0.5,3.0,0.6209778471182257,0.6500215729689689,UP,0.6714363098144531,0.3285636901855469
300,5,0.03,0.8,1.0,0.5,3.0,0.6209778471182257,0.6500215729689689,UP,0.6714363098144531,0.3285636901855469
100,5,0.03,0.8,1.0,0.5,3.0,0.6209778471182257,0.6500215729689689,UP,0.6714363098144531,0.3285636901855469
100,7,0.01,0.6,1.0,0.0,1.0,0.6210066373049863,0.679213750260407,UP,0.5904264450073242,0.4095735549926758
200,5,0.01,0.6,1.0,0.5,1.0,0.6210103324398975,0.6635720015508305,UP,0.6349765658378601,0.3650234341621399
300,7,0.01,1.0,1.0,0.5,3.0,0.6210472086520453,0.6556481086968008,DOWN,0.4932212233543396,0.5067787766456604
200,5,0.03,1.0,0.7,0.5,3.0,0.6210586752810204,0.6567839414992238,UP,0.5713023543357849,0.4286976456642151
100,7,0.03,1.0,1.0,0.5,1.0,0.6211165150129062,0.6586165458614059,DOWN,0.4999951124191284,0.5000048875808716
300,7,0.03,1.0,1.0,0.0,3.0,0.621155794580458,0.6595070492452658,DOWN,0.44802558422088623,0.5519744157791138
200,7,0.03,1.0,1.0,0.0,3.0,0.621155794580458,0.6595070492452658,DOWN,0.44802558422088623,0.5519744157791138
200,7,0.01,0.8,1.0,0.5,3.0,0.6212654289684267,0.6580691612221004,UP,0.6262115836143494,0.37378841638565063
100,7,0.03,1.0,1.0,0.0,3.0,0.6214427273775989,0.6587886584406681,DOWN,0.4517403244972229,0.5482596755027771
300,5,0.05,0.8,0.7,0.0,1.0,0.6217256951399142,0.6576434232229478,UP,0.5926852822303772,0.4073147177696228
200,5,0.05,0.8,0.7,0.0,1.0,0.6217256951399142,0.6576434232229478,UP,0.5926852822303772,0.4073147177696228
100,5,0.05,0.8,0.7,0.0,1.0,0.6217256951399142,0.6576434232229478,UP,0.5926852822303772,0.4073147177696228
200,7,0.01,1.0,1.0,0.5,1.0,0.6218553707155112,0.6630876278181584,DOWN,0.49657195806503296,0.503428041934967
300,5,0.01,0.6,1.0,0.0,3.0,0.621886963196824,0.6479250362886955,UP,0.6161214113235474,0.38387858867645264
300,5,0.01,0.8,1.0,0.5,3.0,0.6219177191129257,0.641386390552857,UP,0.6478288769721985,0.3521711230278015
300,7,0.05,1.0,0.7,0.0,3.0,0.6220499669565436,0.6635947019682558,DOWN,0.3190164566040039,0.6809835433959961
100,7,0.05,1.0,0.7,0.0,3.0,0.6220499669565436,0.6635947019682558,DOWN,0.3190164566040039,0.6809835433959961
200,7,0.05,1.0,0.7,0.0,3.0,0.6220499669565436,0.6635947019682558,DOWN,0.3190164566040039,0.6809835433959961
300,7,0.03,1.0,1.0,0.5,3.0,0.6221788689686139,0.6569479221461503,DOWN,0.35799166560173035,0.6420083045959473
200,7,0.03,1.0,1.0,0.5,3.0,0.6221788689686139,0.6569479221461503,DOWN,0.35799166560173035,0.6420083045959473
100,5,0.03,0.6,0.7,0.0,1.0,0.6222166329896064,0.6428334790602532,UP,0.5415027141571045,0.4584972858428955
200,5,0.03,0.6,0.7,0.0,1.0,0.6222166329896064,0.6428334790602532,UP,0.5415027141571045,0.4584972858428955
300,5,0.03,0.6,0.7,0.0,1.0,0.6222166329896064,0.6428334790602532,UP,0.5415027141571045,0.4584972858428955
300,5,0.01,0.6,0.7,0.0,3.0,0.6222602629504019,0.6413234427496819,UP,0.6033196449279785,0.3966803550720215
300,5,0.01,1.0,0.7,0.5,1.0,0.6222888745844598,0.6618642242431035,UP,0.5670316815376282,0.4329683184623718
100,5,0.03,1.0,0.7,0.0,1.0,0.622428306370781,0.6497721712738922,DOWN,0.47555550932884216,0.5244444608688354
300,5,0.03,1.0,0.7,0.0,1.0,0.622428306370781,0.6497721712738922,DOWN,0.47555550932884216,0.5244444608688354
200,5,0.03,1.0,0.7,0.0,1.0,0.622428306370781,0.6497721712738922,DOWN,0.47555550932884216,0.5244444608688354
300,5,0.01,1.0,0.7,0.0,1.0,0.6224520676254949,0.6587402160191242,UP,0.5279430150985718,0.4720569849014282
200,7,0.05,1.0,1.0,0.0,3.0,0.6226041570459067,0.6545504366591044,UP,0.5097897052764893,0.49021029472351074
100,7,0.05,1.0,1.0,0.0,3.0,0.6226041570459067,0.6545504366591044,UP,0.5097897052764893,0.49021029472351074
300,7,0.05,1.0,1.0,0.0,3.0,0.6226041570459067,0.6545504366591044,UP,0.5097897052764893,0.49021029472351074
300,5,0.01,0.6,0.7,0.0,1.0,0.6228675259987239,0.6363050392570822,UP,0.5735920071601868,0.42640799283981323
200,7,0.01,1.0,0.7,0.0,3.0,0.6229777404019364,0.6563613081902231,UP,0.5195343494415283,0.4804656505584717
300,5,0.03,0.8,0.7,0.5,3.0,0.6230752394009238,0.6449154851175121,UP,0.605481743812561,0.39451825618743896
200,5,0.03,0.8,0.7,0.5,3.0,0.6230752394009238,0.6449154851175121,UP,0.605481743812561,0.39451825618743896
100,5,0.03,0.8,0.7,0.5,3.0,0.6230752394009238,0.6449154851175121,UP,0.605481743812561,0.39451825618743896
100,5,0.05,0.8,1.0,0.0,3.0,0.6231166312129972,0.6538309773026115,UP,0.6439314484596252,0.35606855154037476
200,5,0.05,0.8,1.0,0.0,3.0,0.6231166312129972,0.6538309773026115,UP,0.6439314484596252,0.35606855154037476
300,5,0.05,0.8,1.0,0.0,3.0,0.6231166312129972,0.6538309773026115,UP,0.6439314484596252,0.35606855154037476
200,5,0.03,0.6,0.7,0.5,1.0,0.6232503443557031,0.64789828883614,UP,0.536942720413208,0.463057279586792
300,5,0.03,0.6,0.7,0.5,1.0,0.6232503443557031,0.64789828883614,UP,0.536942720413208,0.463057279586792
100,5,0.03,0.6,0.7,0.5,1.0,0.6232503443557031,0.64789828883614,UP,0.536942720413208,0.463057279586792
100,5,0.05,0.8,1.0,0.5,3.0,0.6234561776510645,0.647811748753328,UP,0.6219133734703064,0.3780866265296936
200,5,0.05,0.8,1.0,0.5,3.0,0.6234561776510645,0.647811748753328,UP,0.6219133734703064,0.3780866265296936
300,5,0.05,0.8,1.0,0.5,3.0,0.6234561776510645,0.647811748753328,UP,0.6219133734703064,0.3780866265296936
100,7,0.03,1.0,1.0,0.5,3.0,0.6235355914617619,0.6582908731196432,DOWN,0.4085119068622589,0.5914881229400635
300,7,0.01,1.0,1.0,0.0,3.0,0.6236910805976136,0.652777650168562,UP,0.5033923983573914,0.49660760164260864
300,5,0.01,0.8,1.0,0.5,1.0,0.6237092247218942,0.6438960950233752,UP,0.6557571291923523,0.3442428708076477
100,5,0.03,1.0,0.7,0.5,3.0,0.6237187039506161,0.648881642648649,UP,0.5606865286827087,0.43931347131729126
200,5,0.05,0.8,0.7,0.5,3.0,0.6237208781161222,0.6436209260827965,UP,0.5783504843711853,0.4216495156288147
100,5,0.05,0.8,0.7,0.5,3.0,0.6237208781161222,0.6436209260827965,UP,0.5783504843711853,0.4216495156288147
300,5,0.05,0.8,0.7,0.5,3.0,0.6237208781161222,0.6436209260827965,UP,0.5783504843711853,0.4216495156288147
300,5,0.01,0.6,0.7,0.5,3.0,0.6237752549217959,0.6421304981201901,UP,0.5995770692825317,0.40042293071746826
300,5,0.01,1.0,0.7,0.5,3.0,0.624056570291073,0.6505317770506015,UP,0.6245060563087463,0.37549394369125366
300,5,0.01,0.6,0.7,0.5,1.0,0.6243316447736867,0.6407864785948021,UP,0.5984704494476318,0.40152955055236816
200,7,0.05,1.0,1.0,0.5,3.0,0.6243675979726595,0.6538980983478336,DOWN,0.4228609800338745,0.5771390199661255
300,7,0.05,1.0,1.0,0.5,3.0,0.6243675979726595,0.6538980983478336,DOWN,0.4228609800338745,0.5771390199661255
300,5,0.01,0.8,1.0,0.0,1.0,0.6245220829931111,0.6304425134225262,UP,0.6651250720024109,0.3348749279975891
200,5,0.01,0.6,0.7,0.0,1.0,0.6245345018025025,0.6373254474203474,UP,0.5718370079994202,0.42816299200057983
200,7,0.01,1.0,0.7,0.5,3.0,0.6245658151364638,0.6539907216040326,UP,0.5313819646835327,0.4686180353164673
200,5,0.01,0.6,1.0,0.5,3.0,0.6246199387060513,0.6556954194629913,UP,0.6093924641609192,0.3906075358390808
300,5,0.05,1.0,0.7,0.0,1.0,0.6247027558486247,0.6461647190415275,UP,0.6148491501808167,0.38515084981918335
100,5,0.05,1.0,0.7,0.0,1.0,0.6247027558486247,0.6461647190415275,UP,0.6148491501808167,0.38515084981918335
200,5,0.05,1.0,0.7,0.0,1.0,0.6247027558486247,0.6461647190415275,UP,0.6148491501808167,0.38515084981918335
200,5,0.01,1.0,0.7,0.0,1.0,0.6247398469709016,0.6593647761880194,UP,0.5366684198379517,0.46333158016204834
300,5,0.03,1.0,0.7,0.5,1.0,0.6248220996176055,0.6428737138253114,UP,0.5860788822174072,0.4139211177825928
100,5,0.03,1.0,0.7,0.5,1.0,0.6248220996176055,0.6428737138253114,UP,0.5860788822174072,0.4139211177825928
200,5,0.03,1.0,0.7,0.5,1.0,0.6248220996176055,0.6428737138253114,UP,0.5860788822174072,0.4139211177825928
200,5,0.01,1.0,0.7,0.5,1.0,0.6249117654990067,0.6563252845292868,UP,0.5719084739685059,0.42809152603149414
300,5,0.03,0.8,1.0,0.0,3.0,0.624933553732908,0.6586443492451648,UP,0.6561450362205505,0.34385496377944946
200,5,0.03,0.8,1.0,0.0,3.0,0.624933553732908,0.6586443492451648,UP,0.6561450362205505,0.34385496377944946
100,5,0.03,0.8,1.0,0.0,3.0,0.624933553732908,0.6586443492451648,UP,0.6561450362205505,0.34385496377944946
300,5,0.01,0.8,0.7,0.0,1.0,0.6249439847362106,0.6291211564524886,UP,0.6506055593490601,0.34939444065093994
100,5,0.03,0.6,0.7,0.0,3.0,0.6249638494640163,0.6329285498892577,UP,0.5830784440040588,0.41692155599594116
300,5,0.01,0.8,0.7,0.5,3.0,0.6250120524401053,0.6264918541007656,UP,0.6416824460029602,0.3583175539970398
200,5,0.01,0.6,1.0,0.0,3.0,0.6250171343415194,0.6483208842830657,UP,0.6126118302345276,0.3873881697654724
100,7,0.01,0.6,1.0,0.5,1.0,0.6250544561344233,0.6675092492842385,UP,0.6077250838279724,0.3922749161720276
200,5,0.05,1.0,0.7,0.0,3.0,0.6251395801684303,0.6425222359759715,DOWN,0.4207548201084137,0.5792452096939087
300,5,0.05,1.0,0.7,0.0,3.0,0.6251395801684303,0.6425222359759715,DOWN,0.4207548201084137,0.5792452096939087
200,5,0.01,0.8,1.0,0.5,1.0,0.6251902805333107,0.6408143450820194,UP,0.6515070199966431,0.34849298000335693
100,7,0.05,1.0,1.0,0.5,3.0,0.6252295975547857,0.6510245351294428,UP,0.5366391539573669,0.46336084604263306
200,5,0.01,0.8,1.0,0.0,1.0,0.6252515445514849,0.633316076640917,UP,0.6602662205696106,0.3397337794303894
200,5,0.01,0.6,0.7,0.5,1.0,0.6253081776335192,0.6397660704315368,UP,0.5995092988014221,0.4004907011985779
100,5,0.03,0.6,0.7,0.5,3.0,0.6254365923043146,0.6307218556051521,UP,0.5702658295631409,0.42973417043685913
200,5,0.03,0.6,0.7,0.5,3.0,0.6254365923043146,0.6307218556051521,UP,0.5702658295631409,0.42973417043685913
300,5,0.03,0.6,0.7,0.5,3.0,0.6254365923043146,0.6307218556051521,UP,0.5702658295631409,0.42973417043685913
300,5,0.01,0.8,1.0,0.0,3.0,0.6257443844202316,0.6413235310945236,UP,0.6617065668106079,0.3382934331893921
100,7,0.01,0.6,0.7,0.0,1.0,0.6257529994695732,0.6730368387893424,UP,0.5563457012176514,0.44365429878234863
200,7,0.01,1.0,1.0,0.5,3.0,0.6257652008428615,0.6489744047324565,DOWN,0.4909237325191498,0.5090762376785278
100,7,0.01,0.8,0.7,0.0,1.0,0.6257954702824993,0.6670444081753811,UP,0.6060339212417603,0.39396607875823975
200,5,0.03,1.0,0.7,0.0,3.0,0.6258312307424377,0.6468583859111348,UP,0.5512257218360901,0.4487742781639099
300,5,0.03,1.0,0.7,0.0,3.0,0.6258312307424377,0.6468583859111348,UP,0.5512257218360901,0.4487742781639099
100,5,0.03,1.0,0.7,0.0,3.0,0.6259114422735507,0.6468583859111348,UP,0.5358075499534607,0.4641924500465393
200,7,0.03,1.0,0.7,0.5,3.0,0.6259913557616301,0.6516644546801059,UP,0.5534738302230835,0.4465261697769165
300,7,0.03,1.0,0.7,0.5,3.0,0.6259913557616301,0.6516644546801059,UP,0.5534738302230835,0.4465261697769165
100,7,0.03,1.0,0.7,0.5,3.0,0.6259913557616301,0.6516644546801059,UP,0.5534738302230835,0.4465261697769165
200,5,0.01,0.6,0.7,0.0,3.0,0.6260394695537359,0.6382416928083261,UP,0.6173354387283325,0.3826645612716675
300,5,0.05,1.0,1.0,0.0,3.0,0.6261403058218651,0.6467645805168156,UP,0.5305929183959961,0.4694070816040039
200,5,0.05,1.0,1.0,0.0,3.0,0.6261403058218651,0.6467645805168156,UP,0.5305929183959961,0.4694070816040039
300,5,0.01,0.8,0.7,0.0,3.0,0.626306838193342,0.6187132506492925,UP,0.644399881362915,0.35560011863708496
200,5,0.03,1.0,1.0,0.0,3.0,0.6263171754653293,0.643051017715749,UP,0.5963959097862244,0.40360409021377563
300,5,0.03,1.0,1.0,0.0,3.0,0.6263171754653293,0.643051017715749,UP,0.5963959097862244,0.40360409021377563
100,5,0.05,1.0,0.7,0.0,3.0,0.6265172384825829,0.638930281952983,DOWN,0.49468308687210083,0.5053169131278992
200,5,0.01,0.8,1.0,0.5,3.0,0.626655537496697,0.6414802211885595,UP,0.627337634563446,0.37266236543655396
100,7,0.01,0.8,0.7,0.5,1.0,0.6267001940970034,0.6646758577274476,UP,0.6081279516220093,0.3918720483779907
300,5,0.03,1.0,1.0,0.5,1.0,0.6267556151916811,0.6465532638623154,UP,0.5556647181510925,0.44433528184890747
200,5,0.03,1.0,1.0,0.5,1.0,0.6267556151916811,0.6465532638623154,UP,0.5556647181510925,0.44433528184890747
200,5,0.01,0.8,0.7,0.0,1.0,0.6269512061278419,0.6348682828892701,UP,0.6549097299575806,0.34509027004241943
100,7,0.01,0.8,1.0,0.0,1.0,0.6271764212889647,0.6606406818404401,UP,0.6330264210700989,0.3669735789299011
200,5,0.01,0.6,0.7,0.5,3.0,0.6273679718731668,0.6387467308201666,UP,0.6045969724655151,0.39540302753448486
100,5,0.03,1.0,1.0,0.0,3.0,0.6274282525892255,0.643051017715749,UP,0.5923841595649719,0.4076158404350281
300,7,0.01,1.0,1.0,0.0,1.0,0.6274539243540298,0.6438632139146659,UP,0.5545416474342346,0.4454583525657654
100,5,0.05,1.0,0.7,0.5,1.0,0.6276507447521522,0.6445311009180796,UP,0.6075800657272339,0.3924199342727661
200,5,0.05,1.0,0.7,0.5,1.0,0.6276507447521522,0.6445311009180796,UP,0.6075800657272339,0.3924199342727661
300,5,0.05,1.0,0.7,0.5,1.0,0.6276507447521522,0.6445311009180796,UP,0.6075800657272339,0.3924199342727661
300,3,0.05,1.0,0.7,0.5,1.0,0.6276746674980342,0.6385798978969217,UP,0.6796602606773376,0.32033973932266235
200,3,0.05,1.0,0.7,0.5,1.0,0.6276746674980342,0.6385798978969217,UP,0.6796602606773376,0.32033973932266235
300,5,0.01,1.0,1.0,0.5,1.0,0.6277226957460575,0.6479519099481676,UP,0.5796296000480652,0.4203703999519348
100,5,0.03,1.0,1.0,0.0,1.0,0.6277896635238512,0.6479096516655443,UP,0.6179786324501038,0.38202136754989624
300,5,0.03,1.0,1.0,0.0,1.0,0.6277896635238512,0.6479096516655443,UP,0.6179786324501038,0.38202136754989624
200,5,0.03,1.0,1.0,0.0,1.0,0.6277896635238512,0.6479096516655443,UP,0.6179786324501038,0.38202136754989624
100,5,0.03,1.0,1.0,0.5,1.0,0.6280106549308242,0.6443980914485222,UP,0.5904521346092224,0.4095478653907776
200,7,0.01,1.0,1.0,0.0,1.0,0.6281232749706609,0.6433530098330333,UP,0.5545416474342346,0.4454583525657654
200,5,0.01,1.0,0.7,0.5,3.0,0.6281686683227583,0.6439724291735197,UP,0.6291723847389221,0.3708276152610779
200,5,0.01,0.8,1.0,0.0,3.0,0.6282542118029739,0.6413235310945236,UP,0.6542952656745911,0.34570473432540894
300,5,0.05,1.0,1.0,0.5,1.0,0.6285192316061328,0.6493238464435396,UP,0.5775642395019531,0.4224357604980469
200,5,0.05,1.0,1.0,0.5,1.0,0.6285192316061328,0.6493238464435396,UP,0.5775642395019531,0.4224357604980469
100,5,0.05,1.0,1.0,0.5,1.0,0.6285192316061328,0.6493238464435396,UP,0.5775642395019531,0.4224357604980469
100,5,0.05,1.0,1.0,0.0,3.0,0.6285496531049071,0.641017454080034,UP,0.602314293384552,0.397685706615448
200,7,0.01,1.0,1.0,0.0,3.0,0.6285728697395437,0.6449897074052497,DOWN,0.49710339307785034,0.5028966069221497
100,7,0.01,0.6,0.7,0.5,1.0,0.6287304625199772,0.6666424517662406,UP,0.5717548131942749,0.4282451868057251
200,7,0.03,1.0,0.7,0.0,3.0,0.6290998218132566,0.6456441323375439,UP,0.5649487972259521,0.43505120277404785
300,7,0.03,1.0,0.7,0.0,3.0,0.6290998218132566,0.6456441323375439,UP,0.5649487972259521,0.43505120277404785
100,7,0.03,1.0,0.7,0.0,3.0,0.6290998218132566,0.6456441323375439,UP,0.5649487972259521,0.43505120277404785
200,7,0.05,1.0,1.0,0.0,1.0,0.6292720569612181,0.6504843022154193,UP,0.5505180358886719,0.4494819641113281
300,7,0.05,1.0,1.0,0.0,1.0,0.6292720569612181,0.6504843022154193,UP,0.5505180358886719,0.4494819641113281
100,7,0.05,1.0,1.0,0.0,1.0,0.6292720569612181,0.6504843022154193,UP,0.5505180358886719,0.4494819641113281
300,5,0.01,0.8,0.7,0.5,1.0,0.629292470394204,0.6286573838955263,UP,0.6097562313079834,0.3902437686920166
200,5,0.05,1.0,1.0,0.5,3.0,0.6295689031853009,0.6469172109550296,UP,0.6159288883209229,0.38407111167907715
100,5,0.05,1.0,1.0,0.5,3.0,0.6295689031853009,0.6469172109550296,UP,0.6159288883209229,0.38407111167907715
300,5,0.05,1.0,1.0,0.5,3.0,0.6295689031853009,0.6469172109550296,UP,0.6159288883209229,0.38407111167907715
200,5,0.01,0.8,0.7,0.5,3.0,0.6297877617292649,0.6265856847364681,UP,0.6376796960830688,0.36232030391693115
200,5,0.01,0.8,0.7,0.0,3.0,0.6297973191377236,0.61859889456203,UP,0.6438015699386597,0.35619843006134033
200,5,0.01,0.8,0.7,0.5,1.0,0.6299439935482283,0.6286573838955263,UP,0.6097562313079834,0.3902437686920166
100,7,0.01,0.8,1.0,0.5,1.0,0.6299731267089721,0.6585721126129174,UP,0.627409040927887,0.37259095907211304
300,5,0.01,1.0,0.7,0.0,3.0,0.6300450803703073,0.6453834940199797,UP,0.6011298894882202,0.3988701105117798
300,3,0.03,0.6,1.0,0.5,3.0,0.630065038612848,0.6277647181664928,UP,0.6138715744018555,0.38612842559814453
200,3,0.03,0.6,1.0,0.5,3.0,0.630065038612848,0.6277647181664928,UP,0.6138715744018555,0.38612842559814453
200,3,0.05,0.6,0.7,0.5,1.0,0.6302548836536797,0.6230637166557118,UP,0.6572960615158081,0.3427039384841919
300,3,0.05,0.6,0.7,0.5,1.0,0.6302548836536797,0.6230637166557118,UP,0.6572960615158081,0.3427039384841919
100,3,0.05,0.6,0.7,0.5,1.0,0.6302548836536797,0.6230637166557118,UP,0.6572960615158081,0.3427039384841919
200,5,0.01,1.0,1.0,0.5,1.0,0.6304222928181266,0.6481600966711327,UP,0.5817868113517761,0.4182131886482239
100,3,0.05,1.0,0.7,0.5,1.0,0.6305821783481247,0.6313959898509447,UP,0.6895669102668762,0.3104330897331238
300,3,0.03,0.6,1.0,0.0,1.0,0.6306361909799331,0.6228288708250331,UP,0.6371434926986694,0.36285650730133057
200,3,0.03,0.6,1.0,0.0,1.0,0.6306361909799331,0.6228288708250331,UP,0.6371434926986694,0.36285650730133057
100,3,0.03,0.6,1.0,0.0,1.0,0.6306361909799331,0.6228288708250331,UP,0.6371434926986694,0.36285650730133057
100,3,0.05,0.8,1.0,0.0,3.0,0.6308128534943515,0.6316370955446939,UP,0.6186179518699646,0.3813820481300354
300,3,0.05,0.8,1.0,0.0,3.0,0.6308128534943515,0.6316370955446939,UP,0.6186179518699646,0.3813820481300354
200,3,0.05,0.8,1.0,0.0,3.0,0.6308128534943515,0.6316370955446939,UP,0.6186179518699646,0.3813820481300354
300,3,0.05,1.0,0.7,0.0,3.0,0.630861093411091,0.630978522611736,UP,0.6897757649421692,0.3102242350578308
200,3,0.05,1.0,0.7,0.0,3.0,0.630861093411091,0.630978522611736,UP,0.6897757649421692,0.3102242350578308
100,3,0.03,0.6,1.0,0.5,3.0,0.6311497854284461,0.6282749222481255,UP,0.6138715744018555,0.38612842559814453
200,3,0.05,1.0,0.7,0.0,1.0,0.631188234847056,0.6212467493305144,UP,0.642148494720459,0.357851505279541
300,3,0.05,1.0,0.7,0.0,1.0,0.631188234847056,0.6212467493305144,UP,0.642148494720459,0.357851505279541
100,3,0.05,1.0,0.7,0.0,1.0,0.631188234847056,0.6212467493305144,UP,0.642148494720459,0.357851505279541
300,5,0.01,1.0,1.0,0.5,3.0,0.6312291282479069,0.6504143162731872,UP,0.6101093888282776,0.3898906111717224
200,3,0.03,0.6,1.0,0.0,3.0,0.6313405067450383,0.6243130263038773,UP,0.6201612949371338,0.3798387050628662
300,3,0.03,0.6,1.0,0.0,3.0,0.6313405067450383,0.6243130263038773,UP,0.6201612949371338,0.3798387050628662
100,3,0.03,0.6,1.0,0.0,3.0,0.6313405067450383,0.6243130263038773,UP,0.6201612949371338,0.3798387050628662
100,7,0.01,1.0,0.7,0.5,1.0,0.6314077286675809,0.6535258804951753,UP,0.5304837226867676,0.4695162773132324
100,7,0.01,1.0,0.7,0.0,1.0,0.6314811784565432,0.6649902686053396,UP,0.56084805727005,0.43915194272994995
100,3,0.05,1.0,0.7,0.0,3.0,0.6315566903506654,0.6295417410025407,UP,0.6836395859718323,0.3163604140281677
100,5,0.05,1.0,1.0,0.0,1.0,0.6315713988844555,0.6449000247702108,UP,0.5451855063438416,0.45481449365615845
200,5,0.05,1.0,1.0,0.0,1.0,0.6315713988844555,0.6449000247702108,UP,0.5451855063438416,0.45481449365615845
300,5,0.05,1.0,1.0,0.0,1.0,0.6315713988844555,0.6449000247702108,UP,0.5451855063438416,0.45481449365615845
300,5,0.01,1.0,1.0,0.0,1.0,0.6315764787184915,0.654758598140686,UP,0.5867885947227478,0.4132114052772522
200,3,0.03,1.0,0.7,0.5,1.0,0.631779847202949,0.626080709828086,UP,0.6273027062416077,0.37269729375839233
300,3,0.03,1.0,0.7,0.5,1.0,0.631779847202949,0.626080709828086,UP,0.6273027062416077,0.37269729375839233
300,5,0.01,1.0,1.0,0.0,3.0,0.6318475306045667,0.6363216186390452,UP,0.5871005654335022,0.4128994345664978
200,3,0.05,0.8,1.0,0.5,3.0,0.6318514212621732,0.6457225152466368,UP,0.6160763502120972,0.38392364978790283
100,3,0.05,0.8,1.0,0.5,3.0,0.6318514212621732,0.6457225152466368,UP,0.6160763502120972,0.38392364978790283
300,3,0.05,0.8,1.0,0.5,3.0,0.6318514212621732,0.6457225152466368,UP,0.6160763502120972,0.38392364978790283
300,3,0.03,0.6,1.0,0.5,1.0,0.6319237996825973,0.6196491674886944,UP,0.6180679202079773,0.3819320797920227
200,3,0.03,0.6,1.0,0.5,1.0,0.6319237996825973,0.6196491674886944,UP,0.6180679202079773,0.3819320797920227
100,3,0.03,0.6,1.0,0.5,1.0,0.6319237996825973,0.6196491674886944,UP,0.6180679202079773,0.3819320797920227
100,3,0.03,1.0,0.7,0.5,1.0,0.6319421215033783,0.6255705057464533,UP,0.6273027062416077,0.37269729375839233
200,5,0.01,1.0,0.7,0.0,3.0,0.6322125299881631,0.6443630858567144,UP,0.6011298894882202,0.3988701105117798
100,7,0.01,0.6,0.7,0.0,3.0,0.6325064825584563,0.6572105839812796,UP,0.5722469687461853,0.4277530312538147
300,5,0.03,1.0,1.0,0.5,3.0,0.6325290981651022,0.6443291488168017,UP,0.5873209834098816,0.4126790165901184
200,5,0.03,1.0,1.0,0.5,3.0,0.6325290981651022,0.6443291488168017,UP,0.5873209834098816,0.4126790165901184
100,5,0.03,1.0,1.0,0.5,3.0,0.6325652032210913,0.6427985365719038,UP,0.5873209834098816,0.4126790165901184
200,3,0.05,0.8,1.0,0.5,1.0,0.632654487878908,0.6371780713967673,UP,0.6305404305458069,0.3694595694541931
100,3,0.05,0.8,1.0,0.5,1.0,0.632654487878908,0.6371780713967673,UP,0.6305404305458069,0.3694595694541931
300,3,0.05,0.8,1.0,0.5,1.0,0.632654487878908,0.6371780713967673,UP,0.6305404305458069,0.3694595694541931
100,5,0.01,0.6,1.0,0.0,1.0,0.6327353785340774,0.666321894611503,UP,0.5943741202354431,0.4056258797645569
200,3,0.03,1.0,1.0,0.5,1.0,0.6330414904999768,0.6270144895636977,UP,0.6227284669876099,0.37727153301239014
300,3,0.03,1.0,1.0,0.5,1.0,0.6330414904999768,0.6270144895636977,UP,0.6227284669876099,0.37727153301239014
100,5,0.05,1.0,0.7,0.5,3.0,0.6330718098668342,0.633281159393951,UP,0.5432798266410828,0.45672017335891724
200,5,0.05,1.0,0.7,0.5,3.0,0.6330718098668342,0.633281159393951,UP,0.5432798266410828,0.45672017335891724
300,5,0.05,1.0,0.7,0.5,3.0,0.6330718098668342,0.633281159393951,UP,0.5432798266410828,0.45672017335891724
300,3,0.03,1.0,1.0,0.0,1.0,0.6330773130355695,0.6219497050291941,UP,0.6358913779258728,0.3641086220741272
200,3,0.03,1.0,1.0,0.0,1.0,0.6330773130355695,0.6219497050291941,UP,0.6358913779258728,0.3641086220741272
100,7,0.01,0.6,1.0,0.0,3.0,0.6330831729190217,0.6623444499751119,UP,0.579142689704895,0.420857310295105
100,7,0.01,0.6,1.0,0.5,3.0,0.633122157724091,0.6574692492640454,UP,0.5886449813842773,0.41135501861572266
100,3,0.03,1.0,1.0,0.0,1.0,0.6331353523132122,0.6224599091108268,UP,0.6358913779258728,0.3641086220741272
200,5,0.01,1.0,1.0,0.0,1.0,0.6332276719693507,0.654758598140686,UP,0.5867885947227478,0.4132114052772522
100,3,0.05,1.0,0.7,0.5,3.0,0.6332971405011053,0.6276647917367115,UP,0.6871868371963501,0.3128131628036499
200,3,0.05,1.0,0.7,0.5,3.0,0.6332971405011053,0.6276647917367115,UP,0.6871868371963501,0.3128131628036499
300,3,0.05,1.0,0.7,0.5,3.0,0.6332971405011053,0.6276647917367115,UP,0.6871868371963501,0.3128131628036499
300,3,0.01,1.0,1.0,0.0,1.0,0.6334476117658138,0.6242666831240486,UP,0.6344811320304871,0.36551886796951294
300,3,0.05,1.0,1.0,0.0,3.0,0.6334788042070199,0.6306064435866862,UP,0.6395366787910461,0.36046332120895386
100,3,0.05,1.0,1.0,0.0,3.0,0.6334788042070199,0.6306064435866862,UP,0.6395366787910461,0.36046332120895386
200,3,0.05,1.0,1.0,0.0,3.0,0.6334788042070199,0.6306064435866862,UP,0.6395366787910461,0.36046332120895386
200,3,0.05,1.0,1.0,0.5,3.0,0.633492539192348,0.6271773133138874,UP,0.6535939574241638,0.3464060425758362
100,3,0.05,1.0,1.0,0.5,3.0,0.633492539192348,0.6271773133138874,UP,0.6535939574241638,0.3464060425758362
300,3,0.05,1.0,1.0,0.5,3.0,0.633492539192348,0.6271773133138874,UP,0.6535939574241638,0.3464060425758362
300,3,0.01,0.6,1.0,0.0,1.0,0.6334981867531269,0.6049658972083367,UP,0.6350407004356384,0.3649592995643616
300,3,0.01,1.0,0.7,0.0,1.0,0.6336077495725502,0.624636675528075,UP,0.6402095556259155,0.3597904443740845
100,3,0.03,1.0,1.0,0.5,1.0,0.6336570568253683,0.6275246936453303,UP,0.6227284669876099,0.37727153301239014
200,5,0.01,1.0,1.0,0.5,3.0,0.6337602867129736,0.6488837040282891,UP,0.6101093888282776,0.3898906111717224
100,3,0.05,1.0,1.0,0.5,1.0,0.6339150231555295,0.6184164372224921,UP,0.6469182372093201,0.35308176279067993
200,3,0.05,1.0,1.0,0.5,1.0,0.6339150231555295,0.6184164372224921,UP,0.6469182372093201,0.35308176279067993
300,3,0.05,1.0,1.0,0.5,1.0,0.6339150231555295,0.6184164372224921,UP,0.6469182372093201,0.35308176279067993
200,3,0.03,1.0,0.7,0.0,1.0,0.6339207329089548,0.6273844819677239,UP,0.5994412302970886,0.4005587697029114
100,3,0.03,1.0,0.7,0.0,1.0,0.6339207329089548,0.6273844819677239,UP,0.5994412302970886,0.4005587697029114
300,3,0.03,1.0,0.7,0.0,1.0,0.6339207329089548,0.6273844819677239,UP,0.5994412302970886,0.4005587697029114
200,3,0.05,0.6,1.0,0.5,3.0,0.6341720205221122,0.640752516313506,UP,0.5776612758636475,0.42233872413635254
300,3,0.05,0.6,1.0,0.5,3.0,0.6341720205221122,0.640752516313506,UP,0.5776612758636475,0.42233872413635254
100,3,0.05,0.6,1.0,0.5,3.0,0.6341720205221122,0.640752516313506,UP,0.5776612758636475,0.42233872413635254
200,3,0.05,1.0,1.0,0.0,1.0,0.6342063678278191,0.6224011345496988,UP,0.606152355670929,0.39384764432907104
300,3,0.05,1.0,1.0,0.0,1.0,0.6342063678278191,0.6224011345496988,UP,0.606152355670929,0.39384764432907104
100,3,0.05,1.0,1.0,0.0,1.0,0.6342063678278191,0.6224011345496988,UP,0.606152355670929,0.39384764432907104
100,7,0.01,0.8,0.7,0.0,3.0,0.6342106212006201,0.6638111215890898,UP,0.6096716523170471,0.3903283476829529
200,5,0.01,1.0,1.0,0.0,3.0,0.6343539341037,0.6383624349655758,UP,0.5871005654335022,0.4128994345664978
300,3,0.05,0.6,0.7,0.5,3.0,0.634395171532963,0.6091309526333663,UP,0.6000469923019409,0.3999530076980591
200,3,0.05,0.6,0.7,0.5,3.0,0.634395171532963,0.6091309526333663,UP,0.6000469923019409,0.3999530076980591
100,3,0.05,0.6,0.7,0.5,3.0,0.634395171532963,0.6091309526333663,UP,0.6000469923019409,0.3999530076980591
200,3,0.03,1.0,1.0,0.0,3.0,0.6344469317950131,0.6204942952790873,UP,0.636035144329071,0.36396485567092896
300,3,0.03,1.0,1.0,0.0,3.0,0.6344469317950131,0.6204942952790873,UP,0.636035144329071,0.36396485567092896
300,3,0.05,0.6,1.0,0.0,1.0,0.634507607972495,0.6103183073061016,UP,0.6021493673324585,0.3978506326675415
100,3,0.05,0.6,1.0,0.0,1.0,0.634507607972495,0.6103183073061016,UP,0.6021493673324585,0.3978506326675415
200,3,0.05,0.6,1.0,0.0,1.0,0.634507607972495,0.6103183073061016,UP,0.6021493673324585,0.3978506326675415
300,3,0.01,0.8,1.0,0.0,1.0,0.6346116749987594,0.6119994002647317,UP,0.6188399791717529,0.38116002082824707
100,7,0.01,0.6,0.7,0.5,3.0,0.6346720243989776,0.6552563960824027,UP,0.5844252705574036,0.41557472944259644
300,3,0.05,0.8,1.0,0.0,1.0,0.6347249464860362,0.6358515483569374,UP,0.6164184808731079,0.3835815191268921
200,3,0.05,0.8,1.0,0.0,1.0,0.6347249464860362,0.6358515483569374,UP,0.6164184808731079,0.3835815191268921
100,3,0.05,0.8,1.0,0.0,1.0,0.6347249464860362,0.6358515483569374,UP,0.6164184808731079,0.3835815191268921
300,3,0.01,0.8,0.7,0.0,1.0,0.6347547776789297,0.6043423551085699,UP,0.6319006681442261,0.3680993318557739
300,3,0.01,0.8,0.7,0.5,1.0,0.6349532297091367,0.5988405328489681,UP,0.6302677392959595,0.3697322607040405
300,3,0.01,0.6,1.0,0.0,3.0,0.6350464159406533,0.5967069291972465,UP,0.6349985003471375,0.36500149965286255
300,3,0.01,0.8,1.0,0.5,1.0,0.6350654657623176,0.6048484364309222,UP,0.6436618566513062,0.35633814334869385
300,3,0.01,0.6,1.0,0.5,1.0,0.6350820403745017,0.6030209981385322,UP,0.6396225690841675,0.3603774309158325
200,3,0.03,1.0,0.7,0.0,3.0,0.6351746328106728,0.6245593864122605,UP,0.6697984337806702,0.33020156621932983
300,3,0.03,1.0,0.7,0.0,3.0,0.6351746328106728,0.6245593864122605,UP,0.6697984337806702,0.33020156621932983
300,3,0.03,0.6,0.7,0.0,1.0,0.6352044096410239,0.609543203320016,UP,0.5806131958961487,0.4193868041038513
200,3,0.03,0.6,0.7,0.0,1.0,0.6352044096410239,0.609543203320016,UP,0.5806131958961487,0.4193868041038513
100,5,0.01,0.6,0.7,0.0,1.0,0.6352618580495641,0.6382252901160465,UP,0.5676930546760559,0.4323069453239441
200,3,0.03,0.6,0.7,0.5,1.0,0.6352630376911368,0.6092484386521639,UP,0.6002057790756226,0.39979422092437744
300,3,0.03,0.6,0.7,0.5,1.0,0.6352630376911368,0.6092484386521639,UP,0.6002057790756226,0.39979422092437744
100,3,0.03,0.6,0.7,0.5,1.0,0.6352630376911368,0.6092484386521639,UP,0.6002057790756226,0.39979422092437744
100,3,0.03,0.6,0.7,0.0,1.0,0.635405100491055,0.6152903297567975,UP,0.5834874510765076,0.41651254892349243
200,3,0.01,0.6,1.0,0.0,1.0,0.6354479375628854,0.6076312737037624,UP,0.6231352686882019,0.3768647313117981
300,3,0.01,1.0,1.0,0.0,3.0,0.6355828705606057,0.6286553098951944,UP,0.6297157406806946,0.3702842593193054
200,3,0.03,1.0,1.0,0.5,3.0,0.6356592101040113,0.627051581776529,UP,0.6405453681945801,0.3594546318054199
300,3,0.03,1.0,1.0,0.5,3.0,0.6356592101040113,0.627051581776529,UP,0.6405453681945801,0.3594546318054199
300,3,0.01,0.8,1.0,0.0,3.0,0.6357313280214991,0.6051782319319654,UP,0.6328787207603455,0.36712127923965454
100,7,0.01,0.8,1.0,0.0,3.0,0.635775582923989,0.661328240295277,UP,0.6116587519645691,0.3883412480354309
100,3,0.03,1.0,1.0,0.0,3.0,0.6358447708932625,0.6220249075239852,UP,0.636035144329071,0.36396485567092896
100,3,0.05,0.6,1.0,0.0,3.0,0.6358562025297961,0.625202423273767,UP,0.578791081905365,0.421208918094635
300,3,0.05,0.6,1.0,0.0,3.0,0.6358562025297961,0.625202423273767,UP,0.578791081905365,0.421208918094635
200,3,0.05,0.6,1.0,0.0,3.0,0.6358562025297961,0.625202423273767,UP,0.578791081905365,0.421208918094635
300,3,0.03,0.8,0.7,0.5,1.0,0.6359264758085802,0.6144173354791875,UP,0.5992797017097473,0.4007202982902527
200,3,0.03,0.8,0.7,0.5,1.0,0.6359264758085802,0.6144173354791875,UP,0.5992797017097473,0.4007202982902527
100,3,0.03,0.8,0.7,0.5,1.0,0.6359264758085802,0.6144173354791875,UP,0.5992797017097473,0.4007202982902527
300,3,0.01,0.6,1.0,0.5,3.0,0.6359374417151817,0.5920110937562577,UP,0.645273745059967,0.35472625494003296
200,3,0.05,0.8,0.7,0.0,3.0,0.6359742518415425,0.6176712484825722,UP,0.6377871036529541,0.3622128963470459
100,3,0.05,0.8,0.7,0.0,3.0,0.6359742518415425,0.6176712484825722,UP,0.6377871036529541,0.3622128963470459
300,3,0.05,0.8,0.7,0.0,3.0,0.6359742518415425,0.6176712484825722,UP,0.6377871036529541,0.3622128963470459
100,5,0.01,0.6,1.0,0.5,1.0,0.6359779019857252,0.6566776921029135,UP,0.6189042925834656,0.3810957074165344
100,5,0.01,1.0,0.7,0.0,1.0,0.6360041020074798,0.6594853416555857,UP,0.549392819404602,0.45060718059539795
200,3,0.01,0.8,1.0,0.0,1.0,0.6360114294781074,0.6130198084279969,UP,0.6188399791717529,0.38116002082824707
200,3,0.03,0.8,0.7,0.0,1.0,0.6360309411950429,0.610365731658517,UP,0.5920507311820984,0.4079492688179016
300,3,0.03,0.8,0.7,0.0,1.0,0.6360309411950429,0.610365731658517,UP,0.5920507311820984,0.4079492688179016
100,3,0.03,0.8,0.7,0.0,1.0,0.6360309411950429,0.610365731658517,UP,0.5920507311820984,0.4079492688179016
300,3,0.01,1.0,1.0,0.5,1.0,0.6360928154745801,0.6238410208490461,UP,0.6000925898551941,0.3999074101448059
100,7,0.01,1.0,0.7,0.0,3.0,0.6361186905836267,0.6498926862586918,UP,0.5615840554237366,0.4384159445762634
300,3,0.01,1.0,1.0,0.5,3.0,0.6363218333999039,0.621326024101819,UP,0.6437066793441772,0.35629332065582275
200,3,0.03,0.8,0.7,0.0,3.0,0.6363243668842958,0.6209642645956617,UP,0.6065291166305542,0.3934708833694458
300,3,0.03,0.8,0.7,0.0,3.0,0.6363243668842958,0.6209642645956617,UP,0.6065291166305542,0.3934708833694458
100,3,0.05,0.8,0.7,0.5,3.0,0.6363510385089546,0.6139688970626098,UP,0.6298478841781616,0.3701521158218384
300,3,0.05,0.8,0.7,0.5,3.0,0.6363510385089546,0.6139688970626098,UP,0.6298478841781616,0.3701521158218384
200,3,0.05,0.8,0.7,0.5,3.0,0.6363510385089546,0.6139688970626098,UP,0.6298478841781616,0.3701521158218384
200,3,0.03,0.8,1.0,0.5,1.0,0.6363731369980083,0.6145348214979852,UP,0.6446217894554138,0.3553782105445862
100,3,0.03,0.8,1.0,0.5,1.0,0.6363731369980083,0.6145348214979852,UP,0.6446217894554138,0.3553782105445862
300,3,0.03,0.8,1.0,0.5,1.0,0.6363731369980083,0.6145348214979852,UP,0.6446217894554138,0.3553782105445862
100,3,0.03,0.6,0.7,0.0,3.0,0.6363854971691967,0.5743018065089787,UP,0.5895572304725647,0.4104427695274353
300,3,0.03,0.6,0.7,0.0,3.0,0.6363854971691967,0.5743018065089787,UP,0.5895572304725647,0.4104427695274353
200,3,0.03,0.6,0.7,0.0,3.0,0.6363854971691967,0.5743018065089787,UP,0.5895572304725647,0.4104427695274353
200,3,0.05,0.8,0.7,0.5,1.0,0.6364205738603212,0.6254189186187511,UP,0.6114240288734436,0.3885759711265564
300,3,0.05,0.8,0.7,0.5,1.0,0.6364205738603212,0.6254189186187511,UP,0.6114240288734436,0.3885759711265564
100,3,0.05,0.8,0.7,0.5,1.0,0.6364205738603212,0.6254189186187511,UP,0.6114240288734436,0.3885759711265564
100,3,0.03,1.0,1.0,0.5,3.0,0.6364646463790494,0.6245005613683656,UP,0.6405453681945801,0.3594546318054199
100,3,0.03,1.0,0.7,0.0,3.0,0.6364974824718578,0.6245593864122605,UP,0.6697984337806702,0.33020156621932983
100,5,0.01,0.8,1.0,0.0,1.0,0.6365203325563968,0.6382304561858385,UP,0.6315653920173645,0.3684346079826355
100,3,0.03,0.8,0.7,0.0,3.0,0.6365416120813858,0.620454060514029,UP,0.6065291166305542,0.3934708833694458
300,3,0.01,0.6,0.7,0.0,3.0,0.6365664185314104,0.5999794198587762,UP,0.6067876219749451,0.39321237802505493
300,3,0.03,0.8,1.0,0.0,1.0,0.6367551463091794,0.6235256171434091,UP,0.626745343208313,0.373254656791687
200,3,0.03,0.8,1.0,0.0,1.0,0.6367551463091794,0.6235256171434091,UP,0.626745343208313,0.373254656791687
100,3,0.03,0.8,1.0,0.0,1.0,0.6367551463091794,0.6235256171434091,UP,0.626745343208313,0.373254656791687
300,3,0.01,0.6,0.7,0.0,1.0,0.6367649710200348,0.6055997714476875,UP,0.6171969771385193,0.3828030228614807
200,3,0.01,1.0,0.7,0.0,1.0,0.6368348401263391,0.6265836612189031,UP,0.6381790041923523,0.3618209958076477
100,5,0.01,0.6,0.7,0.5,1.0,0.6369800257465765,0.6439620591718604,UP,0.5900338292121887,0.4099661707878113
300,3,0.01,1.0,0.7,0.5,1.0,0.6370139534290471,0.6232421774428863,UP,0.5961440801620483,0.40385591983795166
100,3,0.05,0.8,0.7,0.0,1.0,0.6370200041769509,0.6206283101970813,UP,0.6087509989738464,0.39124900102615356
300,3,0.05,0.8,0.7,0.0,1.0,0.6370200041769509,0.6206283101970813,UP,0.6087509989738464,0.39124900102615356
200,3,0.05,0.8,0.7,0.0,1.0,0.6370200041769509,0.6206283101970813,UP,0.6087509989738464,0.39124900102615356
200,3,0.01,1.0,1.0,0.0,1.0,0.6370596814182109,0.6237564790424159,UP,0.6344811320304871,0.36551886796951294
300,3,0.01,1.0,0.7,0.0,3.0,0.6370976387281001,0.6164797836712481,UP,0.6418992280960083,0.3581007719039917
200,3,0.01,0.8,1.0,0.5,1.0,0.6371216169504292,0.6086280517253159,UP,0.6316906213760376,0.3683093786239624
200,3,0.05,0.6,1.0,0.5,1.0,0.6371357104999167,0.6148481007205238,UP,0.5733352303504944,0.4266647696495056
300,3,0.05,0.6,1.0,0.5,1.0,0.6371357104999167,0.6148481007205238,UP,0.5733352303504944,0.4266647696495056
100,3,0.05,0.6,1.0,0.5,1.0,0.6371357104999167,0.6148481007205238,UP,0.5733352303504944,0.4266647696495056
300,3,0.01,1.0,0.7,0.5,3.0,0.6371379827542436,0.6160880836775418,UP,0.6407458186149597,0.3592541813850403
200,3,0.03,1.0,0.7,0.5,3.0,0.6371819934936145,0.6212456555372359,UP,0.6411306262016296,0.35886937379837036
300,3,0.03,1.0,0.7,0.5,3.0,0.6371819934936145,0.6212456555372359,UP,0.6411306262016296,0.35886937379837036
100,5,0.01,1.0,0.7,0.5,1.0,0.6372024619013381,0.6511182016961536,UP,0.5841251015663147,0.4158748984336853
100,7,0.01,0.8,0.7,0.5,3.0,0.637235562180654,0.651338744076268,UP,0.57094407081604,0.42905592918395996
200,3,0.01,0.6,1.0,0.5,1.0,0.6372943279954649,0.6035312022201648,UP,0.6296946406364441,0.3703053593635559
300,3,0.05,0.6,0.7,0.0,1.0,0.6373582606797538,0.6150995385538572,UP,0.6046203374862671,0.3953796625137329
200,3,0.05,0.6,0.7,0.0,1.0,0.6373582606797538,0.6150995385538572,UP,0.6046203374862671,0.3953796625137329
100,3,0.05,0.6,0.7,0.0,1.0,0.6373582606797538,0.6150995385538572,UP,0.6046203374862671,0.3953796625137329
100,5,0.01,0.8,1.0,0.5,1.0,0.6374088344079173,0.6488197886387523,UP,0.622509241104126,0.377490758895874
300,3,0.01,0.6,0.7,0.5,3.0,0.6377469840511538,0.5986611675788902,UP,0.6059812307357788,0.3940187692642212
200,3,0.03,0.8,0.7,0.5,3.0,0.637890638953342,0.6082785090486994,UP,0.6009153127670288,0.3990846872329712
300,3,0.03,0.8,0.7,0.5,3.0,0.637890638953342,0.6082785090486994,UP,0.6009153127670288,0.3990846872329712
100,7,0.01,0.8,1.0,0.5,3.0,0.6379015904836404,0.6528229247964955,UP,0.6273373365402222,0.37266266345977783
200,3,0.05,0.6,0.7,0.0,3.0,0.6380050732348985,0.6249974295857956,UP,0.5468676090240479,0.45313239097595215
100,3,0.05,0.6,0.7,0.0,3.0,0.6380050732348985,0.6249974295857956,UP,0.5468676090240479,0.45313239097595215
300,3,0.05,0.6,0.7,0.0,3.0,0.6380050732348985,0.6249974295857956,UP,0.5468676090240479,0.45313239097595215
300,3,0.03,0.8,1.0,0.0,3.0,0.638087703639662,0.6079280745098712,UP,0.6271323561668396,0.3728676438331604
100,3,0.03,0.8,1.0,0.0,3.0,0.638087703639662,0.6079280745098712,UP,0.6271323561668396,0.3728676438331604
200,3,0.03,0.8,1.0,0.0,3.0,0.638087703639662,0.6079280745098712,UP,0.6271323561668396,0.3728676438331604
200,3,0.03,0.8,1.0,0.5,3.0,0.6381076500667173,0.611901396386982,UP,0.6417224407196045,0.3582775592803955
100,3,0.03,0.8,1.0,0.5,3.0,0.6381076500667173,0.611901396386982,UP,0.6417224407196045,0.3582775592803955
300,3,0.03,0.8,1.0,0.5,3.0,0.6381076500667173,0.611901396386982,UP,0.6417224407196045,0.3582775592803955
300,3,0.03,0.6,0.7,0.5,3.0,0.6381376743656454,0.5976479616236738,UP,0.5847204923629761,0.4152795076370239
200,3,0.03,0.6,0.7,0.5,3.0,0.6381376743656454,0.5976479616236738,UP,0.5847204923629761,0.4152795076370239
100,3,0.03,1.0,0.7,0.5,3.0,0.6382002017114163,0.619715043292338,UP,0.6411306262016296,0.35886937379837036
100,7,0.01,1.0,0.7,0.5,3.0,0.6382701123426788,0.6512047796410405,UP,0.5404926538467407,0.4595073461532593
300,3,0.01,0.8,0.7,0.0,3.0,0.6382776123451824,0.593280928855983,UP,0.5879644751548767,0.4120355248451233
100,3,0.03,0.8,0.7,0.5,3.0,0.6382874395367377,0.6072581008854341,UP,0.6009153127670288,0.3990846872329712
200,3,0.01,0.6,1.0,0.0,3.0,0.6383060076369278,0.5987477455237772,UP,0.6252731084823608,0.37472689151763916
300,3,0.01,0.8,1.0,0.5,3.0,0.6383436411192331,0.6037455983234337,UP,0.6023793816566467,0.39762061834335327
200,3,0.01,0.8,0.7,0.0,1.0,0.6383676597901796,0.6033219469453046,UP,0.619460940361023,0.38053905963897705
300,3,0.01,0.8,0.7,0.5,3.0,0.6384798139050627,0.5977727255746705,UP,0.591178297996521,0.408821702003479
200,3,0.01,0.6,0.7,0.0,1.0,0.6385365875208698,0.6043711765614572,UP,0.6107826232910156,0.3892173767089844
100,3,0.03,0.6,0.7,0.5,3.0,0.6386168020236153,0.5969295708190762,UP,0.5893123745918274,0.4106876254081726
200,3,0.01,0.8,0.7,0.5,1.0,0.6389889006892812,0.5983303287673354,UP,0.6190735101699829,0.3809264898300171
100,5,0.01,0.8,0.7,0.0,1.0,0.6390964554077316,0.6278596173540905,UP,0.6086903810501099,0.39130961894989014
200,3,0.01,0.6,1.0,0.5,3.0,0.6392728305861752,0.5928233151965581,UP,0.6284236311912537,0.37157636880874634
200,3,0.01,0.8,1.0,0.0,3.0,0.6392836821009038,0.6013780911860118,UP,0.6216587424278259,0.3783412575721741
200,3,0.01,1.0,1.0,0.0,3.0,0.6394006527335307,0.6301859221400924,UP,0.6297157406806946,0.3702842593193054
200,3,0.01,1.0,1.0,0.5,1.0,0.6394699107211246,0.6228206126857807,UP,0.6000925898551941,0.3999074101448059
300,3,0.01,0.6,0.7,0.5,1.0,0.6395793161066978,0.6040774552041169,UP,0.5802457928657532,0.4197542071342468
100,5,0.01,0.6,1.0,0.0,3.0,0.6397884825032967,0.6523714700346077,UP,0.6007102131843567,0.3992897868156433
200,3,0.01,0.6,0.7,0.0,3.0,0.6399505593781771,0.6000937759460386,UP,0.5992487668991089,0.4007512331008911
100,5,0.01,0.6,0.7,0.0,3.0,0.6400817496347798,0.639141535504025,UP,0.5813359618186951,0.41866403818130493
100,5,0.01,0.6,1.0,0.5,3.0,0.6401103598685316,0.6611921008941843,UP,0.6025891900062561,0.3974108099937439
100,5,0.01,0.8,0.7,0.5,1.0,0.6401454493247215,0.6232060654371084,UP,0.6115090250968933,0.3884909749031067
100,7,0.01,1.0,1.0,0.5,1.0,0.6401599759650713,0.643113776208549,UP,0.5681632161140442,0.4318367838859558
100,5,0.01,0.6,0.7,0.5,3.0,0.640243673020586,0.6358495374600639,UP,0.604063868522644,0.39593613147735596
200,3,0.01,1.0,1.0,0.5,3.0,0.640445948458911,0.626542421005408,UP,0.6438820958137512,0.3561179041862488
200,3,0.01,1.0,0.7,0.5,1.0,0.6406514437947227,0.6227319733612537,UP,0.5961440801620483,0.40385591983795166
200,3,0.01,1.0,0.7,0.0,3.0,0.6406796159332602,0.6182185826391111,UP,0.6369126439094543,0.36308735609054565
200,3,0.01,0.6,0.7,0.5,3.0,0.6407777142571178,0.5977551155028874,UP,0.5994303822517395,0.4005696177482605
200,3,0.01,0.6,0.7,0.5,1.0,0.640956853988977,0.6010162307143211,UP,0.5802457928657532,0.4197542071342468
200,3,0.01,0.8,0.7,0.0,3.0,0.641071459807936,0.5937911329376158,UP,0.5879644751548767,0.4120355248451233
200,3,0.01,1.0,0.7,0.5,3.0,0.6412094000850238,0.622324888744396,UP,0.6376504302024841,0.36234956979751587
200,3,0.01,0.8,1.0,0.5,3.0,0.6412421214977555,0.6042558024050663,UP,0.6023793816566467,0.39762061834335327
100,5,0.01,1.0,1.0,0.0,1.0,0.6413189028336468,0.6501667614059922,UP,0.5867885947227478,0.4132114052772522
100,7,0.01,1.0,1.0,0.0,1.0,0.6416354772986048,0.6378345955707766,UP,0.5944843292236328,0.4055156707763672
100,5,0.01,1.0,0.7,0.5,3.0,0.6416809532022519,0.6479416030499668,UP,0.6156002283096313,0.38439977169036865
200,3,0.01,0.8,0.7,0.5,3.0,0.6417404820080257,0.5952217051665073,UP,0.591178297996521,0.408821702003479
100,5,0.01,1.0,1.0,0.5,1.0,0.6420433751840674,0.6514531380256054,UP,0.585486888885498,0.41451311111450195
100,5,0.01,0.8,1.0,0.5,3.0,0.6423881200213332,0.6378037506003242,UP,0.6128174662590027,0.3871825337409973
100,5,0.01,0.8,1.0,0.0,3.0,0.6425756367812883,0.6420182917574094,UP,0.6259559988975525,0.3740440011024475
100,5,0.01,1.0,1.0,0.0,3.0,0.6435972822313726,0.6379572729007499,UP,0.6057206392288208,0.3942793607711792
100,5,0.01,1.0,0.7,0.0,3.0,0.6438894135685953,0.6502823501141415,UP,0.6020001769065857,0.3979998230934143
100,7,0.01,1.0,1.0,0.5,3.0,0.6447840944516416,0.6415090047793719,UP,0.5251946449279785,0.4748053550720215
100,5,0.01,0.8,0.7,0.0,3.0,0.645361908628354,0.6185895804915743,UP,0.5980550050735474,0.40194499492645264
100,5,0.01,1.0,1.0,0.5,3.0,0.6455688956341177,0.6470336536633157,UP,0.615134596824646,0.384865403175354
100,5,0.01,0.8,0.7,0.5,3.0,0.6455709389883143,0.6251457984371208,UP,0.6051104068756104,0.39488959312438965
100,3,0.01,0.6,1.0,0.0,1.0,0.646241626739439,0.6108882661559157,UP,0.6020228266716003,0.39797717332839966
100,7,0.01,1.0,1.0,0.0,3.0,0.6476034941186439,0.6309382247432195,UP,0.5172793865203857,0.48272061347961426
100,3,0.01,0.6,1.0,0.5,1.0,0.6479183693462427,0.6002412655558439,UP,0.6056820750236511,0.3943179249763489
100,3,0.01,0.8,1.0,0.0,1.0,0.6480886977876149,0.6119994002647317,UP,0.6033316850662231,0.39666831493377686
100,3,0.01,1.0,1.0,0.0,1.0,0.6481413390950859,0.6235688177710108,UP,0.6035146713256836,0.3964853286743164
100,3,0.01,0.6,0.7,0.0,1.0,0.6483970226082897,0.6080414377693887,UP,0.580619752407074,0.419380247592926
100,3,0.01,0.6,0.7,0.5,1.0,0.6488681505252623,0.6027519249920321,UP,0.5801535248756409,0.41984647512435913
100,3,0.01,1.0,1.0,0.5,1.0,0.6493259772407262,0.6187389800327195,UP,0.6000925898551941,0.3999074101448059
100,3,0.01,0.8,1.0,0.5,1.0,0.6495044362658557,0.6097988648781631,UP,0.6055799126625061,0.3944200873374939
100,3,0.01,1.0,0.7,0.0,1.0,0.6495350164512991,0.6156530820907,UP,0.5990126132965088,0.4009873867034912
100,3,0.01,1.0,0.7,0.5,1.0,0.649563340237202,0.6166095243816618,UP,0.5961440801620483,0.40385591983795166
100,3,0.01,0.8,0.7,0.0,1.0,0.6497909526987461,0.6111160990889206,UP,0.5919383764266968,0.4080616235733032
100,3,0.01,0.8,0.7,0.5,1.0,0.6502570517928974,0.6019284921706278,UP,0.5869715213775635,0.4130284786224365
100,3,0.01,0.6,0.7,0.0,3.0,0.6509533581530718,0.6050864626759029,UP,0.572407066822052,0.427592933177948
100,3,0.01,0.6,1.0,0.0,3.0,0.6511005884687385,0.6033085353569518,UP,0.5982182621955872,0.40178173780441284
100,3,0.01,1.0,1.0,0.0,3.0,0.6516634839391952,0.6283831320585425,UP,0.6012170910835266,0.3987829089164734
100,3,0.01,0.6,0.7,0.5,3.0,0.6516729147569519,0.5991981064923867,UP,0.573864758014679,0.42613524198532104
100,3,0.01,0.6,1.0,0.5,3.0,0.6518179148966454,0.5975985011330015,UP,0.5949839949607849,0.4050160050392151
100,3,0.01,1.0,0.7,0.0,3.0,0.6524138397938757,0.6160746216064221,UP,0.6011613011360168,0.39883869886398315
100,3,0.01,0.8,0.7,0.0,3.0,0.6527262773374864,0.59838797167311,UP,0.5835580825805664,0.4164419174194336
100,3,0.01,1.0,1.0,0.5,3.0,0.6529940655482853,0.6252560443857946,UP,0.6004269123077393,0.39957308769226074
100,3,0.01,1.0,0.7,0.5,3.0,0.6530665208043477,0.6164013124173134,UP,0.6008822917938232,0.39911770820617676
100,3,0.01,0.8,0.7,0.5,3.0,0.6533580099319063,0.6006276606521498,UP,0.5834707617759705,0.41652923822402954
100,3,0.01,0.8,1.0,0.0,3.0,0.6534774461987485,0.603874434550944,UP,0.6029843688011169,0.39701563119888306
100,3,0.01,0.8,1.0,0.5,3.0,0.6536418995465378,0.6017109913772068,UP,0.5948154926300049,0.4051845073699951
