n_estimators,max_depth,learning_rate,subsample,colsample_bytree,reg_alpha,reg_lambda,avg_logloss,avg_accuracy,prediction,up_prob,down_prob
200,7,0.05,0.6,0.7,0.5,3.0,0.6699373126029968,0.6095722477384562,UP,0.7124851942062378,0.2875148057937622
100,7,0.05,0.6,0.7,0.5,3.0,0.6699373126029968,0.6095722477384562,UP,0.7124851942062378,0.2875148057937622
300,7,0.05,0.6,0.7,0.5,3.0,0.6699373126029968,0.6095722477384562,UP,0.7124851942062378,0.2875148057937622
200,7,0.05,0.6,0.7,0.0,3.0,0.672551691532135,0.5993488227923635,UP,0.6603637933731079,0.3396362066268921
100,7,0.05,0.6,0.7,0.0,3.0,0.672551691532135,0.5993488227923635,UP,0.6603637933731079,0.3396362066268921
300,7,0.05,0.6,0.7,0.0,3.0,0.672551691532135,0.5993488227923635,UP,0.6603637933731079,0.3396362066268921
300,7,0.05,1.0,0.7,0.5,1.0,0.673716738820076,0.5796986330276435,UP,0.5231395363807678,0.4768604636192322
200,7,0.05,1.0,0.7,0.5,1.0,0.673716738820076,0.5796986330276435,UP,0.5231395363807678,0.4768604636192322
100,7,0.05,1.0,0.7,0.5,1.0,0.673716738820076,0.5796986330276435,UP,0.5231395363807678,0.4768604636192322
200,7,0.03,0.8,1.0,0.0,3.0,0.6740497946739197,0.5856396553575172,UP,0.5589462518692017,0.44105374813079834
300,7,0.03,0.8,1.0,0.0,3.0,0.6740497946739197,0.5856396553575172,UP,0.5589462518692017,0.44105374813079834
100,7,0.03,0.8,1.0,0.0,3.0,0.6740497946739197,0.5856396553575172,UP,0.5589462518692017,0.44105374813079834
100,7,0.05,1.0,0.7,0.5,3.0,0.674408033490181,0.5898798249324961,UP,0.5486770272254944,0.4513229727745056
300,7,0.05,1.0,0.7,0.5,3.0,0.674408033490181,0.5898798249324961,UP,0.5486770272254944,0.4513229727745056
200,7,0.05,1.0,0.7,0.5,3.0,0.674408033490181,0.5898798249324961,UP,0.5486770272254944,0.4513229727745056
300,5,0.05,0.8,1.0,0.0,1.0,0.6745710521936417,0.6052535816681592,UP,0.6202534437179565,0.37974655628204346
100,5,0.05,0.8,1.0,0.0,1.0,0.6745710521936417,0.6052535816681592,UP,0.6202534437179565,0.37974655628204346
200,5,0.05,0.8,1.0,0.0,1.0,0.6745710521936417,0.6052535816681592,UP,0.6202534437179565,0.37974655628204346
300,7,0.03,0.6,0.7,0.5,3.0,0.6747506707906723,0.5792823100644799,UP,0.6350740194320679,0.36492598056793213
200,7,0.03,0.6,0.7,0.5,3.0,0.6747506707906723,0.5792823100644799,UP,0.6350740194320679,0.36492598056793213
100,7,0.03,0.6,0.7,0.5,3.0,0.6747506707906723,0.5792823100644799,UP,0.6350740194320679,0.36492598056793213
100,7,0.03,0.6,0.7,0.5,1.0,0.6752755343914032,0.5812643013471158,UP,0.5079293251037598,0.49207067489624023
300,7,0.03,0.6,0.7,0.5,1.0,0.6752755343914032,0.5812643013471158,UP,0.5079293251037598,0.49207067489624023
200,7,0.03,0.6,0.7,0.5,1.0,0.6752755343914032,0.5812643013471158,UP,0.5079293251037598,0.49207067489624023
100,7,0.03,0.8,0.7,0.5,3.0,0.6756481230258942,0.5947786557852746,UP,0.5124216079711914,0.4875783920288086
200,7,0.03,0.8,0.7,0.5,3.0,0.6756481230258942,0.5947786557852746,UP,0.5124216079711914,0.4875783920288086
300,7,0.03,0.8,0.7,0.5,3.0,0.6756481230258942,0.5947786557852746,UP,0.5124216079711914,0.4875783920288086
100,7,0.03,0.8,0.7,0.5,1.0,0.6757454127073288,0.5864651495585619,UP,0.5839757323265076,0.41602426767349243
200,7,0.03,0.8,0.7,0.5,1.0,0.6757454127073288,0.5864651495585619,UP,0.5839757323265076,0.41602426767349243
300,7,0.03,0.8,0.7,0.5,1.0,0.6757454127073288,0.5864651495585619,UP,0.5839757323265076,0.41602426767349243
300,3,0.05,0.8,0.7,0.0,1.0,0.6760841608047485,0.5776816866359664,UP,0.591745913028717,0.40825408697128296
100,3,0.05,0.8,0.7,0.0,1.0,0.6760841608047485,0.5776816866359664,UP,0.591745913028717,0.40825408697128296
200,3,0.05,0.8,0.7,0.0,1.0,0.6760841608047485,0.5776816866359664,UP,0.591745913028717,0.40825408697128296
100,5,0.03,0.6,0.7,0.5,3.0,0.6761435121297836,0.5834349719702852,UP,0.5716008543968201,0.42839914560317993
300,5,0.03,0.6,0.7,0.5,3.0,0.6761435121297836,0.5834349719702852,UP,0.5716008543968201,0.42839914560317993
200,5,0.03,0.6,0.7,0.5,3.0,0.6761435121297836,0.5834349719702852,UP,0.5716008543968201,0.42839914560317993
100,5,0.05,0.6,0.7,0.5,3.0,0.6761637628078461,0.5862322641419898,UP,0.6097305417060852,0.3902694582939148
300,5,0.05,0.6,0.7,0.5,3.0,0.6761637628078461,0.5862322641419898,UP,0.6097305417060852,0.3902694582939148
200,5,0.05,0.6,0.7,0.5,3.0,0.6761637628078461,0.5862322641419898,UP,0.6097305417060852,0.3902694582939148
200,7,0.05,0.8,0.7,0.0,3.0,0.6768181324005127,0.5750173534510524,UP,0.5703110098838806,0.4296889901161194
100,7,0.05,0.8,0.7,0.0,3.0,0.6768181324005127,0.5750173534510524,UP,0.5703110098838806,0.4296889901161194
300,7,0.05,0.8,0.7,0.0,3.0,0.6768181324005127,0.5750173534510524,UP,0.5703110098838806,0.4296889901161194
300,7,0.03,0.8,1.0,0.0,1.0,0.6770005524158478,0.5717303321665084,UP,0.6112290024757385,0.3887709975242615
100,7,0.03,0.8,1.0,0.0,1.0,0.6770005524158478,0.5717303321665084,UP,0.6112290024757385,0.3887709975242615
200,7,0.03,0.8,1.0,0.0,1.0,0.6770005524158478,0.5717303321665084,UP,0.6112290024757385,0.3887709975242615
200,5,0.03,0.8,0.7,0.0,3.0,0.6771675944328308,0.5812189383743405,UP,0.6158793568611145,0.3841206431388855
300,5,0.03,0.8,0.7,0.0,3.0,0.6771675944328308,0.5812189383743405,UP,0.6158793568611145,0.3841206431388855
100,5,0.03,0.8,0.7,0.0,3.0,0.6771675944328308,0.5812189383743405,UP,0.6158793568611145,0.3841206431388855
200,7,0.01,0.8,0.7,0.0,3.0,0.6773164570331573,0.5786783258299114,UP,0.5725102424621582,0.4274897575378418
300,7,0.01,0.8,0.7,0.0,3.0,0.6773164570331573,0.5786783258299114,UP,0.5725102424621582,0.4274897575378418
200,7,0.05,0.6,1.0,0.0,1.0,0.6773504316806793,0.549073885231132,UP,0.5342786312103271,0.46572136878967285
100,7,0.05,0.6,1.0,0.0,1.0,0.6773504316806793,0.549073885231132,UP,0.5342786312103271,0.46572136878967285
300,7,0.05,0.6,1.0,0.0,1.0,0.6773504316806793,0.549073885231132,UP,0.5342786312103271,0.46572136878967285
100,7,0.03,0.6,0.7,0.0,3.0,0.6774883717298508,0.5841482976706243,UP,0.5456864237785339,0.45431357622146606
200,7,0.03,0.6,0.7,0.0,3.0,0.6774883717298508,0.5841482976706243,UP,0.5456864237785339,0.45431357622146606
300,7,0.03,0.6,0.7,0.0,3.0,0.6774883717298508,0.5841482976706243,UP,0.5456864237785339,0.45431357622146606
300,7,0.01,0.8,1.0,0.5,3.0,0.6775950789451599,0.5806459505585245,UP,0.5276241898536682,0.4723758101463318
200,7,0.01,0.8,1.0,0.5,3.0,0.6775950789451599,0.5806459505585245,UP,0.5276241898536682,0.4723758101463318
300,7,0.05,0.6,1.0,0.0,3.0,0.6776187717914581,0.5401047088305465,UP,0.5117239952087402,0.48827600479125977
100,7,0.05,0.6,1.0,0.0,3.0,0.6776187717914581,0.5401047088305465,UP,0.5117239952087402,0.48827600479125977
200,7,0.05,0.6,1.0,0.0,3.0,0.6776187717914581,0.5401047088305465,UP,0.5117239952087402,0.48827600479125977
100,7,0.05,0.8,0.7,0.5,3.0,0.6776787638664246,0.5694763523575956,UP,0.5510179996490479,0.44898200035095215
200,7,0.05,0.8,0.7,0.5,3.0,0.6776787638664246,0.5694763523575956,UP,0.5510179996490479,0.44898200035095215
300,7,0.05,0.8,0.7,0.5,3.0,0.6776787638664246,0.5694763523575956,UP,0.5510179996490479,0.44898200035095215
100,7,0.01,0.6,1.0,0.0,1.0,0.6777011603116989,0.5862312713142448,UP,0.5786438584327698,0.4213561415672302
300,7,0.01,0.6,1.0,0.0,1.0,0.6777011603116989,0.5862312713142448,UP,0.5786438584327698,0.4213561415672302
200,7,0.01,0.6,1.0,0.0,1.0,0.6777011603116989,0.5862312713142448,UP,0.5786438584327698,0.4213561415672302
100,5,0.05,0.6,0.7,0.5,1.0,0.6777139157056808,0.5752399445901153,UP,0.6444706916809082,0.3555293083190918
300,5,0.05,0.6,0.7,0.5,1.0,0.6777139157056808,0.5752399445901153,UP,0.6444706916809082,0.3555293083190918
200,5,0.05,0.6,0.7,0.5,1.0,0.6777139157056808,0.5752399445901153,UP,0.6444706916809082,0.3555293083190918
300,5,0.05,0.6,0.7,0.0,3.0,0.6777716875076294,0.5681147732431913,UP,0.5592824220657349,0.44071757793426514
100,5,0.05,0.6,0.7,0.0,3.0,0.6777716875076294,0.5681147732431913,UP,0.5592824220657349,0.44071757793426514
200,5,0.05,0.6,0.7,0.0,3.0,0.6777716875076294,0.5681147732431913,UP,0.5592824220657349,0.44071757793426514
100,7,0.01,0.8,1.0,0.5,3.0,0.6778490394353867,0.5806459505585245,UP,0.5276241898536682,0.4723758101463318
300,7,0.03,0.6,1.0,0.0,3.0,0.6779297441244125,0.5801068997826212,UP,0.5320179462432861,0.46798205375671387
100,7,0.03,0.6,1.0,0.0,3.0,0.6779297441244125,0.5801068997826212,UP,0.5320179462432861,0.46798205375671387
200,7,0.03,0.6,1.0,0.0,3.0,0.6779297441244125,0.5801068997826212,UP,0.5320179462432861,0.46798205375671387
300,5,0.01,0.6,0.7,0.0,1.0,0.6779986172914505,0.5835091816373311,UP,0.6145614981651306,0.3854385018348694
200,5,0.01,0.6,0.7,0.0,1.0,0.6779986172914505,0.5835091816373311,UP,0.6145614981651306,0.3854385018348694
100,5,0.05,0.6,0.7,0.0,1.0,0.6780725419521332,0.57577496095158,UP,0.5271429419517517,0.4728570580482483
300,5,0.05,0.6,0.7,0.0,1.0,0.6780725419521332,0.57577496095158,UP,0.5271429419517517,0.4728570580482483
200,5,0.05,0.6,0.7,0.0,1.0,0.6780725419521332,0.57577496095158,UP,0.5271429419517517,0.4728570580482483
200,5,0.03,0.6,0.7,0.0,3.0,0.678080141544342,0.5752646685251056,UP,0.5976483821868896,0.40235161781311035
100,5,0.03,0.6,0.7,0.0,3.0,0.678080141544342,0.5752646685251056,UP,0.5976483821868896,0.40235161781311035
300,5,0.03,0.6,0.7,0.0,3.0,0.678080141544342,0.5752646685251056,UP,0.5976483821868896,0.40235161781311035
300,5,0.03,0.8,0.7,0.5,1.0,0.6781230121850967,0.5742328849117444,UP,0.5584667921066284,0.4415332078933716
100,5,0.03,0.8,0.7,0.5,1.0,0.6781230121850967,0.5742328849117444,UP,0.5584667921066284,0.4415332078933716
200,5,0.03,0.8,0.7,0.5,1.0,0.6781230121850967,0.5742328849117444,UP,0.5584667921066284,0.4415332078933716
300,7,0.03,0.8,0.7,0.0,3.0,0.6782607734203339,0.5798975814043027,UP,0.5343055725097656,0.4656944274902344
200,7,0.03,0.8,0.7,0.0,3.0,0.6782607734203339,0.5798975814043027,UP,0.5343055725097656,0.4656944274902344
100,7,0.03,0.8,0.7,0.0,3.0,0.6782607734203339,0.5798975814043027,UP,0.5343055725097656,0.4656944274902344
200,7,0.05,0.8,1.0,0.0,3.0,0.6783491522073746,0.5809509464004273,UP,0.5896947979927063,0.4103052020072937
100,7,0.05,0.8,1.0,0.0,3.0,0.6783491522073746,0.5809509464004273,UP,0.5896947979927063,0.4103052020072937
300,7,0.05,0.8,1.0,0.0,3.0,0.6783491522073746,0.5809509464004273,UP,0.5896947979927063,0.4103052020072937
300,7,0.01,0.8,1.0,0.0,3.0,0.6783944964408875,0.5774714385333611,UP,0.5356799960136414,0.46432000398635864
200,7,0.01,0.8,1.0,0.0,3.0,0.6783944964408875,0.5774714385333611,UP,0.5356799960136414,0.46432000398635864
200,7,0.03,0.6,1.0,0.5,1.0,0.6783957034349442,0.5739051507903414,UP,0.5801929831504822,0.4198070168495178
300,7,0.03,0.6,1.0,0.5,1.0,0.6783957034349442,0.5739051507903414,UP,0.5801929831504822,0.4198070168495178
100,7,0.03,0.6,1.0,0.5,1.0,0.6783957034349442,0.5739051507903414,UP,0.5801929831504822,0.4198070168495178
100,7,0.03,0.8,1.0,0.5,1.0,0.6784749776124954,0.5781691398174071,UP,0.630095362663269,0.36990463733673096
300,7,0.03,0.8,1.0,0.5,1.0,0.6784749776124954,0.5781691398174071,UP,0.630095362663269,0.36990463733673096
200,7,0.03,0.8,1.0,0.5,1.0,0.6784749776124954,0.5781691398174071,UP,0.630095362663269,0.36990463733673096
200,7,0.03,0.8,1.0,0.5,3.0,0.6785057187080383,0.5855129057510304,UP,0.578515350818634,0.42148464918136597
300,7,0.03,0.8,1.0,0.5,3.0,0.6785057187080383,0.5855129057510304,UP,0.578515350818634,0.42148464918136597
100,7,0.03,0.8,1.0,0.5,3.0,0.6785057187080383,0.5855129057510304,UP,0.578515350818634,0.42148464918136597
200,5,0.03,0.8,0.7,0.5,3.0,0.6785231232643127,0.5791070423122991,UP,0.5702227354049683,0.42977726459503174
300,5,0.03,0.8,0.7,0.5,3.0,0.6785231232643127,0.5791070423122991,UP,0.5702227354049683,0.42977726459503174
100,5,0.03,0.8,0.7,0.5,3.0,0.6785231232643127,0.5791070423122991,UP,0.5702227354049683,0.42977726459503174
100,7,0.01,0.8,1.0,0.0,3.0,0.6785278171300888,0.580520219021166,UP,0.5356799960136414,0.46432000398635864
200,7,0.01,0.6,1.0,0.5,1.0,0.6786530762910843,0.5818837837910606,UP,0.599830687046051,0.400169312953949
300,7,0.01,0.6,1.0,0.5,1.0,0.6786530762910843,0.5818837837910606,UP,0.599830687046051,0.400169312953949
100,7,0.01,0.6,1.0,0.5,1.0,0.6787196546792984,0.5826021745956583,UP,0.6000876426696777,0.39991235733032227
300,3,0.05,0.8,0.7,0.5,1.0,0.6787948161363602,0.5795306684490449,UP,0.592293918132782,0.407706081867218
100,3,0.05,0.8,0.7,0.5,1.0,0.6787948161363602,0.5795306684490449,UP,0.592293918132782,0.407706081867218
200,3,0.05,0.8,0.7,0.5,1.0,0.6787948161363602,0.5795306684490449,UP,0.592293918132782,0.407706081867218
300,7,0.05,0.6,1.0,0.5,1.0,0.678860604763031,0.5767055224108146,UP,0.508263111114502,0.49173688888549805
200,7,0.05,0.6,1.0,0.5,1.0,0.678860604763031,0.5767055224108146,UP,0.508263111114502,0.49173688888549805
100,7,0.05,0.6,1.0,0.5,1.0,0.678860604763031,0.5767055224108146,UP,0.508263111114502,0.49173688888549805
100,5,0.05,0.8,0.7,0.5,3.0,0.6788860410451889,0.578460774553724,UP,0.6162529587745667,0.38374704122543335
300,5,0.05,0.8,0.7,0.5,3.0,0.6788860410451889,0.578460774553724,UP,0.6162529587745667,0.38374704122543335
200,5,0.05,0.8,0.7,0.5,3.0,0.6788860410451889,0.578460774553724,UP,0.6162529587745667,0.38374704122543335
300,5,0.01,0.6,0.7,0.0,3.0,0.6789826899766922,0.565700910305249,UP,0.5976011753082275,0.40239882469177246
200,5,0.01,0.6,0.7,0.0,3.0,0.6789826899766922,0.565700910305249,UP,0.5976011753082275,0.40239882469177246
200,7,0.03,1.0,0.7,0.0,1.0,0.678990513086319,0.5789772132570437,UP,0.5797025561332703,0.42029744386672974
100,7,0.03,1.0,0.7,0.0,1.0,0.678990513086319,0.5789772132570437,UP,0.5797025561332703,0.42029744386672974
300,7,0.03,1.0,0.7,0.0,1.0,0.678990513086319,0.5789772132570437,UP,0.5797025561332703,0.42029744386672974
200,7,0.03,0.6,1.0,0.5,3.0,0.6789916753768921,0.5664749962222063,UP,0.5486499071121216,0.4513500928878784
300,7,0.03,0.6,1.0,0.5,3.0,0.6789916753768921,0.5664749962222063,UP,0.5486499071121216,0.4513500928878784
100,7,0.03,0.6,1.0,0.5,3.0,0.6789916753768921,0.5664749962222063,UP,0.5486499071121216,0.4513500928878784
100,7,0.05,0.6,1.0,0.5,3.0,0.6792450547218323,0.539380108645645,UP,0.5129116177558899,0.4870883822441101
200,7,0.05,0.6,1.0,0.5,3.0,0.6792450547218323,0.539380108645645,UP,0.5129116177558899,0.4870883822441101
300,7,0.05,0.6,1.0,0.5,3.0,0.6792450547218323,0.539380108645645,UP,0.5129116177558899,0.4870883822441101
100,5,0.01,0.6,0.7,0.0,1.0,0.6793130934238434,0.5799172276143426,UP,0.6102765202522278,0.3897234797477722
100,5,0.03,0.8,0.7,0.0,1.0,0.6794314682483673,0.578424700410021,UP,0.6049752831459045,0.39502471685409546
200,5,0.03,0.8,0.7,0.0,1.0,0.6794314682483673,0.578424700410021,UP,0.6049752831459045,0.39502471685409546
300,5,0.03,0.8,0.7,0.0,1.0,0.6794314682483673,0.578424700410021,UP,0.6049752831459045,0.39502471685409546
100,7,0.03,0.6,0.7,0.0,1.0,0.6794443726539612,0.5718438090122508,UP,0.5640172958374023,0.43598270416259766
200,7,0.03,0.6,0.7,0.0,1.0,0.6794443726539612,0.5718438090122508,UP,0.5640172958374023,0.43598270416259766
300,7,0.03,0.6,0.7,0.0,1.0,0.6794443726539612,0.5718438090122508,UP,0.5640172958374023,0.43598270416259766
100,7,0.01,1.0,0.7,0.5,1.0,0.6794648468494415,0.5815786491215494,UP,0.5917350053787231,0.40826499462127686
200,7,0.01,1.0,0.7,0.5,1.0,0.6794648468494415,0.5815786491215494,UP,0.5917350053787231,0.40826499462127686
300,7,0.01,1.0,0.7,0.5,1.0,0.6794648468494415,0.5815786491215494,UP,0.5917350053787231,0.40826499462127686
300,5,0.01,0.8,1.0,0.5,3.0,0.6795155704021454,0.576800472081179,UP,0.5653849840164185,0.43461501598358154
200,5,0.01,0.8,1.0,0.5,3.0,0.6795155704021454,0.576800472081179,UP,0.5653849840164185,0.43461501598358154
200,5,0.05,0.8,0.7,0.0,3.0,0.6795551776885986,0.5762294320587781,UP,0.6297816038131714,0.3702183961868286
300,5,0.05,0.8,0.7,0.0,3.0,0.6795551776885986,0.5762294320587781,UP,0.6297816038131714,0.3702183961868286
100,5,0.05,0.8,0.7,0.0,3.0,0.6795551776885986,0.5762294320587781,UP,0.6297816038131714,0.3702183961868286
100,3,0.05,0.8,0.7,0.0,3.0,0.679585799574852,0.5723601467500373,UP,0.5851131677627563,0.41488683223724365
300,3,0.05,0.8,0.7,0.0,3.0,0.679585799574852,0.5723601467500373,UP,0.5851131677627563,0.41488683223724365
200,3,0.05,0.8,0.7,0.0,3.0,0.679585799574852,0.5723601467500373,UP,0.5851131677627563,0.41488683223724365
200,5,0.05,0.8,1.0,0.0,3.0,0.679638996720314,0.5784144818566619,UP,0.5735170841217041,0.4264829158782959
100,5,0.05,0.8,1.0,0.0,3.0,0.679638996720314,0.5784144818566619,UP,0.5735170841217041,0.4264829158782959
300,5,0.05,0.8,1.0,0.0,3.0,0.679638996720314,0.5784144818566619,UP,0.5735170841217041,0.4264829158782959
300,7,0.01,0.6,0.7,0.0,1.0,0.6796621382236481,0.5777558710616291,UP,0.6159257888793945,0.38407421112060547
200,7,0.01,0.6,0.7,0.0,1.0,0.6796621382236481,0.5777558710616291,UP,0.6159257888793945,0.38407421112060547
100,5,0.01,0.8,1.0,0.5,3.0,0.6796782463788986,0.5763799506345851,UP,0.5662932991981506,0.43370670080184937
300,5,0.01,0.6,1.0,0.0,1.0,0.679795503616333,0.5721551656827575,UP,0.5802068710327148,0.41979312896728516
200,5,0.01,0.6,1.0,0.0,1.0,0.679795503616333,0.5721551656827575,UP,0.5802068710327148,0.41979312896728516
200,3,0.05,0.8,0.7,0.5,3.0,0.6798167824745178,0.548747068213324,UP,0.5530281662940979,0.4469718337059021
100,3,0.05,0.8,0.7,0.5,3.0,0.6798167824745178,0.548747068213324,UP,0.5530281662940979,0.4469718337059021
300,3,0.05,0.8,0.7,0.5,3.0,0.6798167824745178,0.548747068213324,UP,0.5530281662940979,0.4469718337059021
100,7,0.05,0.8,1.0,0.0,1.0,0.6798192709684372,0.5622014785729262,UP,0.6809355020523071,0.31906449794769287
300,7,0.05,0.8,1.0,0.0,1.0,0.6798192709684372,0.5622014785729262,UP,0.6809355020523071,0.31906449794769287
200,7,0.05,0.8,1.0,0.0,1.0,0.6798192709684372,0.5622014785729262,UP,0.6809355020523071,0.31906449794769287
300,7,0.01,0.8,0.7,0.0,1.0,0.6798314154148102,0.5717077705766915,UP,0.5973647236824036,0.40263527631759644
200,7,0.01,0.8,0.7,0.0,1.0,0.6798314154148102,0.5717077705766915,UP,0.5973647236824036,0.40263527631759644
100,7,0.01,0.8,0.7,0.0,3.0,0.6798444092273712,0.5786783258299114,UP,0.5782801508903503,0.42171984910964966
200,7,0.05,1.0,0.7,0.0,3.0,0.6798821091651917,0.5542683852346657,UP,0.5204461812973022,0.47955381870269775
300,7,0.05,1.0,0.7,0.0,3.0,0.6798821091651917,0.5542683852346657,UP,0.5204461812973022,0.47955381870269775
100,7,0.05,1.0,0.7,0.0,3.0,0.6798821091651917,0.5542683852346657,UP,0.5204461812973022,0.47955381870269775
100,5,0.01,0.6,1.0,0.0,1.0,0.679915577173233,0.5772364664957657,UP,0.5802068710327148,0.41979312896728516
300,3,0.03,0.8,0.7,0.0,3.0,0.6799704432487488,0.5753306074322075,UP,0.5364122986793518,0.4635877013206482
200,3,0.03,0.8,0.7,0.0,3.0,0.6799704432487488,0.5753306074322075,UP,0.5364122986793518,0.4635877013206482
100,3,0.03,0.8,0.7,0.0,3.0,0.6799704432487488,0.5753306074322075,UP,0.5364122986793518,0.4635877013206482
100,7,0.01,0.6,1.0,0.5,3.0,0.6800070405006409,0.5667944343422819,UP,0.5563786625862122,0.44362133741378784
300,7,0.01,0.6,1.0,0.5,3.0,0.6800070405006409,0.5667944343422819,UP,0.5563786625862122,0.44362133741378784
200,7,0.01,0.6,1.0,0.5,3.0,0.6800070405006409,0.5667944343422819,UP,0.5563786625862122,0.44362133741378784
200,5,0.01,0.8,1.0,0.0,3.0,0.6801052242517471,0.5742845708510486,UP,0.5525355339050293,0.4474644660949707
300,5,0.01,0.8,1.0,0.0,3.0,0.6801052242517471,0.5742845708510486,UP,0.5525355339050293,0.4474644660949707
100,7,0.05,0.6,0.7,0.5,1.0,0.680208832025528,0.5764087720874724,UP,0.6625456213951111,0.3374543786048889
200,7,0.05,0.6,0.7,0.5,1.0,0.680208832025528,0.5764087720874724,UP,0.6625456213951111,0.3374543786048889
300,7,0.05,0.6,0.7,0.5,1.0,0.680208832025528,0.5764087720874724,UP,0.6625456213951111,0.3374543786048889
200,3,0.05,0.6,0.7,0.5,1.0,0.6802169531583786,0.5480586305169671,UP,0.5362600684165955,0.46373993158340454
300,3,0.05,0.6,0.7,0.5,1.0,0.6802169531583786,0.5480586305169671,UP,0.5362600684165955,0.46373993158340454
100,3,0.05,0.6,0.7,0.5,1.0,0.6802169531583786,0.5480586305169671,UP,0.5362600684165955,0.46373993158340454
100,5,0.01,0.8,1.0,0.0,3.0,0.6802551746368408,0.5742845708510486,UP,0.5525355339050293,0.4474644660949707
300,7,0.01,0.6,1.0,0.0,3.0,0.6803847849369049,0.5743577119661994,UP,0.5703982710838318,0.4296017289161682
200,7,0.01,0.6,1.0,0.0,3.0,0.6803847849369049,0.5743577119661994,UP,0.5703982710838318,0.4296017289161682
100,5,0.01,0.6,0.7,0.0,3.0,0.6803914457559586,0.5628273470868582,UP,0.5917254090309143,0.4082745909690857
100,7,0.01,0.6,1.0,0.0,3.0,0.6803992092609406,0.5678921947248201,UP,0.5578120350837708,0.44218796491622925
200,7,0.01,0.8,0.7,0.5,3.0,0.6804098933935165,0.5730899508668059,UP,0.5786834359169006,0.42131656408309937
300,7,0.01,0.8,0.7,0.5,3.0,0.6804098933935165,0.5730899508668059,UP,0.5786834359169006,0.42131656408309937
300,7,0.01,1.0,0.7,0.0,1.0,0.6804392039775848,0.5800017694209727,UP,0.5854489803314209,0.4145510196685791
100,7,0.01,1.0,0.7,0.0,1.0,0.6804392039775848,0.5800017694209727,UP,0.5854489803314209,0.4145510196685791
200,7,0.01,1.0,0.7,0.0,1.0,0.6804392039775848,0.5800017694209727,UP,0.5854489803314209,0.4145510196685791
200,7,0.01,0.6,0.7,0.5,1.0,0.6804797649383545,0.5700659069346831,UP,0.6039134860038757,0.39608651399612427
300,7,0.01,0.6,0.7,0.5,1.0,0.6804797649383545,0.5700659069346831,UP,0.6039134860038757,0.39608651399612427
200,5,0.01,0.8,0.7,0.0,3.0,0.6805354058742523,0.5668037484127377,UP,0.5475438833236694,0.45245611667633057
300,5,0.01,0.8,0.7,0.0,3.0,0.6805354058742523,0.5668037484127377,UP,0.5475438833236694,0.45245611667633057
200,7,0.05,0.8,1.0,0.5,3.0,0.6805461198091507,0.5773404652020606,UP,0.5683111548423767,0.4316888451576233
100,7,0.05,0.8,1.0,0.5,3.0,0.6805461198091507,0.5773404652020606,UP,0.5683111548423767,0.4316888451576233
300,7,0.05,0.8,1.0,0.5,3.0,0.6805461198091507,0.5773404652020606,UP,0.5683111548423767,0.4316888451576233
300,5,0.01,0.6,0.7,0.5,1.0,0.680558830499649,0.5742690095382139,UP,0.6054462790489197,0.3945537209510803
200,5,0.01,0.6,0.7,0.5,1.0,0.680558830499649,0.5742690095382139,UP,0.6054462790489197,0.3945537209510803
100,5,0.01,0.6,0.7,0.5,1.0,0.680558830499649,0.5742690095382139,UP,0.6054462790489197,0.3945537209510803
300,7,0.03,1.0,0.7,0.0,3.0,0.6805681139230728,0.5559011241165936,UP,0.5264737010002136,0.4735262989997864
200,7,0.03,1.0,0.7,0.0,3.0,0.6805681139230728,0.5559011241165936,UP,0.5264737010002136,0.4735262989997864
100,7,0.03,1.0,0.7,0.0,3.0,0.6805681139230728,0.5559011241165936,UP,0.5264737010002136,0.4735262989997864
100,7,0.03,1.0,0.7,0.5,3.0,0.6805847883224487,0.5752347911410148,UP,0.5980965495109558,0.4019034504890442
200,7,0.03,1.0,0.7,0.5,3.0,0.6805847883224487,0.5752347911410148,UP,0.5980965495109558,0.4019034504890442
300,7,0.03,1.0,0.7,0.5,3.0,0.6805847883224487,0.5752347911410148,UP,0.5980965495109558,0.4019034504890442
200,3,0.03,0.8,0.7,0.5,3.0,0.6806455105543137,0.5644331113437806,UP,0.5656833648681641,0.43431663513183594
300,3,0.03,0.8,0.7,0.5,3.0,0.6806455105543137,0.5644331113437806,UP,0.5656833648681641,0.43431663513183594
100,3,0.03,0.8,0.7,0.5,3.0,0.6806455105543137,0.5644331113437806,UP,0.5656833648681641,0.43431663513183594
100,5,0.05,0.8,0.7,0.5,1.0,0.6807035505771637,0.5659935883520776,UP,0.549770176410675,0.45022982358932495
200,5,0.05,0.8,0.7,0.5,1.0,0.6807035505771637,0.5659935883520776,UP,0.549770176410675,0.45022982358932495
300,5,0.05,0.8,0.7,0.5,1.0,0.6807035505771637,0.5659935883520776,UP,0.549770176410675,0.45022982358932495
300,7,0.01,0.8,1.0,0.5,1.0,0.68071348965168,0.5817735126010034,UP,0.5242075324058533,0.47579246759414673
200,7,0.01,0.8,1.0,0.5,1.0,0.68071348965168,0.5817735126010034,UP,0.5242075324058533,0.47579246759414673
100,7,0.01,0.8,1.0,0.5,1.0,0.68071348965168,0.5817735126010034,UP,0.5242075324058533,0.47579246759414673
300,5,0.01,0.6,0.7,0.5,3.0,0.6807794868946075,0.5674438320323925,UP,0.61481112241745,0.38518887758255005
200,5,0.01,0.6,0.7,0.5,3.0,0.6807794868946075,0.5674438320323925,UP,0.61481112241745,0.38518887758255005
200,5,0.01,0.6,1.0,0.5,1.0,0.6809356361627579,0.5630654616766807,UP,0.5702412724494934,0.4297587275505066
300,5,0.01,0.6,1.0,0.5,1.0,0.6809356361627579,0.5630654616766807,UP,0.5702412724494934,0.4297587275505066
100,3,0.03,0.8,0.7,0.5,1.0,0.6809374094009399,0.5816373731999107,UP,0.5866318345069885,0.4133681654930115
200,3,0.03,0.8,0.7,0.5,1.0,0.6809374094009399,0.5816373731999107,UP,0.5866318345069885,0.4133681654930115
300,3,0.03,0.8,0.7,0.5,1.0,0.6809374094009399,0.5816373731999107,UP,0.5866318345069885,0.4133681654930115
300,3,0.03,0.6,0.7,0.0,1.0,0.6809689849615097,0.5618986324555053,UP,0.6148860454559326,0.3851139545440674
200,3,0.03,0.6,0.7,0.0,1.0,0.6809689849615097,0.5618986324555053,UP,0.6148860454559326,0.3851139545440674
100,3,0.03,0.6,0.7,0.0,1.0,0.6809689849615097,0.5618986324555053,UP,0.6148860454559326,0.3851139545440674
100,3,0.03,0.6,0.7,0.5,1.0,0.6809864640235901,0.5622387600961327,UP,0.618600606918335,0.38139939308166504
300,3,0.03,0.6,0.7,0.5,1.0,0.6809864640235901,0.5622387600961327,UP,0.618600606918335,0.38139939308166504
200,3,0.03,0.6,0.7,0.5,1.0,0.6809864640235901,0.5622387600961327,UP,0.618600606918335,0.38139939308166504
100,7,0.01,0.6,0.7,0.0,1.0,0.6810983270406723,0.5684167906018589,UP,0.602148711681366,0.39785128831863403
200,3,0.05,0.6,0.7,0.0,1.0,0.6811192631721497,0.5507898954367281,UP,0.5173367857933044,0.48266321420669556
300,3,0.05,0.6,0.7,0.0,1.0,0.6811192631721497,0.5507898954367281,UP,0.5173367857933044,0.48266321420669556
100,3,0.05,0.6,0.7,0.0,1.0,0.6811192631721497,0.5507898954367281,UP,0.5173367857933044,0.48266321420669556
100,5,0.01,0.6,1.0,0.5,1.0,0.6811568289995193,0.5590004210262742,UP,0.5702412724494934,0.4297587275505066
200,5,0.05,0.8,1.0,0.5,3.0,0.6812201589345932,0.5766251790876148,UP,0.521881639957428,0.478118360042572
100,5,0.05,0.8,1.0,0.5,3.0,0.6812201589345932,0.5766251790876148,UP,0.521881639957428,0.478118360042572
300,5,0.05,0.8,1.0,0.5,3.0,0.6812201589345932,0.5766251790876148,UP,0.521881639957428,0.478118360042572
100,7,0.05,0.8,0.7,0.5,1.0,0.6812574565410614,0.568427009155218,UP,0.5130757689476013,0.4869242310523987
200,7,0.05,0.8,0.7,0.5,1.0,0.6812574565410614,0.568427009155218,UP,0.5130757689476013,0.4869242310523987
300,7,0.05,0.8,0.7,0.5,1.0,0.6812574565410614,0.568427009155218,UP,0.5130757689476013,0.4869242310523987
300,3,0.03,0.8,1.0,0.0,3.0,0.6812859922647476,0.5614967139084397,UP,0.516219437122345,0.48378056287765503
200,3,0.03,0.8,1.0,0.0,3.0,0.6812859922647476,0.5614967139084397,UP,0.516219437122345,0.48378056287765503
100,3,0.03,0.8,1.0,0.0,3.0,0.6812859922647476,0.5614967139084397,UP,0.516219437122345,0.48378056287765503
100,7,0.01,0.8,0.7,0.5,3.0,0.6813109815120697,0.5716531692576106,UP,0.5830710530281067,0.4169289469718933
200,5,0.01,0.6,1.0,0.0,3.0,0.6813300102949142,0.5655793015271711,UP,0.56382155418396,0.43617844581604004
300,5,0.01,0.6,1.0,0.0,3.0,0.6813300102949142,0.5655793015271711,UP,0.56382155418396,0.43617844581604004
100,5,0.01,0.6,1.0,0.0,3.0,0.6813300102949142,0.5655793015271711,UP,0.56382155418396,0.43617844581604004
300,7,0.03,1.0,1.0,0.0,3.0,0.6813459098339081,0.546028095847254,UP,0.5636892318725586,0.4363107681274414
100,7,0.03,1.0,1.0,0.0,3.0,0.6813459098339081,0.546028095847254,UP,0.5636892318725586,0.4363107681274414
200,7,0.03,1.0,1.0,0.0,3.0,0.6813459098339081,0.546028095847254,UP,0.5636892318725586,0.4363107681274414
100,5,0.01,0.8,0.7,0.0,3.0,0.6813531816005707,0.565787488250136,UP,0.5475438833236694,0.45245611667633057
200,5,0.01,0.8,0.7,0.0,1.0,0.6814335286617279,0.5689238899933395,UP,0.5371554493904114,0.4628445506095886
300,5,0.01,0.8,0.7,0.0,1.0,0.6814335286617279,0.5689238899933395,UP,0.5371554493904114,0.4628445506095886
100,7,0.01,0.8,0.7,0.0,1.0,0.6814863085746765,0.5649443839773084,UP,0.6132320165634155,0.3867679834365845
100,7,0.01,0.6,0.7,0.5,1.0,0.6815076917409897,0.5664739529116946,UP,0.6013169288635254,0.3986830711364746
300,5,0.01,0.8,0.7,0.5,3.0,0.6816432476043701,0.567351069948585,UP,0.5615204572677612,0.43847954273223877
200,5,0.01,0.8,0.7,0.5,3.0,0.6816432476043701,0.567351069948585,UP,0.5615204572677612,0.43847954273223877
200,7,0.03,0.6,1.0,0.0,1.0,0.681686595082283,0.5611164146062125,UP,0.6362860202789307,0.36371397972106934
100,7,0.03,0.6,1.0,0.0,1.0,0.681686595082283,0.5611164146062125,UP,0.6362860202789307,0.36371397972106934
300,7,0.03,0.6,1.0,0.0,1.0,0.681686595082283,0.5611164146062125,UP,0.6362860202789307,0.36371397972106934
100,7,0.05,1.0,1.0,0.5,3.0,0.6816949844360352,0.5618172332011021,UP,0.5073806047439575,0.4926193952560425
200,7,0.05,1.0,1.0,0.5,3.0,0.6816949844360352,0.5618172332011021,UP,0.5073806047439575,0.4926193952560425
300,7,0.05,1.0,1.0,0.5,3.0,0.6816949844360352,0.5618172332011021,UP,0.5073806047439575,0.4926193952560425
200,7,0.03,1.0,0.7,0.5,1.0,0.6817033439874649,0.551204245365093,UP,0.5556321144104004,0.4443678855895996
300,7,0.03,1.0,0.7,0.5,1.0,0.6817033439874649,0.551204245365093,UP,0.5556321144104004,0.4443678855895996
100,7,0.03,1.0,0.7,0.5,1.0,0.6817033439874649,0.551204245365093,UP,0.5556321144104004,0.4443678855895996
300,3,0.01,0.6,0.7,0.0,1.0,0.6817283481359482,0.5642476755210074,UP,0.5617462396621704,0.4382537603378296
200,3,0.01,0.6,0.7,0.0,1.0,0.6817283481359482,0.5642476755210074,UP,0.5617462396621704,0.4382537603378296
300,5,0.01,0.8,0.7,0.5,1.0,0.6817559003829956,0.5732723451028856,UP,0.5615836381912231,0.43841636180877686
200,5,0.01,0.8,0.7,0.5,1.0,0.6817559003829956,0.5732723451028856,UP,0.5615836381912231,0.43841636180877686
200,7,0.03,0.8,0.7,0.0,1.0,0.6818186342716217,0.5684476734343864,UP,0.5704807639122009,0.4295192360877991
100,7,0.03,0.8,0.7,0.0,1.0,0.6818186342716217,0.5684476734343864,UP,0.5704807639122009,0.4295192360877991
300,7,0.03,0.8,0.7,0.0,1.0,0.6818186342716217,0.5684476734343864,UP,0.5704807639122009,0.4295192360877991
100,3,0.05,0.6,1.0,0.5,1.0,0.6818472743034363,0.5588941968713474,UP,0.6337635517120361,0.36623644828796387
300,3,0.05,0.6,1.0,0.5,1.0,0.6818472743034363,0.5588941968713474,UP,0.6337635517120361,0.36623644828796387
200,3,0.05,0.6,1.0,0.5,1.0,0.6818472743034363,0.5588941968713474,UP,0.6337635517120361,0.36623644828796387
100,5,0.01,0.8,0.7,0.5,3.0,0.6818691492080688,0.5683673301111867,UP,0.5615204572677612,0.43847954273223877
100,7,0.05,0.8,0.7,0.0,1.0,0.681877851486206,0.5721652832705832,UP,0.5222731828689575,0.4777268171310425
300,7,0.05,0.8,0.7,0.0,1.0,0.681877851486206,0.5721652832705832,UP,0.5222731828689575,0.4777268171310425
200,7,0.05,0.8,0.7,0.0,1.0,0.681877851486206,0.5721652832705832,UP,0.5222731828689575,0.4777268171310425
100,5,0.01,0.6,0.7,0.5,3.0,0.6818831264972687,0.5645702688140017,UP,0.6019991040229797,0.39800089597702026
200,7,0.05,1.0,1.0,0.0,1.0,0.6819390207529068,0.5442944124664164,UP,0.5781273245811462,0.42187267541885376
100,7,0.05,1.0,1.0,0.0,1.0,0.6819390207529068,0.5442944124664164,UP,0.5781273245811462,0.42187267541885376
300,7,0.05,1.0,1.0,0.0,1.0,0.6819390207529068,0.5442944124664164,UP,0.5781273245811462,0.42187267541885376
200,5,0.01,0.8,1.0,0.5,1.0,0.6819830387830734,0.5661771268642023,UP,0.562404215335846,0.43759578466415405
300,5,0.01,0.8,1.0,0.5,1.0,0.6819830387830734,0.5661771268642023,UP,0.562404215335846,0.43759578466415405
100,3,0.03,0.6,0.7,0.0,3.0,0.6819883584976196,0.5742947894044077,UP,0.6303160786628723,0.3696839213371277
200,3,0.03,0.6,0.7,0.0,3.0,0.6819883584976196,0.5742947894044077,UP,0.6303160786628723,0.3696839213371277
300,3,0.03,0.6,0.7,0.0,3.0,0.6819883584976196,0.5742947894044077,UP,0.6303160786628723,0.3696839213371277
200,3,0.03,0.6,1.0,0.0,1.0,0.6820168346166611,0.5527802079620747,UP,0.5799652338027954,0.4200347661972046
100,3,0.03,0.6,1.0,0.0,1.0,0.6820168346166611,0.5527802079620747,UP,0.5799652338027954,0.4200347661972046
300,3,0.03,0.6,1.0,0.0,1.0,0.6820168346166611,0.5527802079620747,UP,0.5799652338027954,0.4200347661972046
100,7,0.01,0.8,1.0,0.0,1.0,0.6820974200963974,0.5569513844225663,UP,0.5720232129096985,0.4279767870903015
200,7,0.01,0.8,1.0,0.0,1.0,0.6820974200963974,0.5569513844225663,UP,0.5720232129096985,0.4279767870903015
300,7,0.01,0.8,1.0,0.0,1.0,0.6820974200963974,0.5569513844225663,UP,0.5720232129096985,0.4279767870903015
100,5,0.01,0.8,0.7,0.5,1.0,0.6821058988571167,0.5681910442898774,UP,0.5615836381912231,0.43841636180877686
300,7,0.05,0.6,0.7,0.0,1.0,0.6821230351924896,0.5727044476327117,UP,0.5213316679000854,0.47866833209991455
200,7,0.05,0.6,0.7,0.0,1.0,0.6821230351924896,0.5727044476327117,UP,0.5213316679000854,0.47866833209991455
100,7,0.05,0.6,0.7,0.0,1.0,0.6821230351924896,0.5727044476327117,UP,0.5213316679000854,0.47866833209991455
200,3,0.05,0.8,1.0,0.5,1.0,0.6821705996990204,0.5476503132792225,UP,0.5325325131416321,0.4674674868583679
300,3,0.05,0.8,1.0,0.5,1.0,0.6821705996990204,0.5476503132792225,UP,0.5325325131416321,0.4674674868583679
100,3,0.05,0.8,1.0,0.5,1.0,0.6821705996990204,0.5476503132792225,UP,0.5325325131416321,0.4674674868583679
200,7,0.01,0.6,0.7,0.5,3.0,0.68220055103302,0.5684466806066413,UP,0.6024425029754639,0.39755749702453613
300,7,0.01,0.6,0.7,0.5,3.0,0.68220055103302,0.5684466806066413,UP,0.6024425029754639,0.39755749702453613
100,3,0.01,0.6,0.7,0.0,1.0,0.682227835059166,0.5622151551958041,UP,0.5617462396621704,0.4382537603378296
200,5,0.01,0.6,1.0,0.5,3.0,0.6822350174188614,0.5508167059927419,UP,0.563751220703125,0.436248779296875
100,5,0.01,0.6,1.0,0.5,3.0,0.6822350174188614,0.5508167059927419,UP,0.563751220703125,0.436248779296875
300,5,0.01,0.6,1.0,0.5,3.0,0.6822350174188614,0.5508167059927419,UP,0.563751220703125,0.436248779296875
100,5,0.01,0.8,1.0,0.5,1.0,0.6822364032268524,0.5682096471894056,UP,0.562404215335846,0.43759578466415405
300,5,0.03,0.8,1.0,0.0,3.0,0.6822456419467926,0.5674222127875541,UP,0.6094759106636047,0.39052408933639526
100,5,0.03,0.8,1.0,0.0,3.0,0.6822456419467926,0.5674222127875541,UP,0.6094759106636047,0.39052408933639526
200,5,0.03,0.8,1.0,0.0,3.0,0.6822456419467926,0.5674222127875541,UP,0.6094759106636047,0.39052408933639526
200,7,0.01,0.8,0.7,0.5,1.0,0.6822482198476791,0.5590055492339914,UP,0.5569536089897156,0.4430463910102844
300,7,0.01,0.8,0.7,0.5,1.0,0.6822482198476791,0.5590055492339914,UP,0.5569536089897156,0.4430463910102844
300,7,0.01,0.6,0.7,0.0,3.0,0.6822587102651596,0.5699721267817471,UP,0.6041279435157776,0.3958720564842224
200,7,0.01,0.6,0.7,0.0,3.0,0.6822587102651596,0.5699721267817471,UP,0.6041279435157776,0.3958720564842224
300,5,0.03,0.8,1.0,0.5,1.0,0.6823132783174515,0.5619471506011993,UP,0.6149418950080872,0.38505810499191284
100,5,0.03,0.8,1.0,0.5,1.0,0.6823132783174515,0.5619471506011993,UP,0.6149418950080872,0.38505810499191284
200,5,0.03,0.8,1.0,0.5,1.0,0.6823132783174515,0.5619471506011993,UP,0.6149418950080872,0.38505810499191284
200,3,0.03,0.8,0.7,0.0,1.0,0.6823237538337708,0.5648556941700145,UP,0.5553554892539978,0.4446445107460022
100,3,0.03,0.8,0.7,0.0,1.0,0.6823237538337708,0.5648556941700145,UP,0.5553554892539978,0.4446445107460022
300,3,0.03,0.8,0.7,0.0,1.0,0.6823237538337708,0.5648556941700145,UP,0.5553554892539978,0.4446445107460022
200,3,0.01,0.8,0.7,0.0,3.0,0.6823261380195618,0.5626211712607667,UP,0.5394660234451294,0.4605339765548706
300,3,0.01,0.8,0.7,0.0,3.0,0.6823261380195618,0.5626211712607667,UP,0.5394660234451294,0.4605339765548706
300,5,0.05,0.8,1.0,0.5,1.0,0.6823993921279907,0.5665656969263736,UP,0.5764116644859314,0.4235883355140686
200,5,0.05,0.8,1.0,0.5,1.0,0.6823993921279907,0.5665656969263736,UP,0.5764116644859314,0.4235883355140686
100,5,0.05,0.8,1.0,0.5,1.0,0.6823993921279907,0.5665656969263736,UP,0.5764116644859314,0.4235883355140686
300,3,0.01,0.8,0.7,0.5,3.0,0.6824095845222473,0.5597496694220161,UP,0.542993426322937,0.457006573677063
200,3,0.01,0.8,0.7,0.5,3.0,0.6824095845222473,0.5597496694220161,UP,0.542993426322937,0.457006573677063
100,5,0.01,0.8,0.7,0.0,1.0,0.682413712143898,0.5658751095055347,UP,0.5371554493904114,0.4628445506095886
200,7,0.01,1.0,0.7,0.0,3.0,0.6824340671300888,0.5709295619004541,UP,0.6100931167602539,0.3899068832397461
300,7,0.01,1.0,0.7,0.0,3.0,0.6824340671300888,0.5709295619004541,UP,0.6100931167602539,0.3899068832397461
100,7,0.01,1.0,0.7,0.0,3.0,0.6824340671300888,0.5709295619004541,UP,0.6100931167602539,0.3899068832397461
200,5,0.03,0.8,1.0,0.5,3.0,0.6824803352355957,0.5729456542919944,UP,0.6307499408721924,0.3692500591278076
100,5,0.03,0.8,1.0,0.5,3.0,0.6824803352355957,0.5729456542919944,UP,0.6307499408721924,0.3692500591278076
300,5,0.03,0.8,1.0,0.5,3.0,0.6824803352355957,0.5729456542919944,UP,0.6307499408721924,0.3692500591278076
200,3,0.05,0.6,0.7,0.0,3.0,0.68252132833004,0.5462712881620269,UP,0.5358502864837646,0.46414971351623535
100,3,0.05,0.6,0.7,0.0,3.0,0.68252132833004,0.5462712881620269,UP,0.5358502864837646,0.46414971351623535
300,3,0.05,0.6,0.7,0.0,3.0,0.68252132833004,0.5462712881620269,UP,0.5358502864837646,0.46414971351623535
200,5,0.03,0.8,1.0,0.0,1.0,0.6825216859579086,0.5547745296604765,UP,0.6024043560028076,0.3975956439971924
300,5,0.03,0.8,1.0,0.0,1.0,0.6825216859579086,0.5547745296604765,UP,0.6024043560028076,0.3975956439971924
100,5,0.03,0.8,1.0,0.0,1.0,0.6825216859579086,0.5547745296604765,UP,0.6024043560028076,0.3975956439971924
200,3,0.01,0.8,0.7,0.5,1.0,0.6825635582208633,0.5643908783025405,UP,0.5401445031166077,0.45985549688339233
300,3,0.01,0.8,0.7,0.5,1.0,0.6825635582208633,0.5643908783025405,UP,0.5401445031166077,0.45985549688339233
300,3,0.03,0.8,1.0,0.5,3.0,0.6825657486915588,0.5688311657716072,UP,0.5109598636627197,0.4890401363372803
100,3,0.03,0.8,1.0,0.5,3.0,0.6825657486915588,0.5688311657716072,UP,0.5109598636627197,0.4890401363372803
200,3,0.03,0.8,1.0,0.5,3.0,0.6825657486915588,0.5688311657716072,UP,0.5109598636627197,0.4890401363372803
200,3,0.01,0.8,0.7,0.0,1.0,0.6826657503843307,0.5588931788022189,UP,0.5457396507263184,0.45426034927368164
300,3,0.01,0.8,0.7,0.0,1.0,0.6826657503843307,0.5588931788022189,UP,0.5457396507263184,0.45426034927368164
100,7,0.01,0.8,0.7,0.5,1.0,0.6826754808425903,0.5582871584293936,UP,0.5491313338279724,0.4508686661720276
200,5,0.03,0.6,1.0,0.0,1.0,0.6826828271150589,0.5309728475073796,UP,0.5204145908355713,0.4795854091644287
300,5,0.03,0.6,1.0,0.0,1.0,0.6826828271150589,0.5309728475073796,UP,0.5204145908355713,0.4795854091644287
100,5,0.03,0.6,1.0,0.0,1.0,0.6826828271150589,0.5309728475073796,UP,0.5204145908355713,0.4795854091644287
200,5,0.03,0.6,1.0,0.0,3.0,0.6826892346143723,0.5319994650509487,UP,0.5199594497680664,0.4800405502319336
100,5,0.03,0.6,1.0,0.0,3.0,0.6826892346143723,0.5319994650509487,UP,0.5199594497680664,0.4800405502319336
300,5,0.03,0.6,1.0,0.0,3.0,0.6826892346143723,0.5319994650509487,UP,0.5199594497680664,0.4800405502319336
100,3,0.03,0.6,0.7,0.5,3.0,0.6827731281518936,0.5698864659404552,UP,0.5875721573829651,0.4124278426170349
200,3,0.03,0.6,0.7,0.5,3.0,0.6827731281518936,0.5698864659404552,UP,0.5875721573829651,0.4124278426170349
300,3,0.03,0.6,0.7,0.5,3.0,0.6827731281518936,0.5698864659404552,UP,0.5875721573829651,0.4124278426170349
300,7,0.01,1.0,1.0,0.5,3.0,0.682795912027359,0.5466619700866049,DOWN,0.46985989809036255,0.5301401019096375
100,7,0.01,1.0,1.0,0.5,3.0,0.682795912027359,0.5466619700866049,DOWN,0.46985989809036255,0.5301401019096375
200,7,0.01,1.0,1.0,0.5,3.0,0.682795912027359,0.5466619700866049,DOWN,0.46985989809036255,0.5301401019096375
200,3,0.01,0.8,1.0,0.0,1.0,0.6828075796365738,0.5706492016486998,UP,0.5301010012626648,0.4698989987373352
300,3,0.01,0.8,1.0,0.0,1.0,0.6828075796365738,0.5706492016486998,UP,0.5301010012626648,0.4698989987373352
100,3,0.05,0.8,1.0,0.5,3.0,0.6828287094831467,0.5621491658059355,UP,0.5358124375343323,0.4641875624656677
200,3,0.05,0.8,1.0,0.5,3.0,0.6828287094831467,0.5621491658059355,UP,0.5358124375343323,0.4641875624656677
300,3,0.05,0.8,1.0,0.5,3.0,0.6828287094831467,0.5621491658059355,UP,0.5358124375343323,0.4641875624656677
300,3,0.03,1.0,1.0,0.0,1.0,0.6828561574220657,0.5627943271505406,UP,0.5379685163497925,0.4620314836502075
200,3,0.03,1.0,1.0,0.0,1.0,0.6828561574220657,0.5627943271505406,UP,0.5379685163497925,0.4620314836502075
100,3,0.03,1.0,1.0,0.0,1.0,0.6828561574220657,0.5627943271505406,UP,0.5379685163497925,0.4620314836502075
200,5,0.03,0.6,0.7,0.0,1.0,0.6829207092523575,0.5534326598595704,UP,0.5229718089103699,0.4770281910896301
300,5,0.03,0.6,0.7,0.0,1.0,0.6829207092523575,0.5534326598595704,UP,0.5229718089103699,0.4770281910896301
100,5,0.03,0.6,0.7,0.0,1.0,0.6829207092523575,0.5534326598595704,UP,0.5229718089103699,0.4770281910896301
100,7,0.01,1.0,1.0,0.0,3.0,0.682965487241745,0.543577115455097,DOWN,0.4686075747013092,0.5313924551010132
300,7,0.01,1.0,1.0,0.0,3.0,0.682965487241745,0.543577115455097,DOWN,0.4686075747013092,0.5313924551010132
200,7,0.01,1.0,1.0,0.0,3.0,0.682965487241745,0.543577115455097,DOWN,0.4686075747013092,0.5313924551010132
100,3,0.03,0.8,1.0,0.0,1.0,0.6831459999084473,0.5666171683139194,UP,0.5659143924713135,0.4340856075286865
200,3,0.03,0.8,1.0,0.0,1.0,0.6831459999084473,0.5666171683139194,UP,0.5659143924713135,0.4340856075286865
300,3,0.03,0.8,1.0,0.0,1.0,0.6831459999084473,0.5666171683139194,UP,0.5659143924713135,0.4340856075286865
100,5,0.03,1.0,0.7,0.5,1.0,0.6831704378128052,0.5636343519745998,UP,0.5934677720069885,0.4065322279930115
300,5,0.03,1.0,0.7,0.5,1.0,0.6831704378128052,0.5636343519745998,UP,0.5934677720069885,0.4065322279930115
200,5,0.03,1.0,0.7,0.5,1.0,0.6831704378128052,0.5636343519745998,UP,0.5934677720069885,0.4065322279930115
200,7,0.05,1.0,1.0,0.0,3.0,0.6832003891468048,0.5681137173119879,DOWN,0.48146936297416687,0.5185306072235107
100,7,0.05,1.0,1.0,0.0,3.0,0.6832003891468048,0.5681137173119879,DOWN,0.48146936297416687,0.5185306072235107
300,7,0.05,1.0,1.0,0.0,3.0,0.6832003891468048,0.5681137173119879,DOWN,0.48146936297416687,0.5185306072235107
300,3,0.05,0.6,0.7,0.5,3.0,0.6832770109176636,0.5455518792883007,UP,0.5350540280342102,0.4649459719657898
200,3,0.05,0.6,0.7,0.5,3.0,0.6832770109176636,0.5455518792883007,UP,0.5350540280342102,0.4649459719657898
100,3,0.05,0.6,0.7,0.5,3.0,0.6832770109176636,0.5455518792883007,UP,0.5350540280342102,0.4649459719657898
200,5,0.03,1.0,0.7,0.0,1.0,0.683280736207962,0.5689671663450915,UP,0.5980556011199951,0.4019443988800049
300,5,0.03,1.0,0.7,0.0,1.0,0.683280736207962,0.5689671663450915,UP,0.5980556011199951,0.4019443988800049
100,5,0.03,1.0,0.7,0.0,1.0,0.683280736207962,0.5689671663450915,UP,0.5980556011199951,0.4019443988800049
100,7,0.03,1.0,1.0,0.0,1.0,0.6833125948905945,0.5344915846910674,DOWN,0.4064721167087555,0.5935279130935669
200,7,0.03,1.0,1.0,0.0,1.0,0.6833125948905945,0.5344915846910674,DOWN,0.4064721167087555,0.5935279130935669
300,7,0.03,1.0,1.0,0.0,1.0,0.6833125948905945,0.5344915846910674,DOWN,0.4064721167087555,0.5935279130935669
100,5,0.03,0.6,1.0,0.5,1.0,0.6833330690860748,0.5299524393441144,UP,0.5202206373214722,0.47977936267852783
300,5,0.03,0.6,1.0,0.5,1.0,0.6833330690860748,0.5299524393441144,UP,0.5202206373214722,0.47977936267852783
200,5,0.03,0.6,1.0,0.5,1.0,0.6833330690860748,0.5299524393441144,UP,0.5202206373214722,0.47977936267852783
300,5,0.01,0.8,1.0,0.0,1.0,0.6833836138248444,0.5648093383694941,UP,0.5660904049873352,0.4339095950126648
200,5,0.01,0.8,1.0,0.0,1.0,0.6833836138248444,0.5648093383694941,UP,0.5660904049873352,0.4339095950126648
100,5,0.01,0.8,1.0,0.0,1.0,0.6833836138248444,0.5648093383694941,UP,0.5660904049873352,0.4339095950126648
100,7,0.01,0.6,0.7,0.0,3.0,0.6834104210138321,0.565661781954161,UP,0.6004257202148438,0.39957427978515625
100,3,0.03,0.8,1.0,0.5,1.0,0.6834225207567215,0.5674128229929482,UP,0.5260818004608154,0.47391819953918457
200,3,0.03,0.8,1.0,0.5,1.0,0.6834225207567215,0.5674128229929482,UP,0.5260818004608154,0.47391819953918457
300,3,0.03,0.8,1.0,0.5,1.0,0.6834225207567215,0.5674128229929482,UP,0.5260818004608154,0.47391819953918457
300,7,0.01,1.0,0.7,0.5,3.0,0.6834486573934555,0.560428919254834,UP,0.5951672792434692,0.40483272075653076
200,7,0.01,1.0,0.7,0.5,3.0,0.6834486573934555,0.560428919254834,UP,0.5951672792434692,0.40483272075653076
100,7,0.01,1.0,0.7,0.5,3.0,0.6834486573934555,0.560428919254834,UP,0.5951672792434692,0.40483272075653076
200,5,0.03,0.6,0.7,0.5,1.0,0.6834660172462463,0.5385999143139173,UP,0.5521719455718994,0.4478280544281006
100,5,0.03,0.6,0.7,0.5,1.0,0.6834660172462463,0.5385999143139173,UP,0.5521719455718994,0.4478280544281006
300,5,0.03,0.6,0.7,0.5,1.0,0.6834660172462463,0.5385999143139173,UP,0.5521719455718994,0.4478280544281006
100,7,0.01,1.0,1.0,0.0,1.0,0.6834952980279922,0.5335196441907293,DOWN,0.3916606903076172,0.6083393096923828
300,7,0.01,1.0,1.0,0.0,1.0,0.6834952980279922,0.5335196441907293,DOWN,0.3916606903076172,0.6083393096923828
200,7,0.01,1.0,1.0,0.0,1.0,0.6834952980279922,0.5335196441907293,DOWN,0.3916606903076172,0.6083393096923828
300,3,0.05,1.0,1.0,0.0,1.0,0.6835455894470215,0.5638446000772049,UP,0.5176852345466614,0.4823147654533386
200,3,0.05,1.0,1.0,0.0,1.0,0.6835455894470215,0.5638446000772049,UP,0.5176852345466614,0.4823147654533386
100,3,0.05,1.0,1.0,0.0,1.0,0.6835455894470215,0.5638446000772049,UP,0.5176852345466614,0.4823147654533386
100,7,0.03,1.0,1.0,0.5,3.0,0.6835793852806091,0.5319983460162871,DOWN,0.45329880714416504,0.546701192855835
200,7,0.03,1.0,1.0,0.5,3.0,0.6835793852806091,0.5319983460162871,DOWN,0.45329880714416504,0.546701192855835
300,7,0.03,1.0,1.0,0.5,3.0,0.6835793852806091,0.5319983460162871,DOWN,0.45329880714416504,0.546701192855835
200,3,0.05,0.8,1.0,0.0,1.0,0.6835941523313522,0.5568089851584032,UP,0.5273332595825195,0.47266674041748047
300,3,0.05,0.8,1.0,0.0,1.0,0.6835941523313522,0.5568089851584032,UP,0.5273332595825195,0.47266674041748047
100,3,0.05,0.8,1.0,0.0,1.0,0.6835941523313522,0.5568089851584032,UP,0.5273332595825195,0.47266674041748047
100,7,0.01,0.6,0.7,0.5,3.0,0.6835993081331253,0.5612627725606643,UP,0.5836284160614014,0.41637158393859863
100,7,0.01,1.0,1.0,0.5,1.0,0.6836049854755402,0.5347028761041843,DOWN,0.45873749256134033,0.5412625074386597
300,7,0.01,1.0,1.0,0.5,1.0,0.6836049854755402,0.5347028761041843,DOWN,0.45873749256134033,0.5412625074386597
200,7,0.01,1.0,1.0,0.5,1.0,0.6836049854755402,0.5347028761041843,DOWN,0.45873749256134033,0.5412625074386597
100,7,0.03,1.0,1.0,0.5,1.0,0.6838304549455643,0.5341535184300802,DOWN,0.42531800270080566,0.5746819972991943
300,7,0.03,1.0,1.0,0.5,1.0,0.6838304549455643,0.5341535184300802,DOWN,0.42531800270080566,0.5746819972991943
200,7,0.03,1.0,1.0,0.5,1.0,0.6838304549455643,0.5341535184300802,DOWN,0.42531800270080566,0.5746819972991943
100,3,0.01,0.8,0.7,0.5,3.0,0.6838409304618835,0.5597496694220161,UP,0.542993426322937,0.457006573677063
200,7,0.05,0.8,1.0,0.5,1.0,0.6838452219963074,0.5515070788618223,UP,0.5702657699584961,0.4297342300415039
300,7,0.05,0.8,1.0,0.5,1.0,0.6838452219963074,0.5515070788618223,UP,0.5702657699584961,0.4297342300415039
100,7,0.05,0.8,1.0,0.5,1.0,0.6838452219963074,0.5515070788618223,UP,0.5702657699584961,0.4297342300415039
300,3,0.01,0.6,0.7,0.5,1.0,0.6838454902172089,0.5572606292306662,UP,0.569240391254425,0.43075960874557495
100,3,0.01,0.6,0.7,0.5,1.0,0.6838454902172089,0.5572606292306662,UP,0.569240391254425,0.43075960874557495
200,3,0.01,0.6,0.7,0.5,1.0,0.6838454902172089,0.5572606292306662,UP,0.569240391254425,0.43075960874557495
100,3,0.01,0.8,0.7,0.0,3.0,0.6838946640491486,0.556523610285157,UP,0.5394660234451294,0.4605339765548706
200,5,0.05,0.8,0.7,0.0,1.0,0.6839569509029388,0.5634457231168329,UP,0.5265676379203796,0.47343236207962036
100,5,0.05,0.8,0.7,0.0,1.0,0.6839569509029388,0.5634457231168329,UP,0.5265676379203796,0.47343236207962036
300,5,0.05,0.8,0.7,0.0,1.0,0.6839569509029388,0.5634457231168329,UP,0.5265676379203796,0.47343236207962036
200,3,0.01,0.6,1.0,0.5,1.0,0.6840091645717621,0.560856706012935,UP,0.5523656606674194,0.44763433933258057
100,3,0.01,0.6,1.0,0.5,1.0,0.6840091645717621,0.560856706012935,UP,0.5523656606674194,0.44763433933258057
300,3,0.01,0.6,1.0,0.5,1.0,0.6840091645717621,0.560856706012935,UP,0.5523656606674194,0.44763433933258057
300,3,0.01,0.6,0.7,0.5,3.0,0.68404321372509,0.5465548035866996,UP,0.5488982200622559,0.45110177993774414
200,3,0.01,0.6,0.7,0.5,3.0,0.68404321372509,0.5465548035866996,UP,0.5488982200622559,0.45110177993774414
300,3,0.01,0.8,1.0,0.5,3.0,0.6840589493513107,0.5709224227958635,UP,0.5280484557151794,0.47195154428482056
200,3,0.01,0.8,1.0,0.5,3.0,0.6840589493513107,0.5709224227958635,UP,0.5280484557151794,0.47195154428482056
200,3,0.01,0.8,1.0,0.5,1.0,0.6841482818126678,0.5666893418427085,UP,0.5270346403121948,0.4729653596878052
300,3,0.01,0.8,1.0,0.5,1.0,0.6841482818126678,0.5666893418427085,UP,0.5270346403121948,0.4729653596878052
100,3,0.03,0.6,1.0,0.0,3.0,0.6841662228107452,0.5497108515399431,UP,0.5668720602989197,0.4331279397010803
300,3,0.03,0.6,1.0,0.0,3.0,0.6841662228107452,0.5497108515399431,UP,0.5668720602989197,0.4331279397010803
200,3,0.03,0.6,1.0,0.0,3.0,0.6841662228107452,0.5497108515399431,UP,0.5668720602989197,0.4331279397010803
100,3,0.01,0.8,0.7,0.5,1.0,0.6841749101877213,0.5613420978147357,UP,0.5401445031166077,0.45985549688339233
300,3,0.01,0.6,1.0,0.0,3.0,0.6841907948255539,0.5477020118392184,UP,0.5584338307380676,0.4415661692619324
100,3,0.01,0.6,1.0,0.0,3.0,0.6841907948255539,0.5477020118392184,UP,0.5584338307380676,0.4415661692619324
200,3,0.01,0.6,1.0,0.0,3.0,0.6841907948255539,0.5477020118392184,UP,0.5584338307380676,0.4415661692619324
300,3,0.01,0.6,1.0,0.0,1.0,0.684222474694252,0.5543077155168208,UP,0.5540644526481628,0.44593554735183716
200,3,0.01,0.6,1.0,0.0,1.0,0.684222474694252,0.5543077155168208,UP,0.5540644526481628,0.44593554735183716
100,3,0.01,0.6,1.0,0.0,1.0,0.684222474694252,0.5543077155168208,UP,0.5540644526481628,0.44593554735183716
300,3,0.05,1.0,1.0,0.0,3.0,0.6842345893383026,0.5557856363739777,UP,0.5153073072433472,0.48469269275665283
200,3,0.05,1.0,1.0,0.0,3.0,0.6842345893383026,0.5557856363739777,UP,0.5153073072433472,0.48469269275665283
100,3,0.05,1.0,1.0,0.0,3.0,0.6842345893383026,0.5557856363739777,UP,0.5153073072433472,0.48469269275665283
200,3,0.01,0.6,0.7,0.0,3.0,0.6842359900474548,0.5508228901316624,UP,0.552936851978302,0.447063148021698
300,3,0.01,0.6,0.7,0.0,3.0,0.6842359900474548,0.5508228901316624,UP,0.552936851978302,0.447063148021698
100,3,0.03,1.0,1.0,0.5,1.0,0.6843458265066147,0.5584798595636741,UP,0.5282540917396545,0.47174590826034546
300,3,0.03,1.0,1.0,0.5,1.0,0.6843458265066147,0.5584798595636741,UP,0.5282540917396545,0.47174590826034546
200,3,0.03,1.0,1.0,0.5,1.0,0.6843458265066147,0.5584798595636741,UP,0.5282540917396545,0.47174590826034546
100,3,0.05,0.6,1.0,0.0,3.0,0.684358537197113,0.553336717361461,UP,0.6073039174079895,0.3926960825920105
200,3,0.05,0.6,1.0,0.0,3.0,0.684358537197113,0.553336717361461,UP,0.6073039174079895,0.3926960825920105
300,3,0.05,0.6,1.0,0.0,3.0,0.684358537197113,0.553336717361461,UP,0.6073039174079895,0.3926960825920105
100,3,0.01,0.6,0.7,0.5,3.0,0.6843675076961517,0.5485873239119029,UP,0.5488982200622559,0.45110177993774414
100,3,0.01,0.8,0.7,0.0,1.0,0.6844013780355453,0.5558443983144141,UP,0.5457396507263184,0.45426034927368164
100,3,0.01,0.8,1.0,0.0,1.0,0.6844294965267181,0.5716654618113015,UP,0.5301010012626648,0.4698989987373352
300,3,0.05,0.6,1.0,0.0,1.0,0.6845071166753769,0.5631344295497845,UP,0.6032910943031311,0.3967089056968689
100,3,0.05,0.6,1.0,0.0,1.0,0.6845071166753769,0.5631344295497845,UP,0.6032910943031311,0.3967089056968689
200,3,0.05,0.6,1.0,0.0,1.0,0.6845071166753769,0.5631344295497845,UP,0.6032910943031311,0.3967089056968689
100,3,0.01,0.8,1.0,0.5,3.0,0.6845920532941818,0.566857382145457,UP,0.5280484557151794,0.47195154428482056
200,3,0.01,0.6,1.0,0.5,3.0,0.6846058666706085,0.549343875481227,UP,0.5582513213157654,0.4417486786842346
300,3,0.01,0.6,1.0,0.5,3.0,0.6846058666706085,0.549343875481227,UP,0.5582513213157654,0.4417486786842346
300,3,0.03,0.6,1.0,0.5,1.0,0.6846166104078293,0.5549158351313612,UP,0.5666769742965698,0.4333230257034302
100,3,0.03,0.6,1.0,0.5,1.0,0.6846166104078293,0.5549158351313612,UP,0.5666769742965698,0.4333230257034302
200,3,0.03,0.6,1.0,0.5,1.0,0.6846166104078293,0.5549158351313612,UP,0.5666769742965698,0.4333230257034302
100,3,0.01,0.8,1.0,0.5,1.0,0.6846281141042709,0.5636405613549036,UP,0.5270346403121948,0.4729653596878052
100,3,0.01,0.6,0.7,0.0,3.0,0.6846651434898376,0.5538716706194673,UP,0.552936851978302,0.447063148021698
100,3,0.01,0.6,1.0,0.5,3.0,0.6846716850996017,0.5479070938720316,UP,0.555019199848175,0.44498080015182495
300,3,0.01,0.8,1.0,0.0,3.0,0.6847053021192551,0.5668954924274167,UP,0.525550365447998,0.47444963455200195
200,3,0.01,0.8,1.0,0.0,3.0,0.6847053021192551,0.5668954924274167,UP,0.525550365447998,0.47444963455200195
300,3,0.03,1.0,0.7,0.0,3.0,0.6848361939191818,0.5590591072425606,UP,0.5173933506011963,0.4826066493988037
100,3,0.03,1.0,0.7,0.0,3.0,0.6848361939191818,0.5590591072425606,UP,0.5173933506011963,0.4826066493988037
200,3,0.03,1.0,0.7,0.0,3.0,0.6848361939191818,0.5590591072425606,UP,0.5173933506011963,0.4826066493988037
300,5,0.05,0.6,1.0,0.0,3.0,0.6849672049283981,0.5611359472300275,UP,0.534533679485321,0.46546632051467896
100,5,0.05,0.6,1.0,0.0,3.0,0.6849672049283981,0.5611359472300275,UP,0.534533679485321,0.46546632051467896
200,5,0.05,0.6,1.0,0.0,3.0,0.6849672049283981,0.5611359472300275,UP,0.534533679485321,0.46546632051467896
300,3,0.05,1.0,0.7,0.5,1.0,0.6850282549858093,0.5545900361826817,UP,0.5417854189872742,0.45821458101272583
100,3,0.05,1.0,0.7,0.5,1.0,0.6850282549858093,0.5545900361826817,UP,0.5417854189872742,0.45821458101272583
200,3,0.05,1.0,0.7,0.5,1.0,0.6850282549858093,0.5545900361826817,UP,0.5417854189872742,0.45821458101272583
100,7,0.05,1.0,1.0,0.5,1.0,0.6851218789815903,0.5403799156332003,DOWN,0.400982141494751,0.599017858505249
300,7,0.05,1.0,1.0,0.5,1.0,0.6851218789815903,0.5403799156332003,DOWN,0.400982141494751,0.599017858505249
200,7,0.05,1.0,1.0,0.5,1.0,0.6851218789815903,0.5403799156332003,DOWN,0.400982141494751,0.599017858505249
100,3,0.01,0.8,1.0,0.0,3.0,0.6852329820394516,0.5668954924274167,UP,0.525550365447998,0.47444963455200195
200,5,0.05,0.6,1.0,0.5,3.0,0.6852375715970993,0.5510619849285383,UP,0.5358582735061646,0.46414172649383545
300,5,0.05,0.6,1.0,0.5,3.0,0.6852375715970993,0.5510619849285383,UP,0.5358582735061646,0.46414172649383545
100,5,0.05,0.6,1.0,0.5,3.0,0.6852375715970993,0.5510619849285383,UP,0.5358582735061646,0.46414172649383545
200,5,0.03,1.0,0.7,0.5,3.0,0.6852600127458572,0.5486264648836827,UP,0.6069954633712769,0.39300453662872314
300,5,0.03,1.0,0.7,0.5,3.0,0.6852600127458572,0.5486264648836827,UP,0.6069954633712769,0.39300453662872314
100,5,0.03,1.0,0.7,0.5,3.0,0.6852600127458572,0.5486264648836827,UP,0.6069954633712769,0.39300453662872314
100,5,0.03,0.6,1.0,0.5,3.0,0.6852692067623138,0.5304667914264107,UP,0.5197836756706238,0.4802163243293762
300,5,0.03,0.6,1.0,0.5,3.0,0.6852692067623138,0.5304667914264107,UP,0.5197836756706238,0.4802163243293762
200,5,0.03,0.6,1.0,0.5,3.0,0.6852692067623138,0.5304667914264107,UP,0.5197836756706238,0.4802163243293762
100,3,0.05,1.0,1.0,0.5,3.0,0.6852835267782211,0.549178914627247,UP,0.5152620077133179,0.48473799228668213
200,3,0.05,1.0,1.0,0.5,3.0,0.6852835267782211,0.549178914627247,UP,0.5152620077133179,0.48473799228668213
300,3,0.05,1.0,1.0,0.5,3.0,0.6852835267782211,0.549178914627247,UP,0.5152620077133179,0.48473799228668213
300,5,0.01,1.0,1.0,0.5,3.0,0.6854597926139832,0.5307728558202086,DOWN,0.4957602322101593,0.5042397975921631
100,5,0.01,1.0,1.0,0.5,3.0,0.6854597926139832,0.5307728558202086,DOWN,0.4957602322101593,0.5042397975921631
200,5,0.01,1.0,1.0,0.5,3.0,0.6854597926139832,0.5307728558202086,DOWN,0.4957602322101593,0.5042397975921631
100,5,0.05,1.0,1.0,0.5,1.0,0.6855253726243973,0.5527626231316749,UP,0.507270872592926,0.492729127407074
200,5,0.05,1.0,1.0,0.5,1.0,0.6855253726243973,0.5527626231316749,UP,0.507270872592926,0.492729127407074
300,5,0.05,1.0,1.0,0.5,1.0,0.6855253726243973,0.5527626231316749,UP,0.507270872592926,0.492729127407074
100,5,0.03,1.0,1.0,0.5,3.0,0.685565710067749,0.5345761012563142,UP,0.5197523236274719,0.4802476763725281
300,5,0.03,1.0,1.0,0.5,3.0,0.685565710067749,0.5345761012563142,UP,0.5197523236274719,0.4802476763725281
200,5,0.03,1.0,1.0,0.5,3.0,0.685565710067749,0.5345761012563142,UP,0.5197523236274719,0.4802476763725281
300,5,0.01,1.0,0.7,0.5,3.0,0.6856168806552887,0.5537005130058752,UP,0.5703141093254089,0.42968589067459106
200,5,0.01,1.0,0.7,0.5,3.0,0.6856168806552887,0.5537005130058752,UP,0.5703141093254089,0.42968589067459106
100,5,0.01,1.0,0.7,0.5,3.0,0.6856168806552887,0.5537005130058752,UP,0.5703141093254089,0.42968589067459106
300,5,0.01,1.0,1.0,0.0,3.0,0.6856391131877899,0.5358015914523926,DOWN,0.4983832836151123,0.5016167163848877
100,5,0.01,1.0,1.0,0.0,3.0,0.6856391131877899,0.5358015914523926,DOWN,0.4983832836151123,0.5016167163848877
200,5,0.01,1.0,1.0,0.0,3.0,0.6856391131877899,0.5358015914523926,DOWN,0.4983832836151123,0.5016167163848877
200,3,0.03,0.6,1.0,0.5,3.0,0.6857348382472992,0.5578285898042985,UP,0.5941720008850098,0.40582799911499023
100,3,0.03,0.6,1.0,0.5,3.0,0.6857348382472992,0.5578285898042985,UP,0.5941720008850098,0.40582799911499023
300,3,0.03,0.6,1.0,0.5,3.0,0.6857348382472992,0.5578285898042985,UP,0.5941720008850098,0.40582799911499023
300,5,0.01,1.0,0.7,0.5,1.0,0.685838907957077,0.5534377880672875,UP,0.5652869939804077,0.4347130060195923
200,5,0.01,1.0,0.7,0.5,1.0,0.685838907957077,0.5534377880672875,UP,0.5652869939804077,0.4347130060195923
100,5,0.01,1.0,0.7,0.5,1.0,0.685838907957077,0.5534377880672875,UP,0.5652869939804077,0.4347130060195923
300,5,0.01,1.0,0.7,0.0,1.0,0.6858557611703873,0.5517000071685529,UP,0.5592118501663208,0.4407881498336792
100,5,0.01,1.0,0.7,0.0,1.0,0.6858557611703873,0.5517000071685529,UP,0.5592118501663208,0.4407881498336792
200,5,0.01,1.0,0.7,0.0,1.0,0.6858557611703873,0.5517000071685529,UP,0.5592118501663208,0.4407881498336792
300,5,0.05,1.0,0.7,0.5,1.0,0.6860587000846863,0.5542849393752455,UP,0.5543585419654846,0.4456414580345154
200,5,0.05,1.0,0.7,0.5,1.0,0.6860587000846863,0.5542849393752455,UP,0.5543585419654846,0.4456414580345154
100,5,0.05,1.0,0.7,0.5,1.0,0.6860587000846863,0.5542849393752455,UP,0.5543585419654846,0.4456414580345154
300,3,0.05,1.0,1.0,0.5,1.0,0.6860726028680801,0.5550043734903549,UP,0.5282880067825317,0.47171199321746826
200,3,0.05,1.0,1.0,0.5,1.0,0.6860726028680801,0.5550043734903549,UP,0.5282880067825317,0.47171199321746826
100,3,0.05,1.0,1.0,0.5,1.0,0.6860726028680801,0.5550043734903549,UP,0.5282880067825317,0.47171199321746826
200,5,0.05,1.0,0.7,0.0,1.0,0.6861364990472794,0.5427111719372358,UP,0.5308363437652588,0.4691636562347412
300,5,0.05,1.0,0.7,0.0,1.0,0.6861364990472794,0.5427111719372358,UP,0.5308363437652588,0.4691636562347412
100,5,0.05,1.0,0.7,0.0,1.0,0.6861364990472794,0.5427111719372358,UP,0.5308363437652588,0.4691636562347412
200,5,0.03,1.0,0.7,0.0,3.0,0.6861458122730255,0.5380217225662343,UP,0.5764890313148499,0.42351096868515015
300,5,0.03,1.0,0.7,0.0,3.0,0.6861458122730255,0.5380217225662343,UP,0.5764890313148499,0.42351096868515015
100,5,0.03,1.0,0.7,0.0,3.0,0.6861458122730255,0.5380217225662343,UP,0.5764890313148499,0.42351096868515015
100,3,0.05,0.8,1.0,0.0,3.0,0.6861514747142792,0.5451427206711112,UP,0.5438410043716431,0.45615899562835693
200,3,0.05,0.8,1.0,0.0,3.0,0.6861514747142792,0.5451427206711112,UP,0.5438410043716431,0.45615899562835693
300,3,0.05,0.8,1.0,0.0,3.0,0.6861514747142792,0.5451427206711112,UP,0.5438410043716431,0.45615899562835693
100,5,0.03,1.0,1.0,0.5,1.0,0.6861643344163895,0.5347873926694311,UP,0.5133364200592041,0.4866635799407959
200,5,0.03,1.0,1.0,0.5,1.0,0.6861643344163895,0.5347873926694311,UP,0.5133364200592041,0.4866635799407959
300,5,0.03,1.0,1.0,0.5,1.0,0.6861643344163895,0.5347873926694311,UP,0.5133364200592041,0.4866635799407959
100,5,0.05,1.0,1.0,0.5,3.0,0.686269998550415,0.5366931381467642,UP,0.5068358778953552,0.4931641221046448
200,5,0.05,1.0,1.0,0.5,3.0,0.686269998550415,0.5366931381467642,UP,0.5068358778953552,0.4931641221046448
300,5,0.05,1.0,1.0,0.5,3.0,0.686269998550415,0.5366931381467642,UP,0.5068358778953552,0.4931641221046448
100,3,0.05,1.0,0.7,0.0,1.0,0.6863075941801071,0.5550971355741624,UP,0.5330411195755005,0.4669588804244995
200,3,0.05,1.0,0.7,0.0,1.0,0.6863075941801071,0.5550971355741624,UP,0.5330411195755005,0.4669588804244995
300,3,0.05,1.0,0.7,0.0,1.0,0.6863075941801071,0.5550971355741624,UP,0.5330411195755005,0.4669588804244995
300,7,0.05,1.0,0.7,0.0,1.0,0.6863727420568466,0.5522224659418015,UP,0.562747061252594,0.437252938747406
200,7,0.05,1.0,0.7,0.0,1.0,0.6863727420568466,0.5522224659418015,UP,0.562747061252594,0.437252938747406
100,7,0.05,1.0,0.7,0.0,1.0,0.6863727420568466,0.5522224659418015,UP,0.562747061252594,0.437252938747406
100,3,0.03,1.0,1.0,0.5,3.0,0.6864167749881744,0.5530522469711181,UP,0.5124414563179016,0.4875585436820984
200,3,0.03,1.0,1.0,0.5,3.0,0.6864167749881744,0.5530522469711181,UP,0.5124414563179016,0.4875585436820984
300,3,0.03,1.0,1.0,0.5,3.0,0.6864167749881744,0.5530522469711181,UP,0.5124414563179016,0.4875585436820984
100,5,0.01,1.0,1.0,0.5,1.0,0.6864754855632782,0.531026405515949,DOWN,0.49155139923095703,0.508448600769043
200,5,0.01,1.0,1.0,0.5,1.0,0.6864754855632782,0.531026405515949,DOWN,0.49155139923095703,0.508448600769043
300,5,0.01,1.0,1.0,0.5,1.0,0.6864754855632782,0.531026405515949,DOWN,0.49155139923095703,0.508448600769043
300,5,0.01,1.0,0.7,0.0,3.0,0.6865148395299911,0.5339844852995866,UP,0.5758146047592163,0.4241853952407837
200,5,0.01,1.0,0.7,0.0,3.0,0.6865148395299911,0.5339844852995866,UP,0.5758146047592163,0.4241853952407837
100,5,0.01,1.0,0.7,0.0,3.0,0.6865148395299911,0.5339844852995866,UP,0.5758146047592163,0.4241853952407837
100,5,0.01,1.0,1.0,0.0,1.0,0.6866019368171692,0.5295896239067536,DOWN,0.4991893768310547,0.5008106231689453
300,5,0.01,1.0,1.0,0.0,1.0,0.6866019368171692,0.5295896239067536,DOWN,0.4991893768310547,0.5008106231689453
200,5,0.01,1.0,1.0,0.0,1.0,0.6866019368171692,0.5295896239067536,DOWN,0.4991893768310547,0.5008106231689453
200,3,0.05,1.0,0.7,0.0,3.0,0.6866071373224258,0.5564370323402701,UP,0.5403010249137878,0.45969897508621216
300,3,0.05,1.0,0.7,0.0,3.0,0.6866071373224258,0.5564370323402701,UP,0.5403010249137878,0.45969897508621216
100,3,0.05,1.0,0.7,0.0,3.0,0.6866071373224258,0.5564370323402701,UP,0.5403010249137878,0.45969897508621216
200,5,0.03,1.0,1.0,0.0,3.0,0.6866807192564011,0.5355903000392757,UP,0.5673185586929321,0.43268144130706787
100,5,0.03,1.0,1.0,0.0,3.0,0.6866807192564011,0.5355903000392757,UP,0.5673185586929321,0.43268144130706787
300,5,0.03,1.0,1.0,0.0,3.0,0.6866807192564011,0.5355903000392757,UP,0.5673185586929321,0.43268144130706787
100,5,0.03,1.0,1.0,0.0,1.0,0.6869681477546692,0.524265080296206,DOWN,0.48524001240730286,0.5147600173950195
200,5,0.03,1.0,1.0,0.0,1.0,0.6869681477546692,0.524265080296206,DOWN,0.48524001240730286,0.5147600173950195
300,5,0.03,1.0,1.0,0.0,1.0,0.6869681477546692,0.524265080296206,DOWN,0.48524001240730286,0.5147600173950195
100,5,0.05,0.6,1.0,0.5,1.0,0.6870949417352676,0.5237404717984755,UP,0.5233224630355835,0.4766775369644165
200,5,0.05,0.6,1.0,0.5,1.0,0.6870949417352676,0.5237404717984755,UP,0.5233224630355835,0.4766775369644165
300,5,0.05,0.6,1.0,0.5,1.0,0.6870949417352676,0.5237404717984755,UP,0.5233224630355835,0.4766775369644165
100,5,0.05,1.0,1.0,0.0,3.0,0.687151312828064,0.5376630172674621,UP,0.5356084108352661,0.4643915891647339
200,5,0.05,1.0,1.0,0.0,3.0,0.687151312828064,0.5376630172674621,UP,0.5356084108352661,0.4643915891647339
300,5,0.05,1.0,1.0,0.0,3.0,0.687151312828064,0.5376630172674621,UP,0.5356084108352661,0.4643915891647339
200,3,0.01,1.0,1.0,0.0,1.0,0.6872830092906952,0.5306038226897151,UP,0.5337868928909302,0.4662131071090698
300,3,0.01,1.0,1.0,0.0,1.0,0.6872830092906952,0.5306038226897151,UP,0.5337868928909302,0.4662131071090698
100,3,0.01,1.0,1.0,0.0,1.0,0.6872830092906952,0.5306038226897151,UP,0.5337868928909302,0.4662131071090698
100,3,0.03,1.0,1.0,0.0,3.0,0.6874574571847916,0.5207576428384642,UP,0.5273324847221375,0.47266751527786255
200,3,0.03,1.0,1.0,0.0,3.0,0.6874574571847916,0.5207576428384642,UP,0.5273324847221375,0.47266751527786255
300,3,0.03,1.0,1.0,0.0,3.0,0.6874574571847916,0.5207576428384642,UP,0.5273324847221375,0.47266751527786255
100,3,0.01,1.0,1.0,0.5,1.0,0.6875340789556503,0.5257863784706481,UP,0.522811233997345,0.47718876600265503
300,3,0.01,1.0,1.0,0.5,1.0,0.6875340789556503,0.5257863784706481,UP,0.522811233997345,0.47718876600265503
200,3,0.01,1.0,1.0,0.5,1.0,0.6875340789556503,0.5257863784706481,UP,0.522811233997345,0.47718876600265503
300,5,0.05,0.6,1.0,0.0,1.0,0.6875576674938202,0.5503693992315176,UP,0.549485981464386,0.450514018535614
100,5,0.05,0.6,1.0,0.0,1.0,0.6875576674938202,0.5503693992315176,UP,0.549485981464386,0.450514018535614
200,5,0.05,0.6,1.0,0.0,1.0,0.6875576674938202,0.5503693992315176,UP,0.549485981464386,0.450514018535614
100,5,0.05,1.0,0.7,0.5,3.0,0.6877022534608841,0.5551187800603841,UP,0.5765353441238403,0.42346465587615967
300,5,0.05,1.0,0.7,0.5,3.0,0.6877022534608841,0.5551187800603841,UP,0.5765353441238403,0.42346465587615967
200,5,0.05,1.0,0.7,0.5,3.0,0.6877022534608841,0.5551187800603841,UP,0.5765353441238403,0.42346465587615967
300,3,0.05,0.6,1.0,0.5,3.0,0.68791763484478,0.5414353167675817,UP,0.5965129733085632,0.40348702669143677
100,3,0.05,0.6,1.0,0.5,3.0,0.68791763484478,0.5414353167675817,UP,0.5965129733085632,0.40348702669143677
200,3,0.05,0.6,1.0,0.5,3.0,0.68791763484478,0.5414353167675817,UP,0.5965129733085632,0.40348702669143677
300,3,0.01,1.0,1.0,0.0,3.0,0.6879241317510605,0.5252792790791674,UP,0.5115748643875122,0.4884251356124878
100,3,0.01,1.0,1.0,0.0,3.0,0.6879241317510605,0.5252792790791674,UP,0.5115748643875122,0.4884251356124878
200,3,0.01,1.0,1.0,0.0,3.0,0.6879241317510605,0.5252792790791674,UP,0.5115748643875122,0.4884251356124878
200,3,0.01,1.0,1.0,0.5,3.0,0.6879508644342422,0.5202082851643601,UP,0.5174977779388428,0.4825022220611572
100,3,0.01,1.0,1.0,0.5,3.0,0.6879508644342422,0.5202082851643601,UP,0.5174977779388428,0.4825022220611572
300,3,0.01,1.0,1.0,0.5,3.0,0.6879508644342422,0.5202082851643601,UP,0.5174977779388428,0.4825022220611572
100,3,0.03,1.0,0.7,0.5,3.0,0.6883902847766876,0.531026405515949,UP,0.5110993385314941,0.48890066146850586
300,3,0.03,1.0,0.7,0.5,3.0,0.6883902847766876,0.531026405515949,UP,0.5110993385314941,0.48890066146850586
200,3,0.03,1.0,0.7,0.5,3.0,0.6883902847766876,0.531026405515949,UP,0.5110993385314941,0.48890066146850586
100,5,0.05,1.0,1.0,0.0,1.0,0.6884840726852417,0.5282456043813657,DOWN,0.47953641414642334,0.5204635858535767
300,5,0.05,1.0,1.0,0.0,1.0,0.6884840726852417,0.5282456043813657,DOWN,0.47953641414642334,0.5204635858535767
200,5,0.05,1.0,1.0,0.0,1.0,0.6884840726852417,0.5282456043813657,DOWN,0.47953641414642334,0.5204635858535767
100,3,0.03,1.0,0.7,0.5,1.0,0.6887025833129883,0.5253513768838065,UP,0.5366995930671692,0.4633004069328308
300,3,0.03,1.0,0.7,0.5,1.0,0.6887025833129883,0.5253513768838065,UP,0.5366995930671692,0.4633004069328308
200,3,0.03,1.0,0.7,0.5,1.0,0.6887025833129883,0.5253513768838065,UP,0.5366995930671692,0.4633004069328308
100,3,0.01,1.0,0.7,0.5,1.0,0.6887091547250748,0.5250916178077624,UP,0.5319957733154297,0.4680042266845703
300,3,0.01,1.0,0.7,0.5,1.0,0.6887091547250748,0.5250916178077624,UP,0.5319957733154297,0.4680042266845703
200,3,0.01,1.0,0.7,0.5,1.0,0.6887091547250748,0.5250916178077624,UP,0.5319957733154297,0.4680042266845703
100,3,0.01,1.0,0.7,0.0,3.0,0.6887248903512955,0.5234559635460576,UP,0.5331346988677979,0.46686530113220215
300,3,0.01,1.0,0.7,0.0,3.0,0.6887248903512955,0.5234559635460576,UP,0.5331346988677979,0.46686530113220215
200,3,0.01,1.0,0.7,0.0,3.0,0.6887248903512955,0.5234559635460576,UP,0.5331346988677979,0.46686530113220215
100,3,0.03,1.0,0.7,0.0,1.0,0.688934326171875,0.5167996803431212,UP,0.5121833086013794,0.4878166913986206
200,3,0.03,1.0,0.7,0.0,1.0,0.688934326171875,0.5167996803431212,UP,0.5121833086013794,0.4878166913986206
300,3,0.03,1.0,0.7,0.0,1.0,0.688934326171875,0.5167996803431212,UP,0.5121833086013794,0.4878166913986206
200,3,0.01,1.0,0.7,0.5,3.0,0.6889402568340302,0.5273437255474098,UP,0.5323508977890015,0.46764910221099854
100,3,0.01,1.0,0.7,0.5,3.0,0.6889402568340302,0.5273437255474098,UP,0.5323508977890015,0.46764910221099854
300,3,0.01,1.0,0.7,0.5,3.0,0.6889402568340302,0.5273437255474098,UP,0.5323508977890015,0.46764910221099854
100,3,0.01,1.0,0.7,0.0,1.0,0.6890732645988464,0.516467823462438,UP,0.5374151468276978,0.46258485317230225
200,3,0.01,1.0,0.7,0.0,1.0,0.6890732645988464,0.516467823462438,UP,0.5374151468276978,0.46258485317230225
300,3,0.01,1.0,0.7,0.0,1.0,0.6890732645988464,0.516467823462438,UP,0.5374151468276978,0.46258485317230225
300,5,0.05,1.0,0.7,0.0,3.0,0.6891978979110718,0.533181502205592,UP,0.556444525718689,0.44355547428131104
200,5,0.05,1.0,0.7,0.0,3.0,0.6891978979110718,0.533181502205592,UP,0.556444525718689,0.44355547428131104
100,5,0.05,1.0,0.7,0.0,3.0,0.6891978979110718,0.533181502205592,UP,0.556444525718689,0.44355547428131104
300,3,0.05,1.0,0.7,0.5,3.0,0.6894936114549637,0.5169543974023588,UP,0.5328834652900696,0.4671165347099304
200,3,0.05,1.0,0.7,0.5,3.0,0.6894936114549637,0.5169543974023588,UP,0.5328834652900696,0.4671165347099304
100,3,0.05,1.0,0.7,0.5,3.0,0.6894936114549637,0.5169543974023588,UP,0.5328834652900696,0.4671165347099304
