feature,importance
vix_lag3,0.03918075
vix_lag1,0.036662858
vix_lag2,0.023543958
pe_ratio,0.018125294
kc_width,0.013661253
dist_from_high_20,0.012045829
bn_rsi,0.011466825
crude_adx,0.010013866
bn_nifty_ratio,0.009914135
bn_macd,0.009725017
it_adx,0.009652141
us10y_rsi,0.0096378885
vwap_dev,0.009598111
consec_up,0.009552741
vix_pct,0.009027884
inda_macd,0.008963949
rsi_lag2,0.0087758815
infra_macd,0.008734158
month_cos,0.008363363
gold_crude_ratio,0.008181293
rel_rsi,0.008151498
dist_from_low_20,0.00813574
inda_adx,0.008067414
hdfc_macd,0.007958722
spread,0.007950998
us_vix_macd,0.007948295
intraday_trend,0.007937358
energy_macd,0.007932063
us_vix_adx,0.007865457
eem_rsi,0.007625342
rel_wr,0.0075249285
infra_adx,0.0074984906
ret_3d,0.0073158075
rsi_lag3,0.007267585
pharma_ret,0.007160583
macd_hist_lag2,0.0071147536
crude_macd,0.0071106865
ndx_macd,0.0070602316
hsi_macd,0.007051997
it_macd,0.0069857542
vix_lag5,0.006982306
itc_ret,0.0069768135
usdinr_z,0.006944229
inda_rsi,0.006907544
z20,0.006888683
ema_dist_10,0.0068063326
gold_macd,0.0067175226
bb_width,0.0066439426
sp_ret,0.006563741
energy_rsi,0.0065546455
eem_adx,0.0065431455
us10y_macd,0.0065305
copper_rsi,0.006518105
energy_adx,0.006460699
sell_pct,0.0063953646
auto_macd,0.0063521154
infra_ret,0.006312479
gold_wr,0.00627686
hsi_rsi,0.0061393282
rel_adx,0.0061248243
pharma_macd,0.0061238264
itc_macd,0.0061160335
infra_wr,0.0060823197
bn_vs_nifty,0.006028995
hdfc_adx,0.006025487
rsi_lag1,0.005984224
or_range,0.0059424043
auto_wr,0.0058867345
eem_ret,0.00586612
silver_rsi,0.005799165
nikkei_macd,0.005796016
ema_dist_50,0.0057893614
macd_hist_lag1,0.005787442
gold_rsi,0.0057807895
close_position,0.0057528215
crude_ret,0.0056774705
eem_macd,0.0056526475
macd_hist_lag3,0.00549416
auto_adx,0.0054796296
fmcg_adx,0.0054523987
itc_adx,0.005451719
icici_adx,0.005442086
pharma_rsi,0.005440378
silver_macd,0.005415169
infra_rsi,0.005376313
tcs_adx,0.0053730244
pharma_adx,0.005369535
auto_rsi,0.0053497558
roc_10,0.005341618
roc_20,0.005288776
crude_wr,0.0051173437
silver_ret,0.005103644
tcs_rsi,0.00509842
copper_macd,0.00505379
us_vix_wr,0.004932759
roc_5,0.004896386
adx,0.00487443
vix_usvix_ratio,0.004806715
atr_expansion,0.0047829063
nikkei_rsi,0.0047629047
body_pct,0.0047579
metal_adx,0.004751085
energy_wr,0.004684889
gap_pct,0.0046776896
vix_accel,0.0046746614
natgas_rsi,0.004648733
fmcg_ret,0.0046039475
eem_wr,0.004563431
hdfc_rsi,0.0044834083
rel_macd,0.0044642612
fmcg_macd,0.0044572167
vix_ma_ratio,0.0044473507
tcs_macd,0.004416655
atr_ratio,0.004401243
rsi_lag5,0.004368055
ndx_ret,0.0043641226
month_sin,0.0043330174
metal_rsi,0.0041148127
metal_macd,0.004083098
ret_20d,0.0040713176
crude_rsi,0.004038424
hdfc_wr,0.0040245727
ret_5d,0.0040119565
inda_wr,0.0039772578
natgas_macd,0.003968619
macd_hist,0.0038914871
upper_wick,0.0038281952
it_rsi,0.003794241
ndx_rsi,0.0037838554
fmcg_wr,0.0036858881
shanghai_macd,0.003669627
tcs_wr,0.0036456555
rsi_slope,0.0036431332
dxy_rsi,0.0036316547
ha_trend,0.0035365152
gold_adx,0.0035062402
dxy_macd,0.0034974783
icici_macd,0.0034093414
us_vix_rsi,0.0033224877
it_ret,0.0033206209
cmf_proxy,0.0032136932
metal_wr,0.00319776
range_pctile,0.0031905312
shanghai_rsi,0.0031699764
pharma_wr,0.0031199274
buy_pct,0.0030952268
us_vix_ret,0.0029855145
dxy_ret,0.0028291966
us10y_ret,0.002792247
natgas_ret,0.002734003
itc_wr,0.002699522
icici_rsi,0.0026131894
williams_r,0.0022214158
icici_ret,0.002213232
it_wr,0.0021472443
icici_wr,0.002134601
rsi,0.0020175283
itc_rsi,0.0019137476
energy_ret,0.0019015754
lower_wick,0.0018410678
tcs_ret,0.0016502907
auto_ret,0.0015995582
hsi_ret,0.0010618252
copper_ret,0.00083079294
dow_sin,0.0008090033
fmcg_rsi,0.0005373942
vix_change,0.0
trend,0.0
inda_ret,0.0
momentum_div,0.0
gap_filled,0.0
engulfing,0.0
obv_slope,0.0
bb_squeeze,0.0
dow_cos,0.0
vix_spike,0.0
metal_ret,0.0
gold_ret,0.0
rel_ret,0.0
hdfc_ret,0.0
nikkei_ret,0.0
shanghai_ret,0.0
ret_10d,0.0
is_expiry_week,0.0
