date,pe_ratio
2015-01-09,22.5
2015-01-12,22.5
2015-01-13,22.5
2015-01-14,22.5
2015-01-15,22.5
2015-01-19,22.5
2015-01-20,22.5
2015-01-21,22.5
2015-01-22,22.5
2015-01-23,22.5
2015-01-27,22.5
2015-01-28,22.5
2015-01-29,22.5
2015-01-30,22.5
2015-02-02,22.5
2015-02-03,22.5
2015-02-04,22.5
2015-02-05,22.5
2015-02-06,22.5
2015-02-09,22.5
2015-02-10,22.5
2015-02-11,22.5
2015-02-12,22.5
2015-02-13,22.5
2015-02-16,22.5
2015-02-18,22.5
2015-02-19,22.5
2015-02-20,22.5
2015-02-23,22.5
2015-02-24,22.5
2015-02-25,22.5
2015-02-26,22.5
2015-02-27,22.5
2015-02-28,22.5
2015-03-02,22.5
2015-03-03,22.5
2015-03-04,22.5
2015-03-05,22.5
2015-03-09,22.5
2015-03-10,22.5
2015-03-11,22.5
2015-03-12,22.5
2015-03-13,22.5
2015-03-16,22.5
2015-03-17,22.5
2015-03-18,22.5
2015-03-19,22.5
2015-03-20,22.5
2015-03-23,22.5
2015-03-24,19.248
2015-03-25,18.6725
2015-03-26,16.5
2015-03-27,16.5
2015-03-30,18.8779
2015-03-31,18.5717
2015-04-01,20.6715
2015-04-06,21.8576
2015-04-07,22.3395
2015-04-08,23.1215
2015-04-09,24.2207
2015-04-10,24.0727
2015-04-13,25.1982
2015-04-15,23.3866
2015-04-16,22.5366
2015-04-17,20.7054
2015-04-20,17.5781
2015-04-21,16.8309
2015-04-22,17.703
2015-04-23,16.8921
2015-04-24,16.5
2015-04-27,16.5
2015-04-28,16.5
2015-04-29,16.5
2015-04-30,16.5
2015-05-04,17.4151
2015-05-05,17.1692
2015-05-06,16.5
2015-05-07,16.5
2015-05-08,16.5
2015-05-11,18.0091
2015-05-12,16.5
2015-05-13,17.0728
2015-05-14,16.9533
2015-05-15,17.5394
2015-05-18,19.349
2015-05-20,19.9132
2015-05-21,20.0214
2015-05-22,20.4681
2015-05-25,19.2984
2015-05-26,19.1556
2015-05-27,18.9344
2015-05-28,18.7122
2015-05-29,20.411
2015-06-01,20.2736
2015-06-02,17.5246
2015-06-03,16.5
2015-06-04,16.5
2015-06-05,16.5
2015-06-08,16.5
2015-06-09,16.5
2015-06-10,16.8189
2015-06-11,16.5
2015-06-12,16.5
2015-06-15,16.5
2015-06-16,16.5246
2015-06-17,17.0352
2015-06-18,18.2221
2015-06-19,18.9539
2015-06-22,20.4917
2015-06-23,20.87
2015-06-24,20.3526
2015-06-25,21.3288
2015-06-26,20.9117
2015-06-29,20.2007
2015-06-30,20.799
2015-07-01,21.9901
2015-07-02,21.7106
2015-07-03,22.3102
2015-07-06,22.7997
2015-07-07,22.713
2015-07-08,20.5556
2015-07-09,20.3069
2015-07-10,20.611
2015-07-13,22.0185
2015-07-14,21.7646
2015-07-15,22.898
2015-07-16,24.0465
2015-07-17,24.0807
2015-07-20,23.9159
2015-07-21,22.9454
2015-07-22,24.3145
2015-07-23,23.6882
2015-07-24,22.857
2015-07-27,20.5629
2015-07-28,20.2835
2015-07-29,20.8399
2015-07-30,21.5284
2015-07-31,22.9644
2015-08-03,23.072
2015-08-04,22.8654
2015-08-05,23.472
2015-08-06,23.7525
2015-08-07,23.5111
2015-08-10,22.5384
2015-08-11,22.0271
2015-08-12,20.392
2015-08-13,20.8234
2015-08-14,22.8001
2015-08-17,22.1136
2015-08-18,22.0331
2015-08-19,22.4402
2015-08-20,20.8712
2015-08-21,19.3716
2015-08-24,16.5
2015-08-25,16.5
2015-08-26,16.5
2015-08-27,16.5
2015-08-31,16.5
2015-09-01,16.5
2015-09-02,16.5
2015-09-03,16.5
2015-09-04,16.5
2015-09-07,16.5
2015-09-08,16.5
2015-09-09,16.5
2015-09-10,16.5
2015-09-11,16.5
2015-09-14,16.5
2015-09-15,16.5
2015-09-16,16.5
2015-09-18,17.3251
2015-09-21,17.5503
2015-09-22,16.5
2015-09-23,16.5
2015-09-24,16.5
2015-09-28,16.5
2015-09-29,16.5
2015-09-30,17.5513
2015-10-01,17.5909
2015-10-05,19.5505
2015-10-06,19.803
2015-10-07,20.1802
2015-10-08,19.5981
2015-10-09,20.1555
2015-10-12,19.7989
2015-10-13,19.6359
2015-10-14,19.4377
2015-10-15,20.213
2015-10-16,20.9058
2015-10-19,21.2396
2015-10-20,21.0464
2015-10-21,21.0014
2015-10-23,21.532
2015-10-26,21.067
2015-10-27,20.7765
2015-10-28,20.2212
2015-10-29,19.5818
2015-10-30,18.9052
2015-11-02,18.8642
2015-11-03,18.8494
2015-11-04,18.6784
2015-11-05,17.8047
2015-11-06,17.9991
2015-11-09,17.4853
2015-11-10,16.5
2015-11-11,16.738
2015-11-13,16.5
2015-11-16,16.6777
2015-11-17,16.973
2015-11-18,16.5
2015-11-19,17.2512
2015-11-20,17.3713
2015-11-23,17.3662
2015-11-24,17.256
2015-11-26,17.9447
2015-11-27,18.5532
2015-11-30,18.5264
2015-12-01,18.7321
2015-12-02,18.4405
2015-12-03,17.8589
2015-12-04,17.0895
2015-12-08,16.5
2015-12-09,16.5
2015-12-10,16.5
2015-12-11,16.5
2015-12-14,16.5
2015-12-15,16.5303
2015-12-16,17.1995
2015-12-17,18.154
2015-12-18,17.4085
2015-12-21,18.1607
2015-12-22,17.7496
2015-12-23,18.5762
2015-12-24,18.6064
2015-12-28,19.2107
2015-12-29,19.3687
2015-12-30,19.0037
2015-12-31,19.5195
2016-01-01,19.7458
2016-01-04,17.8851
2016-01-05,17.8119
2016-01-06,17.3354
2016-01-07,16.5
2016-01-08,16.5
2016-01-11,16.5
2016-01-12,16.5
2016-01-13,16.5
2016-01-14,16.5
2016-01-15,16.5
2016-01-18,16.5
2016-01-19,16.5
2016-01-20,16.5
2016-01-21,16.5
2016-01-22,16.5
2016-01-25,16.5
2016-01-27,16.5
2016-01-28,16.5
2016-01-29,16.9676
2016-02-01,16.9147
2016-02-02,16.5
2016-02-03,16.5
2016-02-04,16.5
2016-02-05,16.6504
2016-02-08,16.5
2016-02-09,16.5
2016-02-10,16.5
2016-02-11,16.5
2016-02-12,16.5
2016-02-15,16.5
2016-02-16,16.5
2016-02-17,16.5
2016-02-18,16.5
2016-02-19,16.5
2016-02-22,16.5
2016-02-23,16.5
2016-02-24,16.5
2016-02-25,16.5
2016-02-26,16.5
2016-02-29,16.5
2016-03-01,16.5
2016-03-02,17.6087
2016-03-03,18.4609
2016-03-04,18.7389
2016-03-08,18.6126
2016-03-09,19.0677
2016-03-10,18.6836
2016-03-11,18.9898
2016-03-14,19.1504
2016-03-15,18.6342
2016-03-16,18.9958
2016-03-18,19.8452
2016-03-21,20.7283
2016-03-22,20.8345
2016-03-23,20.7911
2016-03-28,20.1857
2016-03-29,19.8948
2016-03-30,21.1246
2016-03-31,21.2332
2016-04-01,20.9487
2016-04-04,21.3285
2016-04-05,19.9738
2016-04-06,20.2043
2016-04-07,19.5871
2016-04-08,19.7453
2016-04-11,20.6517
2016-04-12,21.0436
2016-04-13,22.2228
2016-04-18,22.7384
2016-04-20,22.8545
2016-04-21,22.6874
2016-04-22,22.7538
2016-04-25,22.4565
2016-04-26,23.2508
2016-04-27,23.4516
2016-04-28,22.3929
2016-04-29,22.3709
2016-05-02,22.0633
2016-05-03,21.528
2016-05-04,21.183
2016-05-05,21.5497
2016-05-06,21.5337
2016-05-09,22.7557
2016-05-10,22.9703
2016-05-11,22.6559
2016-05-12,23.1683
2016-05-13,22.3636
2016-05-16,22.8223
2016-05-17,23.1254
2016-05-18,23.0277
2016-05-19,22.0538
2016-05-20,22.0213
2016-05-23,21.7561
2016-05-24,22.0903
2016-05-25,23.84
2016-05-26,25.3187
2016-05-27,26.0643
2016-05-30,26.3269
2016-05-31,26.262
2016-06-01,26.517
2016-06-02,26.9476
2016-06-03,26.9658
2016-06-06,26.9553
2016-06-07,27.6466
2016-06-08,27.7487
2016-06-09,27.0432
2016-06-10,26.7732
2016-06-13,26.1592
2016-06-14,26.2059
2016-06-15,27.2337
2016-06-16,26.5242
2016-06-17,26.8679
2016-06-20,27.8036
2016-06-21,27.51
2016-06-22,27.303
2016-06-23,28.1065
2016-06-24,25.8931
2016-06-27,26.0546
2016-06-28,26.4313
2016-06-29,27.2377
2016-06-30,28.1066
2016-07-01,28.4998
2016-07-04,28.883
2016-07-05,28.3587
2016-07-07,28.4231
2016-07-08,28.1718
2016-07-11,29.618
2016-07-12,29.9839
2016-07-13,29.7509
2016-07-14,30.2289
2016-07-15,29.8524
2016-07-18,29.3446
2016-07-19,29.6289
2016-07-20,29.8203
2016-07-21,29.1201
2016-07-22,29.4221
2016-07-25,30.1037
2016-07-26,29.5562
2016-07-27,29.6824
2016-07-28,30.0916
2016-07-29,29.7756
2016-08-01,29.7294
2016-08-02,29.4739
2016-08-03,28.6306
2016-08-04,28.7617
2016-08-05,29.7156
2016-08-08,29.802
2016-08-09,29.4543
2016-08-10,28.513
2016-08-11,28.6866
2016-08-12,29.1546
2016-08-16,28.951
2016-08-17,28.7595
2016-08-18,29.0879
2016-08-19,29.0134
2016-08-22,28.6264
2016-08-23,28.668
2016-08-24,28.6699
2016-08-25,28.15
2016-08-26,27.9599
2016-08-29,28.2649
2016-08-30,29.1784
2016-08-31,29.3791
2016-09-01,29.2511
2016-09-02,29.3467
2016-09-06,30.2746
2016-09-07,29.9923
2016-09-08,30.0434
2016-09-09,29.3188
2016-09-12,28.1553
2016-09-14,28.2556
2016-09-15,28.2519
2016-09-16,28.4075
2016-09-19,28.5298
2016-09-20,28.2107
2016-09-21,28.1409
2016-09-22,28.6745
2016-09-23,28.3484
2016-09-26,27.5865
2016-09-27,27.5225
2016-09-28,27.6313
2016-09-29,26.7119
2016-09-30,26.7045
2016-10-03,27.4516
2016-10-04,27.6011
2016-10-06,27.1563
2016-10-07,26.9975
2016-10-10,27.073
2016-10-13,26.0921
2016-10-14,26.1568
2016-10-17,25.7214
2016-10-18,26.6203
2016-10-19,26.5011
2016-10-20,26.7511
2016-10-21,26.6515
2016-10-24,26.7437
2016-10-25,26.5841
2016-10-26,26.0072
2016-10-27,26.0035
2016-10-28,26.1488
2016-10-30,25.9728
2016-11-01,25.9837
2016-11-02,25.2847
2016-11-03,25.0308
2016-11-04,24.7007
2016-11-07,25.0109
2016-11-08,25.3251
2016-11-09,24.7687
2016-11-10,25.1462
2016-11-11,23.7671
2016-11-15,22.3638
2016-11-16,22.3225
2016-11-17,22.2593
2016-11-18,22.0934
2016-11-21,21.2493
2016-11-22,21.7002
2016-11-23,21.7691
2016-11-24,21.3854
2016-11-25,22.276
2016-11-28,22.3157
2016-11-29,22.4804
2016-11-30,22.9119
2016-12-01,22.747
2016-12-02,21.9987
2016-12-05,22.3219
2016-12-06,22.2865
2016-12-07,22.0823
2016-12-08,22.9505
2016-12-09,23.0008
2016-12-12,22.3556
2016-12-13,22.6165
2016-12-14,22.3519
2016-12-15,22.0979
2016-12-16,21.94
2016-12-19,21.6015
2016-12-20,21.461
2016-12-21,21.1206
2016-12-22,20.4814
2016-12-23,20.4235
2016-12-26,19.6733
2016-12-27,20.6301
2016-12-28,20.6313
2016-12-29,21.1952
2016-12-30,21.7755
2017-01-02,21.7816
2017-01-03,21.8354
2017-01-04,21.8629
2017-01-05,22.5156
2017-01-06,22.2708
2017-01-09,22.1003
2017-01-10,22.5976
2017-01-11,23.3817
2017-01-12,23.6955
2017-01-13,23.5569
2017-01-16,23.7367
2017-01-17,23.409
2017-01-18,23.6301
2017-01-19,23.7804
2017-01-20,22.8592
2017-01-23,23.3882
2017-01-24,24.1783
2017-01-25,25.4158
2017-01-27,25.8611
2017-01-30,25.7552
2017-01-31,24.902
2017-02-01,26.6119
2017-02-02,26.658
2017-02-03,26.7994
2017-02-06,27.3894
2017-02-07,27.0632
2017-02-08,27.0758
2017-02-09,27.1508
2017-02-10,27.1918
2017-02-13,27.2332
2017-02-14,26.9884
2017-02-15,26.3316
2017-02-16,26.851
2017-02-17,27.2548
2017-02-20,27.9782
2017-02-21,28.1627
2017-02-22,28.4303
2017-02-23,28.5195
2017-02-27,27.9559
2017-02-28,27.6656
2017-03-01,28.3872
2017-03-02,27.7842
2017-03-03,27.845
2017-03-06,28.5013
2017-03-07,28.245
2017-03-08,27.9549
2017-03-09,27.9757
2017-03-10,28.0598
2017-03-14,29.659
2017-03-15,29.7263
2017-03-16,30.5
2017-03-17,30.3379
2017-03-20,29.9488
2017-03-21,29.7933
2017-03-22,28.5558
2017-03-23,29.0998
2017-03-24,29.2191
2017-03-27,28.5886
2017-03-28,29.1336
2017-03-29,29.4476
2017-03-30,29.4966
2017-03-31,29.5232
2017-04-03,30.2045
2017-04-05,30.2359
2017-04-06,30.1153
2017-04-07,29.3621
2017-04-10,29.0584
2017-04-11,29.5722
2017-04-12,29.126
2017-04-13,28.477
2017-04-17,28.322
2017-04-18,27.8467
2017-04-19,27.9359
2017-04-20,28.1104
2017-04-21,27.8768
2017-04-24,28.8325
2017-04-26,30.0333
2017-04-27,29.755
2017-04-28,29.4001
2017-05-02,29.4231
2017-05-03,29.1891
2017-05-04,29.6077
2017-05-05,28.731
2017-05-08,28.9659
2017-05-09,28.9374
2017-05-10,29.7447
2017-05-11,29.6283
2017-05-12,29.4806
2017-05-15,29.7116
2017-05-16,30.1785
2017-05-17,30.1019
2017-05-18,29.155
2017-05-19,29.1625
2017-05-22,29.0891
2017-05-23,28.4899
2017-05-24,28.3359
2017-05-25,29.3794
2017-05-26,29.9439
2017-05-29,29.9664
2017-05-30,30.0654
2017-05-31,29.9362
2017-06-01,29.7425
2017-06-02,29.8325
2017-06-05,29.9809
2017-06-06,29.5506
2017-06-07,29.6347
2017-06-08,29.376
2017-06-09,29.4533
2017-06-12,28.9856
2017-06-13,28.7428
2017-06-14,28.7737
2017-06-15,28.4048
2017-06-16,28.3581
2017-06-19,28.8336
2017-06-20,28.7165
2017-06-21,28.5367
2017-06-22,28.3701
2017-06-23,27.9622
2017-06-27,27.4367
2017-06-28,27.2678
2017-06-29,27.2317
2017-06-30,27.4039
2017-07-03,27.9817
2017-07-04,27.8925
2017-07-05,28.0431
2017-07-06,28.1634
2017-07-07,28.0716
2017-07-10,28.6479
2017-07-11,28.7272
2017-07-12,28.8831
2017-07-13,29.2045
2017-07-14,29.111
2017-07-17,29.1898
2017-07-18,28.561
2017-07-19,28.9404
2017-07-20,28.6587
2017-07-21,28.8425
2017-07-24,29.0669
2017-07-25,28.9683
2017-07-26,29.2089
2017-07-27,29.1133
2017-07-28,28.9148
2017-07-31,29.2553
2017-08-01,29.405
2017-08-02,28.9457
2017-08-03,28.5473
2017-08-07,28.7263
2017-08-08,28.2352
2017-08-09,27.7337
2017-08-10,27.3927
2017-08-11,26.5748
2017-08-14,26.9687
2017-08-16,27.53
2017-08-17,27.4909
2017-08-18,27.0542
2017-08-21,26.551
2017-08-22,26.6399
2017-08-23,26.9934
2017-08-24,27.0443
2017-08-28,27.2465
2017-08-29,26.5519
2017-08-30,27.0157
2017-08-31,27.1265
2017-09-01,27.374
2017-09-04,26.9631
2017-09-05,27.1439
2017-09-06,26.9331
2017-09-07,26.9409
2017-09-08,26.9036
2017-09-11,27.3061
2017-09-12,27.7108
2017-09-13,27.6559
2017-09-14,27.6191
2017-09-15,27.5701
2017-09-18,27.9016
2017-09-19,27.8243
2017-09-20,27.7215
2017-09-21,27.5842
2017-09-22,26.6572
2017-09-25,26.1362
2017-09-26,25.9921
2017-09-27,25.3048
2017-09-28,25.4022
2017-09-29,25.5034
2017-10-03,25.8854
2017-10-04,26.2577
2017-10-05,26.0109
2017-10-06,26.5634
2017-10-09,26.5379
2017-10-10,26.661
2017-10-11,26.3757
2017-10-12,27.1127
2017-10-13,27.4691
2017-10-16,27.8773
2017-10-17,27.8868
2017-10-18,27.7286
2017-10-19,27.1564
2017-10-23,27.5501
2017-10-24,27.6321
2017-10-25,28.1534
2017-10-26,28.3952
2017-10-27,28.2534
2017-10-30,28.522
2017-10-31,28.32
2017-11-01,28.9517
2017-11-02,28.8089
2017-11-03,28.9556
2017-11-06,28.7889
2017-11-07,28.1799
2017-11-08,27.8917
2017-11-09,27.9316
2017-11-10,27.9687
2017-11-14,26.8897
2017-11-15,26.5047
2017-11-16,27.2062
2017-11-17,27.4943
2017-11-20,27.6283
2017-11-21,27.7672
2017-11-22,27.913
2017-11-23,27.9042
2017-11-24,28.1809
2017-11-27,28.217
2017-11-28,27.8724
2017-11-29,27.734
2017-11-30,26.7969
2017-12-01,25.9484
2017-12-04,26.0571
2017-12-05,25.9105
2017-12-06,25.2542
2017-12-07,26.2509
2017-12-08,26.9582
2017-12-11,27.3836
2017-12-12,26.6949
2017-12-13,26.3598
2017-12-14,26.7753
2017-12-15,27.2832
2017-12-18,27.755
2017-12-19,28.3377
2017-12-20,28.0814
2017-12-21,27.9328
2017-12-22,28.3469
2017-12-26,28.6165
2017-12-27,28.1616
2017-12-28,28.0507
2017-12-29,28.4925
2018-01-01,27.6805
2018-01-02,27.7058
2018-01-03,27.7322
2018-01-04,28.1741
2018-01-05,28.5872
2018-01-08,28.9897
2018-01-09,29.0044
2018-01-10,28.9117
2018-01-11,29.0509
2018-01-12,29.132
2018-01-15,29.6042
2018-01-16,29.3495
2018-01-17,29.9636
2018-01-18,30.1026
2018-01-19,30.5
2018-01-22,30.5
2018-01-23,30.5
2018-01-24,30.5
2018-01-25,30.5
2018-01-29,30.5
2018-01-30,30.5
2018-01-31,30.5
2018-02-01,30.4636
2018-02-02,28.2156
2018-02-05,27.8103
2018-02-06,26.4547
2018-02-07,25.9531
2018-02-08,26.8711
2018-02-09,25.9512
2018-02-12,26.4737
2018-02-14,25.8381
2018-02-15,26.5347
2018-02-16,25.7063
2018-02-19,25.1546
2018-02-20,24.8774
2018-02-21,25.1626
2018-02-23,25.9487
2018-02-26,26.6275
2018-02-27,26.3807
2018-02-28,25.8157
2018-03-01,25.4612
2018-03-05,24.6349
2018-03-06,23.4454
2018-03-07,22.8913
2018-03-08,23.5067
2018-03-09,23.4223
2018-03-12,25.1228
2018-03-13,25.1107
2018-03-14,24.9976
2018-03-15,24.3938
2018-03-16,23.1474
2018-03-19,21.9453
2018-03-20,22.3321
2018-03-21,22.4632
2018-03-22,21.9808
2018-03-23,20.8158
2018-03-26,22.261
2018-03-27,22.6466
2018-03-28,22.0211
2018-04-02,22.9245
2018-04-03,23.1669
2018-04-04,21.9191
2018-04-05,23.9427
2018-04-06,23.8496
2018-04-09,24.3453
2018-04-10,24.5995
2018-04-11,24.7009
2018-04-12,25.0819
2018-04-13,25.3558
2018-04-16,25.8091
2018-04-17,25.9529
2018-04-18,25.8106
2018-04-19,26.1115
2018-04-20,26.2118
2018-04-23,26.2219
2018-04-24,26.6035
2018-04-25,25.9783
2018-04-26,26.5072
2018-04-27,27.3448
2018-04-30,27.8151
2018-05-02,27.5084
2018-05-03,26.952
2018-05-04,26.303
2018-05-07,27.4698
2018-05-08,27.3278
2018-05-09,27.6584
2018-05-10,27.1809
2018-05-11,28.108
2018-05-14,28.0342
2018-05-15,28.0494
2018-05-16,27.3155
2018-05-17,26.5467
2018-05-18,25.6952
2018-05-21,24.7262
2018-05-22,24.9569
2018-05-23,23.6462
2018-05-24,24.8015
2018-05-25,25.6493
2018-05-28,26.4212
2018-05-29,25.8007
2018-05-30,25.6086
2018-05-31,26.8612
2018-06-01,26.3119
2018-06-04,25.5843
2018-06-05,25.3434
2018-06-06,26.2507
2018-06-07,27.0667
2018-06-08,26.9923
2018-06-11,27.2085
2018-06-12,27.9718
2018-06-13,27.9651
2018-06-14,27.4098
2018-06-15,27.4365
2018-06-18,27.1546
2018-06-19,26.1382
2018-06-20,26.8418
2018-06-21,26.4372
2018-06-22,27.3782
2018-06-25,26.5502
2018-06-26,26.5866
2018-06-27,25.394
2018-06-28,24.4762
2018-06-29,25.8808
2018-07-02,25.1219
2018-07-03,25.7838
2018-07-04,26.5351
2018-07-05,26.2718
2018-07-06,26.4395
2018-07-09,27.3966
2018-07-10,28.5132
2018-07-11,28.3794
2018-07-12,29.1859
2018-07-13,29.1751
2018-07-16,28.1343
2018-07-17,28.989
2018-07-18,28.561
2018-07-19,28.3487
2018-07-20,28.8842
2018-07-23,29.6887
2018-07-24,30.302
2018-07-25,30.0937
2018-07-26,30.5
2018-07-27,30.5
2018-07-30,30.5
2018-07-31,30.5
2018-08-01,30.5
2018-08-02,30.5
2018-08-03,30.5
2018-08-06,30.5
2018-08-07,30.5
2018-08-08,30.5
2018-08-09,30.5
2018-08-10,30.5
2018-08-13,30.5
2018-08-14,30.5
2018-08-16,30.5
2018-08-17,30.5
2018-08-20,30.5
2018-08-21,30.5
2018-08-23,30.5
2018-08-24,30.5
2018-08-27,30.5
2018-08-28,30.5
2018-08-29,30.5
2018-08-30,30.5
2018-08-31,30.5
2018-09-03,30.3641
2018-09-04,29.8286
2018-09-05,29.2833
2018-09-06,29.5947
2018-09-07,30.0498
2018-09-10,28.7066
2018-09-11,27.3065
2018-09-14,29.1609
2018-09-17,27.917
2018-09-18,27.1129
2018-09-19,26.6898
2018-09-21,26.0113
2018-09-24,24.428
2018-09-25,25.2842
2018-09-26,24.9784
2018-09-27,24.4348
2018-09-28,23.9476
2018-10-01,24.6293
2018-10-03,23.19
2018-10-04,20.5934
2018-10-05,18.0885
2018-10-08,18.8518
2018-10-09,18.3121
2018-10-10,19.7838
2018-10-11,17.9214
2018-10-12,19.8069
2018-10-15,20.2619
2018-10-16,20.767
2018-10-17,19.7338
2018-10-19,18.5088
2018-10-22,17.9772
2018-10-23,17.4171
2018-10-24,17.9214
2018-10-25,17.0972
2018-10-26,16.5
2018-10-29,18.1072
2018-10-30,17.6337
2018-10-31,19.1019
2018-11-01,19.2767
2018-11-02,20.7689
2018-11-05,20.5118
2018-11-06,20.4688
2018-11-07,21.1456
2018-11-09,20.9918
2018-11-12,20.1442
2018-11-13,21.0074
2018-11-14,20.9077
2018-11-15,21.1971
2018-11-16,21.8757
2018-11-19,22.6376
2018-11-20,21.6197
2018-11-21,21.2817
2018-11-22,20.6017
2018-11-26,21.5574
2018-11-27,22.0146
2018-11-28,22.3355
2018-11-29,23.6536
2018-11-30,23.7062
2018-12-03,23.7569
2018-12-04,23.5717
2018-12-05,22.8834
2018-12-06,21.2108
2018-12-07,22.1219
2018-12-10,20.2085
2018-12-11,20.8899
2018-12-12,22.4079
2018-12-13,22.8341
2018-12-14,22.9356
2018-12-17,23.6231
2018-12-18,23.8499
2018-12-19,24.2373
2018-12-20,24.2146
2018-12-21,22.4388
2018-12-24,21.7173
2018-12-26,22.307
2018-12-27,22.5697
2018-12-28,23.275
2018-12-31,23.2747
2019-01-01,23.705
2019-01-02,22.5234
2019-01-03,21.505
2019-01-04,22.0465
2019-01-07,22.3837
2019-01-08,22.5235
2019-01-09,23.0422
2019-01-10,22.7075
2019-01-11,22.3876
2019-01-14,21.9719
2019-01-15,23.2532
2019-01-16,23.2578
2019-01-17,23.2427
2019-01-18,23.3769
2019-01-21,23.7461
2019-01-22,23.414
2019-01-23,22.4709
2019-01-24,22.7936
2019-01-25,21.9543
2019-01-28,20.9525
2019-01-29,20.9642
2019-01-30,20.5623
2019-01-31,22.2983
2019-02-01,23.0286
2019-02-04,23.1718
2019-02-05,23.4195
2019-02-06,24.7269
2019-02-07,24.5622
2019-02-08,23.3214
2019-02-11,22.9769
2019-02-12,22.2436
2019-02-13,21.6885
2019-02-14,21.5312
2019-02-15,21.2106
2019-02-18,20.2275
2019-02-19,19.9723
2019-02-20,21.3572
2019-02-21,21.8533
2019-02-22,21.8209
2019-02-25,22.7193
2019-02-26,22.2051
2019-02-27,21.8468
2019-02-28,21.9221
2019-03-01,22.526
2019-03-05,23.7747
2019-03-06,24.4041
2019-03-07,24.4275
2019-03-08,24.2428
2019-03-11,25.623
2019-03-12,26.7371
2019-03-13,27.2132
2019-03-14,27.21
2019-03-15,28.0019
2019-03-18,28.403
2019-03-19,28.9148
2019-03-20,28.6015
2019-03-22,28.0014
2019-03-25,26.8594
2019-03-26,28.1776
2019-03-27,27.5443
2019-03-28,28.8846
2019-03-29,29.0751
2019-04-01,29.3892
2019-04-03,29.1212
2019-04-04,28.7242
2019-04-05,29.3587
2019-04-08,28.5094
2019-04-09,29.1131
2019-04-10,28.1858
2019-04-11,28.2936
2019-04-12,28.4695
2019-04-15,28.877
2019-04-16,29.7073
2019-04-18,29.1838
2019-04-22,27.7759
2019-04-23,27.6116
2019-04-24,28.7717
2019-04-25,28.08
2019-04-26,28.815
2019-04-30,28.6507
2019-05-02,28.4033
2019-05-03,28.2552
2019-05-06,27.2306
2019-05-07,26.3947
2019-05-08,25.2706
2019-05-09,24.7313
2019-05-10,24.3802
2019-05-13,23.5376
2019-05-14,24.2208
2019-05-15,23.4199
2019-05-16,24.4969
2019-05-17,25.632
2019-05-20,28.9331
2019-05-21,27.8956
2019-05-22,28.176
2019-05-23,27.5484
2019-05-24,28.7633
2019-05-27,29.2642
2019-05-28,29.3372
2019-05-29,28.6585
2019-05-30,29.2139
2019-05-31,28.9411
2019-06-03,30.1351
2019-06-04,29.6215
2019-06-06,28.1828
2019-06-07,28.2444
2019-06-10,28.6607
2019-06-11,28.8513
2019-06-12,28.4672
2019-06-13,28.327
2019-06-14,27.6161
2019-06-17,26.6227
2019-06-18,26.7942
2019-06-19,26.824
2019-06-20,27.7507
2019-06-21,26.9707
2019-06-24,26.7463
2019-06-25,27.259
2019-06-26,27.6915
2019-06-27,27.7006
2019-06-28,27.3415
2019-07-01,27.8141
2019-07-02,28.0774
2019-07-03,28.0795
2019-07-04,28.203
2019-07-05,27.2449
2019-07-08,25.6192
2019-07-09,25.5355
2019-07-10,25.1243
2019-07-11,25.6772
2019-07-15,25.747
2019-07-16,26.2243
2019-07-17,26.3687
2019-07-18,25.7684
2019-07-19,24.6451
2019-07-22,23.953
2019-07-23,23.892
2019-07-24,23.4767
2019-07-25,23.4215
2019-07-26,23.6544
2019-07-29,22.9311
2019-07-30,22.1592
2019-07-31,22.3542
2019-08-01,21.4912
2019-08-02,21.5223
2019-08-05,20.5227
2019-08-06,20.992
2019-08-07,20.3237
2019-08-08,21.7692
2019-08-09,22.1931
2019-08-13,20.8368
2019-08-14,21.454
2019-08-16,21.6226
2019-08-19,21.6736
2019-08-20,21.4053
2019-08-21,20.5881
2019-08-22,19.1588
2019-08-23,19.9071
2019-08-26,21.5045
2019-08-27,21.9142
2019-08-28,21.3235
2019-08-29,20.6554
2019-08-30,21.197
2019-09-03,19.1393
2019-09-04,19.6044
2019-09-05,19.6152
2019-09-06,20.3834
2019-09-09,20.8663
2019-09-11,20.9584
2019-09-12,20.6283
2019-09-13,21.4234
2019-09-16,20.6908
2019-09-17,19.3174
2019-09-18,19.4758
2019-09-19,18.2073
2019-09-20,22.954
2019-09-23,25.5741
2019-09-24,25.4836
2019-09-25,24.1561
2019-09-26,25.3662
2019-09-27,24.7797
2019-09-30,24.47
2019-10-01,23.5248
2019-10-03,23.0443
2019-10-04,21.7657
2019-10-07,21.3578
2019-10-09,23.0311
2019-10-10,22.3188
2019-10-11,22.8324
2019-10-14,23.0584
2019-10-15,23.9122
2019-10-16,24.2464
2019-10-17,25.1837
2019-10-18,25.8398
2019-10-22,25.1884
2019-10-23,25.3739
2019-10-24,25.0884
2019-10-25,24.9661
2019-10-27,25.4086
2019-10-29,26.7977
2019-10-30,27.27
2019-10-31,27.4944
2019-11-01,27.6077
2019-11-04,27.953
2019-11-05,27.6658
2019-11-06,27.9789
2019-11-07,28.3915
2019-11-08,27.3749
2019-11-11,27.3878
2019-11-13,26.6743
2019-11-14,26.9242
2019-11-15,27.1052
2019-11-18,27.0491
2019-11-19,27.5317
2019-11-20,27.801
2019-11-21,27.4906
2019-11-22,27.0297
2019-11-25,28.379
2019-11-26,28.0429
2019-11-27,28.553
2019-11-28,28.8647
2019-11-29,27.8898
2019-12-02,27.8384
2019-12-03,27.3772
2019-12-04,27.6387
2019-12-05,27.3325
2019-12-06,26.4762
2019-12-09,26.6319
2019-12-10,25.9408
2019-12-11,26.3562
2019-12-12,26.8018
2019-12-13,27.8129
2019-12-16,27.5154
2019-12-17,28.4639
2019-12-18,28.8838
2019-12-19,29.1234
2019-12-20,29.1276
2019-12-23,29.0492
2019-12-24,28.5141
2019-12-26,27.7449
2019-12-27,28.7491
2019-12-30,28.7633
2019-12-31,27.9846
2020-01-01,28.0549
2020-01-02,28.81
2020-01-03,28.2079
2020-01-06,26.0868
2020-01-07,26.6915
2020-01-08,26.3071
2020-01-09,27.9645
2020-01-10,28.2645
2020-01-13,28.8219
2020-01-14,28.9947
2020-01-15,28.7368
2020-01-16,28.7692
2020-01-17,28.6187
2020-01-20,27.5793
2020-01-21,27.0134
2020-01-22,26.4566
2020-01-23,27.0129
2020-01-24,27.564
2020-01-27,26.3447
2020-01-28,25.9207
2020-01-29,26.4685
2020-01-31,25.0809
2020-02-01,22.4165
2020-02-03,23.08
2020-02-04,25.1835
2020-02-05,26.0659
2020-02-06,26.372
2020-02-07,25.9622
2020-02-10,25.5227
2020-02-11,26.1145
2020-02-12,26.8405
2020-02-13,26.5203
2020-02-14,26.0403
2020-02-17,25.5117
2020-02-18,25.1545
2020-02-19,26.1178
2020-02-20,25.7136
2020-02-24,23.7297
2020-02-25,23.5533
2020-02-26,22.454
2020-02-27,21.9896
2020-02-28,18.7791
2020-03-02,18.2477
2020-03-03,19.6782
2020-03-04,19.0882
2020-03-05,19.1004
2020-03-06,16.9069
2020-03-09,16.5
2020-03-11,16.5
2020-03-12,16.5
2020-03-13,16.5
2020-03-16,16.5
2020-03-17,16.5
2020-03-18,16.5
2020-03-19,16.5
2020-03-20,16.5
2020-03-23,16.5
2020-03-24,16.5
2020-03-25,16.5
2020-03-26,16.5
2020-03-27,16.5
2020-03-30,16.5
2020-03-31,16.5
2020-04-01,16.5
2020-04-03,16.5
2020-04-07,16.5
2020-04-08,16.5
2020-04-09,16.5
2020-04-13,16.5
2020-04-15,16.5
2020-04-16,16.5
2020-04-17,16.5
2020-04-20,16.5
2020-04-21,16.5
2020-04-22,16.5
2020-04-23,16.5
2020-04-24,16.5
2020-04-27,16.5
2020-04-28,16.7939
2020-04-29,17.2788
2020-04-30,18.3044
2020-05-04,16.6817
2020-05-05,16.506
2020-05-06,16.7775
2020-05-07,16.6254
2020-05-08,16.8073
2020-05-11,16.8706
2020-05-12,16.8295
2020-05-13,17.4042
2020-05-14,16.7876
2020-05-15,16.7974
2020-05-18,16.5
2020-05-19,16.5
2020-05-20,16.9051
2020-05-21,17.0185
2020-05-22,16.9412
2020-05-26,16.9918
2020-05-27,17.7999
2020-05-28,18.3133
2020-05-29,18.571
2020-06-01,19.2699
2020-06-02,19.7937
2020-06-03,20.0092
2020-06-04,19.9223
2020-06-05,20.3122
2020-06-08,20.3457
2020-06-09,19.9543
2020-06-10,20.2779
2020-06-11,19.669
2020-06-12,19.8192
2020-06-15,19.4588
2020-06-16,19.7044
2020-06-17,19.6581
2020-06-18,20.2523
2020-06-19,20.7039
2020-06-22,20.9065
2020-06-23,21.3443
2020-06-24,20.9134
2020-06-25,20.8267
2020-06-26,21.1515
2020-06-29,20.9262
2020-06-30,20.9132
2020-07-01,21.2228
2020-07-02,21.6181
2020-07-03,21.7294
2020-07-06,22.1855
2020-07-07,22.2354
2020-07-08,21.9934
2020-07-09,22.367
2020-07-10,22.1994
2020-07-13,22.3177
2020-07-14,21.7653
2020-07-15,21.8489
2020-07-16,22.1043
2020-07-17,22.6623
2020-07-20,22.9302
2020-07-21,23.3308
2020-07-22,23.2563
2020-07-23,23.5068
2020-07-24,23.4098
2020-07-27,23.213
2020-07-28,23.6661
2020-07-29,23.4075
2020-07-30,23.1336
2020-07-31,23.1221
2020-08-03,22.611
2020-08-04,23.1646
2020-08-05,23.2164
2020-08-06,23.4566
2020-08-07,23.4897
2020-08-10,23.653
2020-08-11,23.8133
2020-08-12,23.7603
2020-08-13,23.7686
2020-08-14,23.4222
2020-08-17,23.6371
2020-08-18,24.0032
2020-08-20,23.7856
2020-08-21,23.9862
2020-08-24,24.253
2020-08-25,24.2793
2020-08-26,24.4852
2020-08-27,24.5473
2020-08-28,24.7905
2020-08-31,23.9291
2020-09-01,24.3595
2020-09-02,24.5006
2020-09-03,24.4866
2020-09-04,24.0051
2020-09-07,24.0661
2020-09-08,23.848
2020-09-09,23.8365
2020-09-10,24.316
2020-09-11,24.3262
2020-09-14,24.2474
2020-09-15,24.566
2020-09-16,24.7676
2020-09-17,24.554
2020-09-18,24.5557
2020-09-21,23.7404
2020-09-22,23.6241
2020-09-23,23.5272
2020-09-24,22.6514
2020-09-25,23.2759
2020-09-28,23.8662
2020-09-29,23.8327
2020-09-30,23.8555
2020-10-01,24.4291
2020-10-05,24.6892
2020-10-06,25.1364
2020-10-07,25.4022
2020-10-08,25.6573
2020-10-09,25.9706
2020-10-12,25.9756
2020-10-13,25.9543
2020-10-14,26.0817
2020-10-15,25.2382
2020-10-16,25.5365
2020-10-19,25.8647
2020-10-20,25.932
2020-10-21,26.043
2020-10-22,25.9622
2020-10-23,26.0525
2020-10-26,25.6082
2020-10-27,25.9401
2020-10-28,25.4749
2020-10-29,25.3224
2020-10-30,25.2672
2020-11-02,25.3047
2020-11-03,25.7831
2020-11-04,26.0547
2020-11-05,26.7635
2020-11-06,27.1678
2020-11-09,27.7765
2020-11-10,28.2676
2020-11-11,28.5821
2020-11-12,28.3649
2020-11-13,28.4293
2020-11-14,28.5265
2020-11-17,28.8101
2020-11-18,28.933
2020-11-19,28.3838
2020-11-20,28.5761
2020-11-23,28.7549
2020-11-24,29.1179
2020-11-25,28.4642
2020-11-26,28.8609
2020-11-27,28.6156
2020-12-01,28.9953
2020-12-02,28.9615
2020-12-03,29.0024
2020-12-04,29.3114
2020-12-07,29.4739
2020-12-08,29.4939
2020-12-09,29.7944
2020-12-10,29.5843
2020-12-11,29.5718
2020-12-14,29.6141
2020-12-15,29.5528
2020-12-16,29.7344
2020-12-17,29.7909
2020-12-18,29.7052
2020-12-21,28.4809
2020-12-22,28.8438
2020-12-23,29.1211
2020-12-24,29.3455
2020-12-28,29.5765
2020-12-29,29.5727
2020-12-30,29.5734
2020-12-31,29.4472
2021-01-01,29.449
2021-01-04,29.6388
2021-01-05,29.6628
2021-01-06,29.4284
2021-01-07,29.3848
2021-01-08,29.7288
2021-01-11,29.9758
2021-01-12,30.1045
2021-01-13,29.9765
2021-01-14,29.9636
2021-01-15,29.5108
2021-01-18,28.9922
2021-01-19,29.5709
2021-01-20,29.7072
2021-01-21,29.6557
2021-01-22,28.9955
2021-01-25,28.6671
2021-01-27,27.9794
2021-01-28,27.6095
2021-01-29,27.2137
2021-02-01,28.6521
2021-02-02,29.3112
2021-02-03,29.4678
2021-02-04,29.612
2021-02-05,29.6298
2021-02-08,29.9355
2021-02-09,29.7929
2021-02-10,29.7539
2021-02-11,29.7358
2021-02-12,29.6096
2021-02-15,29.8601
2021-02-16,29.7238
2021-02-17,29.3817
2021-02-18,29.1418
2021-02-19,28.8271
2021-02-22,28.0149
2021-02-23,28.1206
2021-02-24,28.6247
2021-02-25,28.794
2021-02-26,27.5381
2021-03-01,28.0353
2021-03-02,28.3195
2021-03-03,28.8904
2021-03-04,28.5131
2021-03-05,28.203
2021-03-08,28.1567
2021-03-10,28.5413
2021-03-12,28.1843
2021-03-15,27.9159
2021-03-16,27.8692
2021-03-17,27.3695
2021-03-18,27.0578
2021-03-19,27.3318
2021-03-22,27.3148
2021-03-23,27.3953
2021-03-24,26.834
2021-03-25,26.3294
2021-03-26,26.663
2021-03-30,27.3461
2021-03-31,26.9564
2021-04-01,27.2917
2021-04-05,26.7835
2021-04-06,26.861
2021-04-07,27.0581
2021-04-08,27.1662
2021-04-09,27.0372
2021-04-12,25.926
2021-04-13,26.2804
2021-04-15,26.3892
2021-04-16,26.3567
2021-04-19,25.8174
2021-04-20,25.6008
2021-04-22,25.8391
2021-04-23,25.6557
2021-04-26,25.9824
2021-04-27,26.3307
2021-04-28,26.7323
2021-04-29,26.7807
2021-04-30,26.1238
2021-05-03,26.1516
2021-05-04,25.8024
2021-05-05,26.0676
2021-05-06,26.2631
2021-05-07,26.4097
2021-05-10,26.6955
2021-05-11,26.4147
2021-05-12,26.0351
2021-05-14,25.9665
2021-05-17,26.4957
2021-05-18,26.8916
2021-05-19,26.639
2021-05-20,26.3665
2021-05-21,26.9499
2021-05-24,26.91
2021-05-25,26.9503
2021-05-26,27.105
2021-05-27,27.2297
2021-05-28,27.3879
2021-05-31,27.6273
2021-06-01,27.559
2021-06-02,27.562
2021-06-03,27.7466
2021-06-04,27.6517
2021-06-07,27.7825
2021-06-08,27.7208
2021-06-09,27.4305
2021-06-10,27.6328
2021-06-11,27.7271
2021-06-14,27.6878
2021-06-15,27.7547
2021-06-16,27.457
2021-06-17,27.2329
2021-06-21,27.3479
2021-06-22,27.3404
2021-06-23,27.1265
2021-06-24,27.3257
2021-06-25,27.4108
2021-06-28,27.3117
2021-06-29,27.0938
2021-06-30,27.0057
2021-07-01,26.8796
2021-07-02,26.9338
2021-07-05,27.1665
2021-07-06,27.0746
2021-07-07,27.1929
2021-07-08,26.7806
2021-07-09,26.6685
2021-07-12,26.6172
2021-07-13,26.8843
2021-07-14,26.9523
2021-07-15,27.1194
2021-07-16,27.1026
2021-07-19,26.6565
2021-07-20,26.2866
2021-07-22,26.8088
2021-07-23,26.8514
2021-07-26,26.7532
2021-07-27,26.5274
2021-07-28,26.4151
2021-07-29,26.5876
2021-07-30,26.5305
2021-08-02,26.8276
2021-08-03,27.4708
2021-08-04,27.8079
2021-08-05,27.855
2021-08-06,27.7406
2021-08-09,27.7153
2021-08-10,27.7317
2021-08-11,27.7239
2021-08-12,27.9533
2021-08-13,28.3967
2021-08-16,28.4484
2021-08-17,28.5937
2021-08-18,28.403
2021-08-20,27.9642
2021-08-23,28.1806
2021-08-24,28.5769
2021-08-25,28.6371
2021-08-26,28.627
2021-08-27,28.8165
2021-08-30,29.6204
2021-08-31,30.2206
2021-09-01,29.9274
2021-09-02,30.4463
2021-09-03,30.5
2021-09-06,30.5
2021-09-07,30.5
2021-09-08,30.5
2021-09-09,30.4011
2021-09-13,30.2858
2021-09-14,30.2977
2021-09-15,30.5
2021-09-16,30.5
2021-09-17,30.5
2021-09-20,29.8877
2021-09-21,30.4323
2021-09-22,30.2891
2021-09-23,30.5
2021-09-24,30.5
2021-09-28,30.5
2021-09-29,30.3863
2021-09-30,29.9703
2021-10-01,29.6197
2021-10-04,30.0855
2021-10-05,30.386
2021-10-06,29.6469
2021-10-07,30.0909
2021-10-08,30.3299
2021-10-11,30.3627
2021-10-12,30.4058
2021-10-13,30.5
2021-10-14,30.5
2021-10-18,30.5
2021-10-19,30.5
2021-10-20,30.5
2021-10-21,30.2827
2021-10-22,29.8539
2021-10-25,29.8234
2021-10-26,30.2141
2021-10-27,29.7365
2021-10-28,28.7298
2021-10-29,28.215
2021-11-01,28.8222
2021-11-02,28.5864
2021-11-03,28.3563
2021-11-04,28.5287
2021-11-08,28.9061
2021-11-09,28.7374
2021-11-10,28.5438
2021-11-11,28.1238
2021-11-12,28.6446
2021-11-15,28.5534
2021-11-16,28.1296
2021-11-17,27.8525
2021-11-18,27.4047
2021-11-22,26.5201
2021-11-23,26.6331
2021-11-24,26.2172
2021-11-25,26.7116
2021-11-26,25.1741
2021-11-29,25.2385
2021-11-30,25.0283
2021-12-01,25.594
2021-12-02,26.1682
2021-12-03,25.595
2021-12-06,24.7177
2021-12-07,25.4575
2021-12-08,26.2349
2021-12-09,26.2952
2021-12-10,26.2477
2021-12-13,25.8905
2021-12-14,25.6761
2021-12-15,25.3341
2021-12-16,25.5217
2021-12-17,24.6746
2021-12-20,23.575
2021-12-21,24.0437
2021-12-22,24.5346
2021-12-23,24.7467
2021-12-24,24.5733
2021-12-27,24.8387
2021-12-28,25.1875
2021-12-29,25.035
2021-12-30,25.1205
2021-12-31,25.4798
2022-01-03,26.2249
2022-01-04,26.6782
2022-01-05,26.9216
2022-01-07,26.6225
2022-01-10,27.1142
2022-01-11,27.2216
2022-01-12,27.571
2022-01-13,27.6927
2022-01-14,27.5745
2022-01-17,27.7328
2022-01-18,27.1273
2022-01-19,26.5977
2022-01-20,26.1073
2022-01-21,25.6907
2022-01-24,24.0959
2022-01-25,24.5234
2022-01-27,24.1493
2022-01-28,23.9954
2022-01-31,24.6597
2022-02-01,25.428
2022-02-02,25.958
2022-02-03,25.1137
2022-02-04,25.0347
2022-02-07,24.1089
2022-02-08,24.1754
2022-02-09,24.871
2022-02-10,25.211
2022-02-11,24.4167
2022-02-14,22.6879
2022-02-15,24.3945
2022-02-16,24.1735
2022-02-17,24.1032
2022-02-18,24.0374
2022-02-21,23.7953
2022-02-22,23.3358
2022-02-23,23.2118
2022-02-24,20.2277
2022-02-25,21.7826
2022-02-28,22.1758
2022-03-02,21.543
2022-03-03,21.0679
2022-03-04,20.0266
2022-03-07,18.6012
2022-03-08,19.055
2022-03-09,20.36
2022-03-10,21.0849
2022-03-11,21.2477
2022-03-14,22.2629
2022-03-15,21.2575
2022-03-16,22.5184
2022-03-17,23.8469
2022-03-21,23.053
2022-03-22,23.9213
2022-03-23,23.4492
2022-03-24,23.3103
2022-03-25,23.1997
2022-03-28,23.3296
2022-03-29,23.8233
2022-03-30,24.385
2022-03-31,24.3458
2022-04-01,25.2806
2022-04-04,26.7767
2022-04-05,26.2772
2022-04-06,25.6639
2022-04-07,24.9934
2022-04-08,25.6152
2022-04-11,25.045
2022-04-12,24.2931
2022-04-13,24.0257
2022-04-18,22.6955
2022-04-19,21.1879
2022-04-20,22.4715
2022-04-21,23.6262
2022-04-22,22.5071
2022-04-25,21.5602
2022-04-26,22.5835
2022-04-27,21.74
2022-04-28,22.6672
2022-04-29,22.031
2022-05-02,21.7572
2022-05-04,19.8177
2022-05-05,19.6296
2022-05-06,18.3665
2022-05-09,17.6377
2022-05-10,17.0676
2022-05-11,17.0098
2022-05-12,16.5
2022-05-13,16.5
2022-05-16,16.5
2022-05-17,17.3764
2022-05-18,17.194
2022-05-19,16.5
2022-05-20,17.2582
2022-05-23,16.7255
2022-05-24,16.5
2022-05-25,16.5
2022-05-26,16.6678
2022-05-27,17.5107
2022-05-30,19.2361
2022-05-31,18.709
2022-06-01,18.4764
2022-06-02,18.999
2022-06-03,18.6704
2022-06-06,18.5354
2022-06-07,17.6193
2022-06-08,17.2394
2022-06-09,18.0819
2022-06-10,16.5
2022-06-13,16.5
2022-06-14,16.5
2022-06-15,16.5
2022-06-16,16.5
2022-06-17,16.5
2022-06-20,16.5
2022-06-21,16.5
2022-06-22,16.5
2022-06-23,16.5
2022-06-24,16.5
2022-06-27,16.5
2022-06-28,16.5
2022-06-29,16.5
2022-06-30,16.5
2022-07-01,16.5
2022-07-04,16.5
2022-07-05,16.5
2022-07-06,17.2967
2022-07-07,17.9414
2022-07-08,18.3554
2022-07-11,18.3138
2022-07-12,17.6281
2022-07-13,17.4045
2022-07-14,17.3387
2022-07-15,17.8628
2022-07-18,18.9291
2022-07-19,19.1782
2022-07-20,19.9547
2022-07-21,20.4902
2022-07-22,20.979
2022-07-25,20.5314
2022-07-26,19.9111
2022-07-28,21.9856
2022-07-29,23.0694
2022-08-01,23.8777
2022-08-02,23.7263
2022-08-03,24.1941
2022-08-04,24.0882
2022-08-05,24.2377
2022-08-08,24.9237
2022-08-10,24.945
2022-08-11,25.5189
2022-08-12,25.8312
2022-08-16,26.4657
2022-08-17,26.9698
2022-08-18,27.1556
2022-08-19,26.0404
2022-08-22,24.9332
2022-08-23,25.5607
2022-08-24,25.5001
2022-08-25,25.0341
2022-08-26,25.4085
2022-08-29,24.2413
2022-08-30,26.2417
2022-09-01,25.3777
2022-09-02,25.2256
2022-09-05,25.8606
2022-09-06,25.874
2022-09-07,25.7893
2022-09-08,26.6516
2022-09-09,26.8013
2022-09-12,27.3005
2022-09-13,27.9316
2022-09-14,27.5717
2022-09-15,26.909
2022-09-16,25.319
2022-09-19,25.7002
2022-09-20,26.4538
2022-09-21,26.0565
2022-09-22,25.6483
2022-09-23,24.1665
2022-09-26,22.6833
2022-09-27,22.7563
2022-09-28,21.7026
2022-09-29,21.799
2022-09-30,23.1029
2022-10-03,21.9847
2022-10-04,23.9574
2022-10-06,24.1516
2022-10-07,24.1443
2022-10-10,23.8327
2022-10-11,22.4187
2022-10-12,23.2156
2022-10-13,22.6638
2022-10-14,23.5543
2022-10-17,24.1369
2022-10-18,24.9562
2022-10-19,25.0811
2022-10-20,25.2963
2022-10-21,25.3728
2022-10-24,26.109
2022-10-25,25.6291
2022-10-27,26.1883
2022-10-28,26.3689
2022-10-31,27.4289
2022-11-01,28.0207
2022-11-02,27.6738
2022-11-03,27.5584
2022-11-04,27.9505
2022-11-07,28.3207
2022-11-09,27.932
2022-11-10,27.5457
2022-11-11,29.0701
2022-11-14,28.8647
2022-11-15,29.2931
2022-11-16,29.1305
2022-11-17,28.7301
2022-11-18,28.522
2022-11-21,27.7812
2022-11-22,28.1535
2022-11-23,28.1099
2022-11-24,29.2179
2022-11-25,29.1009
2022-11-28,29.2689
2022-11-29,29.4071
2022-11-30,30.0555
2022-12-01,30.038
2022-12-02,29.5259
2022-12-05,29.3924
2022-12-06,29.1082
2022-12-07,28.6141
2022-12-08,28.8045
2022-12-09,28.2353
2022-12-12,28.1786
2022-12-13,28.5264
2022-12-14,28.638
2022-12-15,27.5972
2022-12-16,27.0305
2022-12-19,27.6002
2022-12-20,27.3838
2022-12-21,26.6313
2022-12-22,26.2252
2022-12-23,25.0455
2022-12-26,25.7493
2022-12-27,26.2171
2022-12-28,26.0666
2022-12-29,26.4397
2022-12-30,26.0323
2023-01-02,26.3524
2023-01-03,26.4228
2023-01-04,25.6095
2023-01-05,25.4377
2023-01-06,24.8937
2023-01-09,25.7485
2023-01-10,25.0888
2023-01-11,24.9272
2023-01-12,24.8234
2023-01-13,25.1365
2023-01-16,24.8897
2023-01-17,25.5171
2023-01-18,25.9143
2023-01-19,25.6045
2023-01-20,25.354
2023-01-23,25.6537
2023-01-24,25.6332
2023-01-25,24.8874
2023-01-27,23.7144
2023-01-30,23.9481
2023-01-31,24.0076
2023-02-01,23.7058
2023-02-02,23.7274
2023-02-03,24.5644
2023-02-06,24.2767
2023-02-07,24.1065
2023-02-08,24.6469
2023-02-09,24.7647
2023-02-10,24.5388
2023-02-13,24.2219
2023-02-15,25.2001
2023-02-16,25.1505
2023-02-17,24.8518
2023-02-20,24.4698
2023-02-21,24.427
2023-02-22,23.2948
2023-02-23,23.1647
2023-02-24,22.918
2023-02-27,22.6661
2023-02-28,22.296
2023-03-01,22.817
2023-03-02,22.2352
2023-03-03,23.295
2023-03-06,23.7821
2023-03-08,23.8848
2023-03-09,23.1739
2023-03-10,22.482
2023-03-13,21.4996
2023-03-14,20.9958
2023-03-15,20.5729
2023-03-16,20.6984
2023-03-17,21.1516
2023-03-20,20.6374
2023-03-21,21.0578
2023-03-22,21.1923
2023-03-23,20.8665
2023-03-24,20.2805
2023-03-27,20.3985
2023-03-28,20.3519
2023-03-29,21.0082
2023-03-31,22.0228
2023-04-03,22.1725
2023-04-05,22.835
2023-04-06,22.9792
2023-04-10,22.9919
2023-04-11,23.4461
2023-04-12,23.8537
2023-04-13,23.8726
2023-04-17,23.2454
2023-04-18,22.9957
2023-04-19,22.6949
2023-04-20,22.7196
2023-04-21,22.6504
2023-04-24,23.2912
2023-04-25,23.3289
2023-04-26,23.6001
2023-04-27,24.1604
2023-04-28,24.8595
2023-05-02,25.3601
2023-05-03,25.0293
2023-05-04,25.9599
2023-05-05,24.9061
2023-05-08,26.1407
2023-05-09,26.0706
2023-05-10,26.4258
2023-05-11,26.4039
2023-05-12,26.4739
2023-05-15,26.981
2023-05-16,26.2179
2023-05-17,25.6374
2023-05-18,25.1549
2023-05-19,25.6582
2023-05-22,26.3777
2023-05-23,26.6103
2023-05-24,26.2216
2023-05-25,26.5635
2023-05-29,28.551
2023-05-30,28.7703
2023-05-31,27.7929
2023-06-01,27.4671
2023-06-02,27.7117
2023-06-05,28.2051
2023-06-06,28.2618
2023-06-07,29.0224
2023-06-08,28.3219
2023-06-09,27.6729
2023-06-12,27.9663
2023-06-13,28.6542
2023-06-14,28.7928
2023-06-15,28.2309
2023-06-16,29.1507
2023-06-19,28.5723
2023-06-20,29.0416
2023-06-21,29.1426
2023-06-22,28.489
2023-06-23,27.6585
2023-06-26,27.7767
2023-06-27,28.5499
2023-06-28,29.6215
2023-06-30,30.5
2023-07-03,30.5
2023-07-04,30.5
2023-07-05,30.5
2023-07-06,30.5
2023-07-07,30.5
2023-07-10,30.5
2023-07-11,30.5
2023-07-12,30.5
2023-07-13,30.5
2023-07-14,30.5
2023-07-17,30.5
2023-07-18,30.5
2023-07-19,30.5
2023-07-20,30.5
2023-07-21,30.5
2023-07-24,30.5
2023-07-25,30.5
2023-07-26,30.5
2023-07-27,30.5
2023-07-28,30.0979
2023-07-31,30.4965
2023-08-01,30.3325
2023-08-02,29.1284
2023-08-03,28.4661
2023-08-04,28.9703
2023-08-07,29.3314
2023-08-08,29.1126
2023-08-09,29.3186
2023-08-10,28.8284
2023-08-11,28.1437
2023-08-14,28.0251
2023-08-16,28.1195
2023-08-17,27.5697
2023-08-18,27.2042
2023-08-21,27.6245
2023-08-22,27.6106
2023-08-23,27.7953
2023-08-24,27.4492
2023-08-25,26.7596
2023-08-28,26.9895
2023-08-29,27.1778
2023-08-30,27.0712
2023-08-31,26.7461
2023-09-01,27.3631
2023-09-05,28.0164
2023-09-06,28.1396
2023-09-07,28.5422
2023-09-08,28.8978
2023-09-11,29.5954
2023-09-12,29.4247
2023-09-13,29.6514
2023-09-14,29.702
2023-09-15,29.8683
2023-09-18,29.5659
2023-09-20,28.5822
2023-09-21,27.8499
2023-09-22,27.5326
2023-09-25,27.4499
2023-09-26,27.404
2023-09-27,27.5814
2023-09-28,26.831
2023-09-29,27.137
2023-10-03,26.6342
2023-10-04,26.2952
2023-10-05,26.6646
2023-10-06,27.0376
2023-10-09,26.3968
2023-10-10,27.1303
2023-10-11,27.5412
2023-10-12,27.3869
2023-10-13,27.1362
2023-10-16,27.0902
2023-10-17,27.3776
2023-10-18,26.751
2023-10-19,26.4918
2023-10-20,26.1843
2023-10-23,25.1436
2023-10-25,24.5343
2023-10-26,23.4534
2023-10-27,24.2532
2023-10-30,24.5751
2023-10-31,24.3179
2023-11-01,23.9297
2023-11-02,24.5042
2023-11-03,24.7929
2023-11-06,25.4821
2023-11-07,25.4732
2023-11-08,25.5172
2023-11-09,25.363
2023-11-10,25.4856
2023-11-12,25.7571
2023-11-13,25.4121
2023-11-15,26.2867
2023-11-16,26.5694
2023-11-17,26.3713
2023-11-20,26.2345
2023-11-21,26.5266
2023-11-22,26.598
2023-11-23,26.5592
2023-11-24,26.4349
2023-11-28,26.847
2023-11-29,27.509
2023-11-30,27.5728
2023-12-01,27.996
2023-12-04,29.5233
2023-12-05,30.0402
2023-12-06,30.2035
2023-12-07,30.0053
2023-12-08,30.0836
2023-12-11,30.0362
2023-12-12,29.5921
2023-12-13,29.6119
2023-12-15,30.5
2023-12-18,30.5
2023-12-19,30.5
2023-12-20,29.6289
2023-12-21,30.1268
2023-12-22,30.1765
2023-12-26,30.4593
2023-12-27,30.5
2023-12-28,30.5
2023-12-29,30.5
2024-01-01,30.5
2024-01-02,30.4421
2024-01-03,29.8908
2024-01-04,30.2305
2024-01-05,30.2414
2024-01-08,29.5433
2024-01-09,29.5928
2024-01-10,29.7456
2024-01-11,29.8046
2024-01-12,30.442
2024-01-15,30.5
2024-01-16,30.5
2024-01-17,29.1485
2024-01-18,28.7901
2024-01-19,29.2317
2024-01-20,29.0249
2024-01-23,27.9306
2024-01-24,28.5638
2024-01-25,28.2353
2024-01-29,29.3368
2024-01-30,28.6061
2024-01-31,29.092
2024-02-01,28.9677
2024-02-02,29.3954
2024-02-05,29.0328
2024-02-06,29.4975
2024-02-07,29.4504
2024-02-08,28.7988
2024-02-09,28.8195
2024-02-12,28.2329
2024-02-13,28.5376
2024-02-14,28.8491
2024-02-15,29.0252
2024-02-16,29.2808
2024-02-19,29.4564
2024-02-20,29.6455
2024-02-21,29.0142
2024-02-22,29.5037
2024-02-23,29.345
2024-02-26,29.0346
2024-02-27,29.1845
2024-02-28,28.3085
2024-02-29,28.5894
2024-03-01,29.3586
2024-03-02,29.4104
2024-03-04,29.3912
2024-03-05,29.1916
2024-03-06,29.4658
2024-03-07,29.3934
2024-03-11,28.8394
2024-03-12,28.8084
2024-03-13,27.7186
2024-03-14,28.1688
2024-03-15,27.6577
2024-03-18,27.7651
2024-03-19,27.0098
2024-03-20,27.0982
2024-03-21,27.5208
2024-03-22,27.6654
2024-03-26,27.4319
2024-03-27,27.7597
2024-03-28,28.2736
2024-04-01,28.5755
2024-04-02,28.4958
2024-04-03,28.3768
2024-04-04,28.5871
2024-04-05,28.4667
2024-04-08,28.795
2024-04-09,28.666
2024-04-10,28.8598
2024-04-12,28.1721
2024-04-15,27.4223
2024-04-16,27.0895
2024-04-18,26.6708
2024-04-19,26.9331
2024-04-22,27.5272
2024-04-23,27.4492
2024-04-24,27.5441
2024-04-25,27.9093
2024-04-26,27.537
2024-04-29,28.0015
2024-04-30,27.8087
2024-05-02,27.9445
2024-05-03,27.3191
2024-05-06,27.2714
2024-05-07,26.7889
2024-05-08,26.7518
2024-05-09,25.7521
2024-05-10,25.9626
2024-05-13,26.113
2024-05-14,26.3716
2024-05-15,26.2953
2024-05-16,26.7682
2024-05-17,26.9294
2024-05-18,26.9986
2024-05-21,26.9534
2024-05-22,27.2212
2024-05-23,28.0857
2024-05-24,28.0219
2024-05-27,27.8994
2024-05-28,27.6682
2024-05-29,27.1675
2024-05-30,26.7116
2024-05-31,26.6512
2024-06-03,28.673
2024-06-04,25.0198
2024-06-05,26.5786
2024-06-06,27.2959
2024-06-07,28.3952
2024-06-10,28.2313
2024-06-11,28.2432
2024-06-12,28.3084
2024-06-13,28.4898
2024-06-14,28.5698
2024-06-18,28.7895
2024-06-19,28.6073
2024-06-20,28.6957
2024-06-21,28.2916
2024-06-24,28.4852
2024-06-25,28.8811
2024-06-26,29.1232
2024-06-27,29.5578
2024-06-28,29.394
2024-07-01,29.5971
2024-07-02,29.4841
2024-07-04,29.8649
2024-07-05,29.7827
2024-07-08,29.7089
2024-07-09,29.8159
2024-07-10,29.4432
2024-07-11,29.4065
2024-07-12,29.7327
2024-07-15,29.811
2024-07-16,29.7369
2024-07-18,30.0627
2024-07-19,29.3483
2024-07-22,29.2363
2024-07-23,29.0566
2024-07-24,28.8976
2024-07-25,28.7592
2024-07-26,29.7173
2024-07-29,29.601
2024-07-30,29.511
2024-07-31,29.7418
2024-08-01,29.7116
2024-08-02,28.9106
2024-08-05,27.3355
2024-08-06,27.246
2024-08-07,27.8594
2024-08-08,27.3029
2024-08-09,27.8774
2024-08-12,27.7905
2024-08-13,27.2575
2024-08-14,27.2262
2024-08-16,28.1224
2024-08-19,28.1777
2024-08-20,28.3712
2024-08-21,28.5939
2024-08-22,28.6214
2024-08-23,28.6331
2024-08-26,29.0329
2024-08-27,28.9539
2024-08-28,29.0258
2024-08-29,29.247
2024-08-30,29.4124
2024-09-02,29.4207
2024-09-03,29.3537
2024-09-04,29.1469
2024-09-05,28.9444
2024-09-06,28.2152
2024-09-09,28.362
2024-09-10,28.5965
2024-09-11,28.3012
2024-09-12,29.1846
2024-09-13,29.2047
2024-09-16,29.2377
2024-09-17,29.2623
2024-09-18,29.0502
2024-09-19,29.2616
2024-09-20,30.1603
2024-09-23,30.3563
2024-09-24,30.3179
2024-09-25,30.3641
2024-09-26,30.5
2024-09-27,30.5
2024-09-30,29.5308
2024-10-01,29.4146
2024-10-03,27.9756
2024-10-04,27.382
2024-10-07,26.7612
2024-10-08,27.2711
2024-10-09,27.1726
2024-10-10,27.0953
2024-10-11,26.9714
2024-10-14,27.3475
2024-10-15,27.1062
2024-10-16,26.7965
2024-10-17,26.2266
2024-10-18,26.4724
2024-10-21,26.1231
2024-10-22,25.4372
2024-10-23,25.2912
2024-10-24,25.2076
2024-10-25,24.6619
2024-10-28,25.0344
2024-10-29,25.2276
2024-10-30,24.9321
2024-10-31,24.6158
2024-11-01,24.7504
2024-11-04,23.9192
2024-11-05,24.4377
2024-11-06,25.1847
2024-11-07,24.3726
2024-11-08,24.1242
2024-11-11,24.1297
2024-11-12,23.3607
2024-11-13,22.6879
2024-11-14,22.543
2024-11-18,22.2567
2024-11-19,22.2411
2024-11-21,21.8769
2024-11-22,23.3088
2024-11-25,24.332
2024-11-26,24.1447
2024-11-27,24.3554
2024-11-28,23.4283
2024-11-29,23.8746
2024-12-02,24.2797
2024-12-03,24.7408
2024-12-04,24.759
2024-12-05,25.4246
2024-12-06,25.3012
2024-12-09,25.1489
2024-12-10,25.1027
2024-12-11,25.1008
2024-12-12,24.8079
2024-12-13,25.4943
2024-12-16,25.0705
2024-12-17,24.0642
2024-12-18,23.7254
2024-12-19,22.9402
2024-12-20,21.9105
2024-12-23,22.2357
2024-12-24,22.1611
2024-12-26,22.2308
2024-12-27,22.4312
2024-12-30,21.869
2024-12-31,21.8798
2025-01-01,22.1397
2025-01-02,23.4002
2025-01-03,22.8146
2025-01-06,21.6387
2025-01-07,21.8174
2025-01-08,21.7221
2025-01-09,21.3067
2025-01-10,20.8739
2025-01-13,19.6823
2025-01-14,20.0372
2025-01-15,20.0725
2025-01-16,20.4471
2025-01-17,19.9111
2025-01-20,20.3403
2025-01-22,19.7154
2025-01-23,19.8796
2025-01-24,19.4205
2025-01-27,18.4577
2025-01-28,18.9954
2025-01-29,19.6768
2025-01-30,20.0836
2025-01-31,20.8928
2025-02-01,20.731
2025-02-03,20.2163
2025-02-04,21.4211
2025-02-05,21.3042
2025-02-06,21.0509
2025-02-07,20.779
2025-02-10,20.053
2025-02-11,18.8874
2025-02-12,18.8177
2025-02-13,18.6465
2025-02-14,18.1731
2025-02-17,18.4045
2025-02-18,18.2385
2025-02-19,18.1807
2025-02-20,18.1252
2025-02-21,17.5539
2025-02-24,16.7091
2025-02-25,16.5754
2025-02-27,16.5
2025-02-28,16.5
2025-03-03,16.5
2025-03-04,16.5
2025-03-05,16.5
2025-03-06,16.5649
2025-03-07,16.5927
2025-03-10,16.5
2025-03-11,16.5475
2025-03-12,16.5
2025-03-13,16.5
2025-03-17,16.6211
2025-03-18,17.8983
2025-03-19,18.1288
2025-03-20,19.0751
2025-03-21,19.7759
2025-03-24,20.9994
2025-03-25,20.681
2025-03-26,20.0933
2025-03-27,20.6106
2025-03-28,20.184
2025-04-01,18.9345
2025-04-02,19.5314
2025-04-03,19.18
2025-04-04,17.8957
2025-04-07,16.5
2025-04-08,16.5915
2025-04-09,16.5
2025-04-11,17.8372
2025-04-15,19.7636
2025-04-16,20.11
2025-04-17,21.6633
2025-04-21,22.7483
2025-04-22,22.7959
2025-04-23,23.4319
2025-04-24,23.2148
2025-04-25,22.2426
2025-04-28,23.4781
2025-04-29,23.5261
2025-04-30,23.2232
2025-05-05,24.0426
2025-05-06,23.5667
2025-05-07,23.8475
2025-05-08,22.8731
2025-05-09,22.4394
2025-05-12,25.8241
2025-05-13,24.573
2025-05-14,24.9231
2025-05-15,26.2492
2025-05-16,26.1457
2025-05-19,25.8323
2025-05-20,24.9777
2025-05-21,25.3119
2025-05-22,24.6913
2025-05-23,25.487
2025-05-26,26.0644
2025-05-27,25.4637
2025-05-28,25.1538
2025-05-29,25.6049
2025-05-30,25.0376
2025-06-02,24.8517
2025-06-03,24.2634
2025-06-04,24.5376
2025-06-05,25.0939
2025-06-06,25.9778
2025-06-09,26.3376
2025-06-10,26.2745
2025-06-11,26.3878
2025-06-12,25.3639
2025-06-13,24.9126
2025-06-16,25.6803
2025-06-17,25.3064
2025-06-18,25.1525
2025-06-19,24.9568
2025-06-20,26.2166
2025-06-23,25.7692
2025-06-24,26.201
2025-06-25,26.8244
2025-06-26,27.918
2025-06-27,28.2753
2025-06-30,27.7858
2025-07-01,27.8465
2025-07-02,27.4856
2025-07-03,27.2997
2025-07-04,27.535
2025-07-07,27.48
2025-07-08,27.7213
2025-07-09,27.501
2025-07-10,27.0747
2025-07-11,26.3179
2025-07-14,26.1357
2025-07-15,26.6572
2025-07-16,26.6174
2025-07-17,26.3267
2025-07-18,25.8399
2025-07-21,26.3779
2025-07-22,26.33
2025-07-23,26.9257
2025-07-24,26.3521
2025-07-25,25.5063
2025-07-28,24.8954
2025-07-29,25.5119
2025-07-30,25.5749
2025-07-31,25.272
2025-08-01,24.5201
2025-08-04,25.1413
2025-08-05,24.8503
2025-08-06,24.5475
2025-08-07,24.7852
2025-08-08,23.6936
2025-08-12,24.2435
2025-08-13,24.8255
2025-08-14,24.7643
2025-08-18,25.8224
2025-08-19,26.2241
2025-08-20,26.4243
2025-08-21,26.5165
2025-08-22,25.6809
2025-08-25,26.0915
2025-08-26,25.022
2025-08-28,24.3164
2025-08-29,23.9153
2025-09-01,24.6558
2025-09-02,24.4597
2025-09-03,24.9917
2025-09-04,25.0787
2025-09-05,25.0792
2025-09-08,25.2421
2025-09-09,25.5563
2025-09-10,25.9094
2025-09-11,25.9942
2025-09-12,26.3437
2025-09-15,26.159
2025-09-16,26.8343
2025-09-17,27.0868
2025-09-18,27.3883
2025-09-19,27.086
2025-09-22,26.4678
2025-09-23,26.3807
2025-09-24,25.8836
2025-09-25,25.2789
2025-09-26,24.3984
2025-09-29,24.4158
2025-09-30,24.2504
2025-10-01,25.0754
2025-10-03,25.2249
2025-10-06,25.8809
2025-10-07,26.0142
2025-10-08,25.6717
2025-10-09,26.2041
2025-10-10,26.5768
2025-10-13,26.3921
2025-10-14,25.9388
2025-10-15,26.6557
2025-10-16,27.4833
2025-10-17,27.9278
2025-10-20,28.3862
2025-10-21,28.2493
2025-10-23,28.3079
2025-10-24,27.9782
2025-10-27,28.5292
2025-10-28,28.4235
2025-10-29,28.7018
2025-10-30,28.0132
2025-10-31,27.4049
2025-11-03,27.4927
2025-11-04,26.7975
2025-11-06,26.5275
2025-11-07,26.4544
2025-11-10,26.6338
2025-11-11,27.0388
2025-11-12,27.5615
2025-11-13,27.5412
2025-11-14,27.5959
2025-11-17,27.869
2025-11-18,27.4086
2025-11-19,27.8879
2025-11-21,27.8739
2025-11-24,27.4153
2025-11-25,27.0863
2025-11-26,28.1867
2025-11-27,28.172
2025-11-28,28.0533
2025-12-01,27.8951
2025-12-02,27.4401
2025-12-03,27.1489
2025-12-04,27.2042
2025-12-05,27.6758
2025-12-08,26.8228
2025-12-09,26.4839
2025-12-10,26.1209
2025-12-11,26.6032
2025-12-12,27.0477
2025-12-15,26.9121
2025-12-16,26.3327
2025-12-17,26.2018
2025-12-18,26.1505
2025-12-19,26.6179
2025-12-22,27.2818
2025-12-23,27.2677
2025-12-24,27.1605
2025-12-26,26.825
2025-12-29,26.4715
2025-12-30,26.5482
2025-12-31,27.1745
2026-01-01,27.1561
2026-01-02,27.8832
2026-01-05,27.5308
2026-01-06,27.254
2026-01-07,27.1298
2026-01-08,26.0347
2026-01-09,25.3517
2026-01-12,25.7651
2026-01-13,25.3603
2026-01-14,25.145
2026-01-16,25.2638
2026-01-19,24.5943
2026-01-20,23.1045
2026-01-21,22.8147
2026-01-22,23.4717
2026-01-23,22.27
2026-01-27,23.0103
2026-01-28,23.5108
2026-01-29,23.8324
2026-01-30,23.2802
2026-02-01,20.419
2026-02-02,21.944
2026-02-03,25.3983
2026-02-04,25.5516
2026-02-05,24.9839
2026-02-06,25.1681
2026-03-13,16.5
2026-03-16,16.5
2026-03-17,16.5
2026-03-18,16.5
2026-03-19,16.5
2026-03-20,16.5
2026-03-23,16.5
2026-03-24,16.5
2026-03-25,16.5
2026-03-27,16.5
2026-03-30,16.5
2026-04-01,11.74996
2026-04-02,11.717349
2026-04-03,11.702298
