date,pcr,source
2015-01-09,1.05,
2015-01-12,1.05,
2015-01-13,1.05,
2015-01-14,1.05,
2015-01-15,1.05,
2015-01-19,1.05,
2015-01-20,1.05,
2015-01-21,1.05,
2015-01-22,1.05,
2015-01-23,1.05,
2015-01-27,1.05,
2015-01-28,1.05,
2015-01-29,1.05,
2015-01-30,1.05,
2015-02-02,1.05,
2015-02-03,1.05,
2015-02-04,1.05,
2015-02-05,1.05,
2015-02-06,1.05,
2015-02-09,0.8216579994568891,
2015-02-10,0.892464408471785,
2015-02-11,0.9490058286755176,
2015-02-12,0.982331468620692,
2015-02-13,0.9955000554580432,
2015-02-16,0.943536195310296,
2015-02-18,0.9464276183521674,
2015-02-19,1.0039475862002634,
2015-02-20,0.9192016173872674,
2015-02-23,0.8922611371222828,
2015-02-24,0.9037516733197132,
2015-02-25,1.020585511237008,
2015-02-26,1.063942728034723,
2015-02-27,1.2572972288637505,
2015-02-28,1.45,
2015-03-02,1.4004982052960948,
2015-03-03,1.345613861261407,
2015-03-04,1.307722806478477,
2015-03-05,1.2982033981477523,
2015-03-09,1.2112917439827895,
2015-03-10,1.2066912475864036,
2015-03-11,1.2067135538886145,
2015-03-12,1.2053648524729188,
2015-03-13,1.181606076168192,
2015-03-16,1.1611534987285523,
2015-03-17,1.1524040132305255,
2015-03-18,1.1270338547007763,
2015-03-19,1.1311909117367187,
2015-03-20,1.163171229528569,
2015-03-23,1.155053961626634,
2015-03-24,1.182376842173107,
2015-03-25,1.2126628781175175,
2015-03-26,1.0579785092224383,
2015-03-27,1.1243253717451358,
2015-03-30,1.1539995654909994,
2015-03-31,1.1061339554477645,
2015-04-01,1.2295634502122217,
2015-04-06,1.069523681050852,
2015-04-07,1.1231383763603964,
2015-04-08,1.0966277862113805,
2015-04-09,1.0746233807040897,
2015-04-10,1.0988267427482032,
2015-04-13,1.0494899877701596,
2015-04-15,1.018866514768533,
2015-04-16,0.9456912809148486,
2015-04-17,0.924461009824611,
2015-04-20,0.7204778174280526,
2015-04-21,0.7080783168886626,
2015-04-22,0.7626597851573296,
2015-04-23,0.728277812191808,
2015-04-24,0.7550191832142435,
2015-04-27,0.8195573853224738,
2015-04-28,0.9257500472245728,
2015-04-29,0.9478587603635432,
2015-04-30,0.9583433610176798,
2015-05-04,0.9622532947393012,
2015-05-05,0.968247248994833,
2015-05-06,0.8362230752613127,
2015-05-07,0.8612190243017473,
2015-05-08,0.9103928577055752,
2015-05-11,0.9519779834764258,
2015-05-12,0.8436669293966955,
2015-05-13,0.8537069025753914,
2015-05-14,0.8678502325750742,
2015-05-15,0.9383531987721518,
2015-05-18,1.1035886137835078,
2015-05-20,1.1308770865447817,
2015-05-21,1.163786846970572,
2015-05-22,1.2045769033630236,
2015-05-25,1.1930744856987876,
2015-05-26,1.1684817011138124,
2015-05-27,1.1419810348465338,
2015-05-28,1.1530305826501677,
2015-05-29,1.1883375151929,
2015-06-01,1.164576743461906,
2015-06-02,1.1683073084981892,
2015-06-03,1.1119540463981126,
2015-06-04,1.0549531973900783,
2015-06-05,1.0508812067614224,
2015-06-08,0.979011791493377,
2015-06-09,1.054272744196908,
2015-06-10,1.1285862958104598,
2015-06-11,1.041949959249774,
2015-06-12,1.0655627463747213,
2015-06-15,1.0380514516412118,
2015-06-16,1.106163901021476,
2015-06-17,1.187045154777405,
2015-06-18,1.2902717173392655,
2015-06-19,1.364577343357238,
2015-06-22,1.27125277380806,
2015-06-23,1.2871665428082066,
2015-06-24,1.1714778695665569,
2015-06-25,1.1607728291223471,
2015-06-26,1.1714360809663755,
2015-06-29,1.0051880546106844,
2015-06-30,1.046129033474015,
2015-07-01,1.1535578999137663,
2015-07-02,1.1722395503730596,
2015-07-03,1.082385208139421,
2015-07-06,1.106781224785901,
2015-07-07,1.0580597295597347,
2015-07-08,0.8605807638001602,
2015-07-09,0.9011107434736528,
2015-07-10,0.9475553290002978,
2015-07-13,1.0545993616817526,
2015-07-14,1.08675649899886,
2015-07-15,1.14663236218682,
2015-07-16,1.2453387096897195,
2015-07-17,1.2355061825342215,
2015-07-20,1.203914440497936,
2015-07-21,1.1856732552744296,
2015-07-22,1.172516270125787,
2015-07-23,1.116966521411728,
2015-07-24,1.1223784094758469,
2015-07-27,0.9933594518268308,
2015-07-28,1.048847231711298,
2015-07-29,1.0548278116628569,
2015-07-30,1.131774957981203,
2015-07-31,1.2190316738252702,
2015-08-03,1.1032123781189624,
2015-08-04,1.166909823288857,
2015-08-05,1.1848204272420912,
2015-08-06,1.1734236721454387,
2015-08-07,1.1368978429444676,
2015-08-10,1.0025911423774982,
2015-08-11,0.8990477275771198,
2015-08-12,0.6894986396163572,
2015-08-13,0.8097781121821488,
2015-08-14,0.9734683977890932,
2015-08-17,0.9188133495988462,
2015-08-18,0.9449034835180342,
2015-08-19,0.9115545686585416,
2015-08-20,0.8866117020031565,
2015-08-21,0.8879442634308145,
2015-08-24,0.65,
2015-08-25,0.7308114021737047,
2015-08-26,0.8177003827119242,
2015-08-27,0.9309058394070844,
2015-08-31,0.8796646745144376,
2015-09-01,0.8128256310055274,
2015-09-02,0.8838999364725324,
2015-09-03,0.9539268705993872,
2015-09-04,0.9137255826851768,
2015-09-07,0.9280032606681105,
2015-09-08,0.9794142345020258,
2015-09-09,0.9944795491826256,
2015-09-10,0.9910835666358871,
2015-09-11,0.993552570692464,
2015-09-14,1.0205030976582223,
2015-09-15,1.047487576409906,
2015-09-16,1.1171437439698453,
2015-09-18,1.2579693276583694,
2015-09-21,1.2726174184528372,
2015-09-22,1.2125038244447366,
2015-09-23,1.1850612925062136,
2015-09-24,1.1649714973961665,
2015-09-28,1.1232551464025338,
2015-09-29,1.1261562475749995,
2015-09-30,1.1930419801262484,
2015-10-01,1.199637220436484,
2015-10-05,1.1912957965840796,
2015-10-06,1.1704906517775484,
2015-10-07,1.159389111662266,
2015-10-08,1.1406528470213233,
2015-10-09,1.1620294702312075,
2015-10-12,1.1422196124201265,
2015-10-13,1.1931070289355177,
2015-10-14,1.20583963355471,
2015-10-15,1.2373146471699024,
2015-10-16,1.2930385036458585,
2015-10-19,1.2293099301329886,
2015-10-20,1.207633869017508,
2015-10-21,1.2219007617774988,
2015-10-23,1.2298311086104174,
2015-10-26,1.14634426970422,
2015-10-27,1.18292721137323,
2015-10-28,1.1388827789770772,
2015-10-29,1.0839340243581606,
2015-10-30,1.0456920853190792,
2015-11-02,0.8832183459720204,
2015-11-03,0.8813027161305214,
2015-11-04,0.90193482482536,
2015-11-05,0.908291347287288,
2015-11-06,0.888980722457992,
2015-11-09,1.1245129896643051,
2015-11-10,1.1361756212049283,
2015-11-11,1.1462777553077097,
2015-11-13,1.0434945141034877,
2015-11-16,1.0235111805484092,
2015-11-17,1.122557352577137,
2015-11-18,1.078207317663067,
2015-11-19,1.230350927850296,
2015-11-20,1.214799689952016,
2015-11-23,1.1057843597341594,
2015-11-24,1.1803084165460138,
2015-11-26,1.138559605462894,
2015-11-27,1.1324895386281968,
2015-11-30,1.1538675700001635,
2015-12-01,1.210294535308715,
2015-12-02,1.209216709183351,
2015-12-03,1.1479042689047805,
2015-12-04,1.1369961226630914,
2015-12-08,1.144815240891464,
2015-12-09,1.0205315162189772,
2015-12-10,1.0937584863983882,
2015-12-11,0.9365835125573796,
2015-12-14,0.8524110659936126,
2015-12-15,0.9222749575018084,
2015-12-16,1.0126941078510907,
2015-12-17,1.3713944101855022,
2015-12-18,1.290080691623036,
2015-12-21,1.2859647423705067,
2015-12-22,1.2339714595806477,
2015-12-23,1.285429014705233,
2015-12-24,1.246225915441494,
2015-12-28,1.1712094772364143,
2015-12-29,1.1731915161299256,
2015-12-30,1.1524271010542888,
2015-12-31,1.18387578736238,
2016-01-01,1.1420106547719004,
2016-01-04,0.921738859518916,
2016-01-05,0.938253522516712,
2016-01-06,0.9546057861979408,
2016-01-07,0.7954030692149532,
2016-01-08,0.8936316590110289,
2016-01-11,0.8484255601995268,
2016-01-12,0.8573036961901626,
2016-01-13,0.8887992864135392,
2016-01-14,0.8863818450044476,
2016-01-15,0.8638212321508218,
2016-01-18,0.8485913157684044,
2016-01-19,0.9536772007081044,
2016-01-20,0.8485096468332967,
2016-01-21,0.8756739492504421,
2016-01-22,0.983450533682163,
2016-01-25,1.02090196503716,
2016-01-27,0.9862083296549858,
2016-01-28,1.0671818535665047,
2016-01-29,1.1343988467401724,
2016-02-01,1.110799397555993,
2016-02-02,1.1045879258049724,
2016-02-03,1.058519264875016,
2016-02-04,1.116687007438519,
2016-02-05,1.1231195734525643,
2016-02-08,0.8809052348561924,
2016-02-09,0.775844432618835,
2016-02-10,0.7731445203202052,
2016-02-11,0.6781503605393441,
2016-02-12,0.8041793909116002,
2016-02-15,0.9318273780018465,
2016-02-16,0.9113952747782056,
2016-02-17,0.9772171493727566,
2016-02-18,0.994994276097978,
2016-02-19,1.0225103310516896,
2016-02-22,1.0227471684548737,
2016-02-23,0.9034286227600272,
2016-02-24,0.9546825400431348,
2016-02-25,0.9737223258280304,
2016-02-26,1.0256762201726557,
2016-02-29,1.1246392063711173,
2016-03-01,1.2120533767614914,
2016-03-02,1.197054920614193,
2016-03-03,1.2493988340496944,
2016-03-04,1.2558467995657974,
2016-03-08,1.2107689374075667,
2016-03-09,1.2371197715252626,
2016-03-10,1.2002960697597984,
2016-03-11,1.2276581194350047,
2016-03-14,1.2143577951148004,
2016-03-15,1.1745968616545228,
2016-03-16,1.1870539747922346,
2016-03-18,1.2078759855673584,
2016-03-21,1.1943647422504344,
2016-03-22,1.1757672008088025,
2016-03-23,1.1674331169785448,
2016-03-28,1.1006701093405735,
2016-03-29,1.08093041718988,
2016-03-30,1.135962943272347,
2016-03-31,1.163336139739222,
2016-04-01,1.065673432613344,
2016-04-04,1.0289215046060762,
2016-04-05,0.9418802124602724,
2016-04-06,1.025968850065893,
2016-04-07,1.101698446374909,
2016-04-08,1.1991087058705812,
2016-04-11,1.2616517518862191,
2016-04-12,1.239647274064969,
2016-04-13,1.2152273016001884,
2016-04-18,1.0298247219029533,
2016-04-20,0.996031029988963,
2016-04-21,1.1100975938332271,
2016-04-22,1.137558941021614,
2016-04-25,1.1006580417547955,
2016-04-26,1.1005118357461794,
2016-04-27,1.1501600787885509,
2016-04-28,1.088079542976318,
2016-04-29,1.0923036831023376,
2016-05-02,0.9635421499139102,
2016-05-03,0.8931670345966045,
2016-05-04,0.9002094184209319,
2016-05-05,0.9571788801420908,
2016-05-06,0.9907958616054038,
2016-05-09,1.0709096503991191,
2016-05-10,1.1161847398405995,
2016-05-11,0.9751048440980185,
2016-05-12,1.1574141862363614,
2016-05-13,0.973467160220139,
2016-05-16,0.9727568251736302,
2016-05-17,1.1820601481402682,
2016-05-18,1.145672855974736,
2016-05-19,0.9547865744450292,
2016-05-20,1.1621826439410772,
2016-05-23,1.2328798792937392,
2016-05-24,1.2022950352620314,
2016-05-25,1.3424101919641016,
2016-05-26,1.3236443526401378,
2016-05-27,1.2920957547847007,
2016-05-30,1.1480539182081893,
2016-05-31,1.1258684826966483,
2016-06-01,1.1574031176536363,
2016-06-02,1.278823765675913,
2016-06-03,1.264202857456577,
2016-06-06,1.183004528213795,
2016-06-07,1.2435996419042818,
2016-06-08,1.1846499479693289,
2016-06-09,1.0882688318706653,
2016-06-10,1.0257920468327522,
2016-06-13,0.8993774223327604,
2016-06-14,0.8119038002008051,
2016-06-15,0.8526368566089058,
2016-06-16,0.7758325907683113,
2016-06-17,0.8513425111703485,
2016-06-20,0.8529724633579885,
2016-06-21,0.90099116248726,
2016-06-22,0.8244468223834978,
2016-06-23,0.8673375459890528,
2016-06-24,0.8345143869030126,
2016-06-27,0.8691985026640952,
2016-06-28,0.9552932962916584,
2016-06-29,1.1066239767956487,
2016-06-30,1.1022628684376414,
2016-07-01,1.1659101720670093,
2016-07-04,1.1854671988397842,
2016-07-05,1.2173914841225348,
2016-07-07,1.2260312223405303,
2016-07-08,1.2408392451564654,
2016-07-11,1.246733299984759,
2016-07-12,1.2320632964608709,
2016-07-13,1.168707512022958,
2016-07-14,1.135390361126559,
2016-07-15,1.1241056176544018,
2016-07-18,1.086135230204592,
2016-07-19,1.0966066772309797,
2016-07-20,1.0730146486227694,
2016-07-21,1.0907397569636714,
2016-07-22,1.1032173566049412,
2016-07-25,1.065568087506758,
2016-07-26,1.0634650132376278,
2016-07-27,1.0941690056054096,
2016-07-28,1.168732797427705,
2016-07-29,1.2308472271248077,
2016-08-01,1.1339480972660934,
2016-08-02,0.9636436855816554,
2016-08-03,0.8207385095765738,
2016-08-04,1.1473616796062305,
2016-08-05,1.3265512989444097,
2016-08-08,1.2531745683742237,
2016-08-09,1.2545280001446668,
2016-08-10,1.1576365206110215,
2016-08-11,1.2792207550934689,
2016-08-12,1.3108739177777848,
2016-08-16,1.2177280276777331,
2016-08-17,1.1042520485325855,
2016-08-18,1.1360397132024986,
2016-08-19,1.128684928808253,
2016-08-22,1.1730342864937728,
2016-08-23,1.2189993200146745,
2016-08-24,1.26523217640231,
2016-08-25,1.267267934794772,
2016-08-26,1.202462939055176,
2016-08-29,1.2404149629736527,
2016-08-30,1.2379397048548044,
2016-08-31,1.1940899678013883,
2016-09-01,1.18067387910262,
2016-09-02,1.2375148568951746,
2016-09-06,1.2448636341899275,
2016-09-07,1.1623767299182388,
2016-09-08,1.1565845008718274,
2016-09-09,1.128120727331584,
2016-09-12,0.7798266624838486,
2016-09-14,0.8812538547643376,
2016-09-15,0.9032300397147774,
2016-09-16,0.9151176706446924,
2016-09-19,0.8670173882307737,
2016-09-20,0.8965443301735609,
2016-09-21,0.9015194277882316,
2016-09-22,1.1130471865799545,
2016-09-23,1.1238860839774032,
2016-09-26,0.943358902266304,
2016-09-27,0.994158713850776,
2016-09-28,1.0560962100243854,
2016-09-29,0.6506817180383506,
2016-09-30,0.8138364353896345,
2016-10-03,0.9544007203850248,
2016-10-04,1.0144773424137927,
2016-10-06,1.0356751253608452,
2016-10-07,1.0742469169809654,
2016-10-10,1.1005781128478076,
2016-10-13,0.9976230097222636,
2016-10-14,1.0509719510862077,
2016-10-17,0.9775101184986228,
2016-10-18,1.0902023458768824,
2016-10-19,1.0832872429187057,
2016-10-20,1.123145099371578,
2016-10-21,1.1504532693693512,
2016-10-24,1.0987761113515486,
2016-10-25,1.0912729855654246,
2016-10-26,1.1030504877786602,
2016-10-27,1.137928375803,
2016-10-28,1.0811053092177842,
2016-10-30,0.8874040245554147,
2016-11-01,0.9397238182253344,
2016-11-02,0.7741352760104698,
2016-11-03,0.8437352432573036,
2016-11-04,0.8286381347907767,
2016-11-07,0.8894556764982715,
2016-11-08,0.8804243740606632,
2016-11-09,0.9123635502168264,
2016-11-10,1.040976293334217,
2016-11-11,0.8582987381192873,
2016-11-15,0.7098558641920805,
2016-11-16,0.8075972230930125,
2016-11-17,0.8827799565760682,
2016-11-18,0.9526814175762236,
2016-11-21,0.883305260106495,
2016-11-22,0.937103452019787,
2016-11-23,0.9759174759204186,
2016-11-24,1.0488815531662978,
2016-11-25,1.024935998892707,
2016-11-28,0.9949028339243524,
2016-11-29,1.0337935096649362,
2016-11-30,1.1277037326712196,
2016-12-01,1.1433575615277085,
2016-12-02,1.0222850581239915,
2016-12-05,1.092784244618827,
2016-12-06,1.1167624052181775,
2016-12-07,1.1459633714379622,
2016-12-08,1.268508769780133,
2016-12-09,1.3045883927724953,
2016-12-12,1.1836693821047888,
2016-12-13,1.2014372195600818,
2016-12-14,1.1233263987320856,
2016-12-15,1.2124127001818872,
2016-12-16,1.2339712741829494,
2016-12-19,1.2599613041764743,
2016-12-20,1.2662349215888675,
2016-12-21,1.227776468547401,
2016-12-22,1.129761023565633,
2016-12-23,1.1629238479599058,
2016-12-26,0.991400890478346,
2016-12-27,1.1596502660766388,
2016-12-28,1.0957041931319906,
2016-12-29,1.1202016863432798,
2016-12-30,1.0856366628260328,
2017-01-02,1.017785941670314,
2017-01-03,0.9782247039862176,
2017-01-04,0.9742320755212958,
2017-01-05,1.14499778338215,
2017-01-06,1.1708523134495228,
2017-01-09,1.046585795436192,
2017-01-10,1.0993325629962831,
2017-01-11,1.1773980960917003,
2017-01-12,1.206833629082168,
2017-01-13,1.2362647269008649,
2017-01-16,1.0902875846613518,
2017-01-17,1.0286876640240383,
2017-01-18,1.0833090992433898,
2017-01-19,1.1148019059453904,
2017-01-20,0.9426429990936094,
2017-01-23,0.8839657016016529,
2017-01-24,1.0535175531760703,
2017-01-25,1.0811709792455766,
2017-01-27,0.8739650686112603,
2017-01-30,0.7728206198566463,
2017-01-31,0.7873934489291647,
2017-02-01,1.2820128513256352,
2017-02-02,1.3044692699331393,
2017-02-03,1.307919424577214,
2017-02-06,1.2468265151645253,
2017-02-07,1.213610131181447,
2017-02-08,1.21263567418787,
2017-02-09,1.207891890609631,
2017-02-10,1.1998637265461656,
2017-02-13,1.1447043986600975,
2017-02-14,1.1271997254960022,
2017-02-15,1.082377067413507,
2017-02-16,1.1217512705917172,
2017-02-17,1.14207328040361,
2017-02-20,1.1161778020753967,
2017-02-21,1.1151261117438225,
2017-02-22,1.0904087365423731,
2017-02-23,1.113795988606148,
2017-02-27,1.073506108332652,
2017-02-28,1.041484182988874,
2017-03-01,1.046597806192322,
2017-03-02,1.1369721184651749,
2017-03-03,1.1364374521639702,
2017-03-06,1.009013427392712,
2017-03-07,0.9041685369783076,
2017-03-08,0.8398848003317849,
2017-03-09,0.7701466937493486,
2017-03-10,0.9462989510666436,
2017-03-14,1.4235761957023412,
2017-03-15,1.3379193469098871,
2017-03-16,1.360470423864794,
2017-03-17,1.3153456777436996,
2017-03-20,1.2540785496635571,
2017-03-21,1.240302498044624,
2017-03-22,1.1780752729069164,
2017-03-23,1.2188353493106678,
2017-03-24,1.1849009994390023,
2017-03-27,1.116667422084072,
2017-03-28,1.1489990454969454,
2017-03-29,1.1429114549330768,
2017-03-30,1.126015929185016,
2017-03-31,1.0830071093249332,
2017-04-03,1.1957212756579216,
2017-04-05,1.174872415026467,
2017-04-06,1.1978689639422808,
2017-04-07,1.1336600851356318,
2017-04-10,1.1480382337899706,
2017-04-11,1.2342095861231257,
2017-04-12,1.146195693115733,
2017-04-13,1.1535236946649412,
2017-04-17,1.0401543296723577,
2017-04-18,0.8812181127352767,
2017-04-19,0.9418068211815084,
2017-04-20,1.155872395273659,
2017-04-21,1.187417973493737,
2017-04-24,1.114408146803423,
2017-04-26,1.0747108473921236,
2017-04-27,1.268523328773854,
2017-04-28,1.2911564196088416,
2017-05-02,1.1103649829875752,
2017-05-03,1.0783883785725434,
2017-05-04,1.1334353403121886,
2017-05-05,0.9142941394016224,
2017-05-08,1.0253301134391606,
2017-05-09,1.2081551957980214,
2017-05-10,1.235573458910488,
2017-05-11,1.242315685802886,
2017-05-12,1.2685041004499904,
2017-05-15,1.2312114846490527,
2017-05-16,1.2349675631770465,
2017-05-17,1.199880198510351,
2017-05-18,0.9263132449325656,
2017-05-19,1.032932610630136,
2017-05-22,1.0554060210809484,
2017-05-23,0.8165647504435793,
2017-05-24,0.9136116101680068,
2017-05-25,1.2263484303861074,
2017-05-26,1.1272458965858083,
2017-05-29,0.925050731700815,
2017-05-30,0.9357000653877884,
2017-05-31,0.9421853385543552,
2017-06-01,1.0404754369972538,
2017-06-02,1.1401243404259886,
2017-06-05,1.0858218311236565,
2017-06-06,1.0606333252391458,
2017-06-07,1.115223791474882,
2017-06-08,1.0766569246034905,
2017-06-09,1.1298614348793543,
2017-06-12,1.0043922470322042,
2017-06-13,1.032492975176794,
2017-06-14,1.0822630528586394,
2017-06-15,1.0348402070102816,
2017-06-16,1.1430283432215802,
2017-06-19,1.2072361232472013,
2017-06-20,1.193161621985096,
2017-06-21,1.1083859037177934,
2017-06-22,1.0273752451111289,
2017-06-23,0.9212570230827152,
2017-06-27,0.7010658242504062,
2017-06-28,0.8516378607844358,
2017-06-29,1.0035181515356266,
2017-06-30,0.9194282236246284,
2017-07-03,1.0626419855548728,
2017-07-04,1.0447735118972794,
2017-07-05,1.079904306651838,
2017-07-06,1.12730879021147,
2017-07-07,1.1527548259265892,
2017-07-10,1.1432226797863485,
2017-07-11,1.1403604328249275,
2017-07-12,1.0941583682906606,
2017-07-13,1.0423540711657922,
2017-07-14,1.061352259021594,
2017-07-17,0.991624654292012,
2017-07-18,0.99244779671789,
2017-07-19,1.0656601062585092,
2017-07-20,1.053944824634557,
2017-07-21,1.1213986033642165,
2017-07-24,1.0513685581795331,
2017-07-25,1.1857279072042546,
2017-07-26,1.0625216860192832,
2017-07-27,1.0312699828764524,
2017-07-28,1.0606588180463132,
2017-07-31,0.7032065576790025,
2017-08-01,0.7685718243802788,
2017-08-02,0.8059205856920908,
2017-08-03,0.9270054360687824,
2017-08-07,0.8584742310790905,
2017-08-08,0.6997401848833181,
2017-08-09,0.6870531312939567,
2017-08-10,0.7296114193939909,
2017-08-11,0.6897739248323105,
2017-08-14,0.8210148891037612,
2017-08-16,0.8615595315320793,
2017-08-17,0.8752087089569782,
2017-08-18,0.8772122501626796,
2017-08-21,0.8780830470839831,
2017-08-22,0.9462143853572174,
2017-08-23,1.0289759051132985,
2017-08-24,1.0892612711922132,
2017-08-28,1.091638224324302,
2017-08-29,1.0164960852892342,
2017-08-30,1.0930713770509928,
2017-08-31,1.1951070764720986,
2017-09-01,1.2205759685058013,
2017-09-04,1.069082917098639,
2017-09-05,1.1110113838828797,
2017-09-06,1.0935761118384555,
2017-09-07,1.1094476262316797,
2017-09-08,1.112223053419825,
2017-09-11,1.1753700386262176,
2017-09-12,1.2345134129113529,
2017-09-13,1.2159488253902848,
2017-09-14,1.2306205909323928,
2017-09-15,1.19133464911022,
2017-09-18,1.20999378098957,
2017-09-19,1.2043629663748263,
2017-09-20,1.1733603918580136,
2017-09-21,1.1617960235421847,
2017-09-22,0.9621270831257672,
2017-09-25,0.8860314562897111,
2017-09-26,0.9414954756096902,
2017-09-27,0.8148354114553952,
2017-09-28,0.9337582455180784,
2017-09-29,1.043367385033828,
2017-10-03,1.0423196548100424,
2017-10-04,1.1388445927505024,
2017-10-05,1.14308915546985,
2017-10-06,1.2178365614253188,
2017-10-09,1.163647294298483,
2017-10-10,1.1923221364430734,
2017-10-11,1.0983359367526937,
2017-10-12,1.191838423090175,
2017-10-13,1.157154923177308,
2017-10-16,1.1459462897438557,
2017-10-17,1.1048323029239862,
2017-10-18,1.1155093655482589,
2017-10-19,0.9977464732975552,
2017-10-23,1.012655282989192,
2017-10-24,1.1112826375176634,
2017-10-25,1.0769047234369389,
2017-10-26,1.0905265384504317,
2017-10-27,1.1073579619651883,
2017-10-30,0.9400128783781596,
2017-10-31,0.8503407258214644,
2017-11-01,0.919105434273524,
2017-11-02,0.9598370406846164,
2017-11-03,0.9907524641011476,
2017-11-06,0.7577806998411213,
2017-11-07,0.774000037424561,
2017-11-08,0.7657163743916543,
2017-11-09,0.8548048045799576,
2017-11-10,0.8458898276775038,
2017-11-14,0.7881332981937443,
2017-11-15,0.8136295159098115,
2017-11-16,0.93399429800334,
2017-11-17,0.9146541764847372,
2017-11-20,0.9602582245608424,
2017-11-21,0.93349424208003,
2017-11-22,0.906385748121157,
2017-11-23,0.9398077264647292,
2017-11-24,0.9972572337923856,
2017-11-27,1.081351192239148,
2017-11-28,1.071648997020492,
2017-11-29,1.094463003211534,
2017-11-30,1.0152784413305818,
2017-12-01,0.7900551373587855,
2017-12-04,0.7825185746650178,
2017-12-05,0.7975931312289728,
2017-12-06,0.8216400516045814,
2017-12-07,0.979700311469728,
2017-12-08,1.0946018669183304,
2017-12-11,1.0103747827044671,
2017-12-12,0.8324007014284112,
2017-12-13,0.7769864255060986,
2017-12-14,0.7766940448875905,
2017-12-15,0.968817733816152,
2017-12-18,1.1911967693503671,
2017-12-19,1.2729512486387144,
2017-12-20,1.2463772719792878,
2017-12-21,1.2343466147471085,
2017-12-22,1.2551134337994756,
2017-12-26,1.2045749483282382,
2017-12-27,1.162399009189388,
2017-12-28,1.1724170138617245,
2017-12-29,1.137366181496071,
2018-01-01,1.0771073685818042,
2018-01-02,1.044521632277366,
2018-01-03,1.0444194921776135,
2018-01-04,1.0544954774154098,
2018-01-05,1.0769294225197297,
2018-01-08,1.0212655058650897,
2018-01-09,1.0099572247572164,
2018-01-10,0.9844989347878592,
2018-01-11,0.9692520537077148,
2018-01-12,0.964778088367629,
2018-01-15,0.8682743292973214,
2018-01-16,0.913089711391554,
2018-01-17,0.9559619786006232,
2018-01-18,0.9518872030289208,
2018-01-19,0.9585094736738996,
2018-01-22,0.7685484233947892,
2018-01-23,0.7213990503773342,
2018-01-24,0.6700038638093155,
2018-01-25,0.777353896792956,
2018-01-29,0.7949500564466764,
2018-01-30,0.9223119959783466,
2018-01-31,0.9682266632606656,
2018-02-01,1.1093529281934331,
2018-02-02,1.0281181545667797,
2018-02-05,0.9742298012819348,
2018-02-06,0.7438403108713261,
2018-02-07,0.8210391811890502,
2018-02-08,0.9366104148225558,
2018-02-09,0.8711147948014237,
2018-02-12,0.959757432061956,
2018-02-14,1.0090697741475636,
2018-02-15,1.0695204451642193,
2018-02-16,1.0753000231064298,
2018-02-19,1.0658945562697877,
2018-02-20,1.0630060207350842,
2018-02-21,1.1438087005455313,
2018-02-23,1.2592037493243045,
2018-02-26,1.2624874757136493,
2018-02-27,1.2243958898997889,
2018-02-28,1.211905576806396,
2018-03-01,1.1831116068564485,
2018-03-05,1.0996032949849257,
2018-03-06,1.054297697032845,
2018-03-07,1.0907097027593735,
2018-03-08,1.1544284580929445,
2018-03-09,1.1504557002418754,
2018-03-12,1.1457176770299309,
2018-03-13,1.1382438901101923,
2018-03-14,1.1417133381091664,
2018-03-15,1.136873410035976,
2018-03-16,1.0314786106802567,
2018-03-19,0.957010437463329,
2018-03-20,0.9743302090101488,
2018-03-21,1.0241578795853397,
2018-03-22,0.9856549623802744,
2018-03-23,0.9324792884072364,
2018-03-26,0.9960062356563992,
2018-03-27,0.948653244349853,
2018-03-28,0.9240908427762254,
2018-04-02,1.006663875189698,
2018-04-03,1.0491363882609692,
2018-04-04,0.8328478239481232,
2018-04-05,1.125985853489576,
2018-04-06,1.1275762345796183,
2018-04-09,1.105952537195204,
2018-04-10,1.1857495902464454,
2018-04-11,1.1424464406750277,
2018-04-12,1.1805102264014464,
2018-04-13,1.2646647960495834,
2018-04-16,1.2360588068693863,
2018-04-17,1.252580861376314,
2018-04-18,1.2194741929662145,
2018-04-19,1.2580560112042636,
2018-04-20,1.3312082006609904,
2018-04-23,1.2637447023302848,
2018-04-24,1.351635183051508,
2018-04-25,1.259818607181572,
2018-04-26,1.2651233514087328,
2018-04-27,1.2431814269149382,
2018-04-30,1.1942849811247946,
2018-05-02,1.1377856027915227,
2018-05-03,1.1148531025915616,
2018-05-04,1.0772952210379514,
2018-05-07,1.0090383260195772,
2018-05-08,0.962452734208672,
2018-05-09,0.9318233330263732,
2018-05-10,0.9054285768998718,
2018-05-11,0.9591790891911584,
2018-05-14,0.9228294539601484,
2018-05-15,1.0666710362157052,
2018-05-16,1.0227793761010964,
2018-05-17,1.0211916269868224,
2018-05-18,0.9149784695277468,
2018-05-21,0.8944525102887662,
2018-05-22,1.0126647407471514,
2018-05-23,0.9426609354821124,
2018-05-24,1.1032756257574456,
2018-05-25,1.1969432657085115,
2018-05-28,1.1476489387379407,
2018-05-29,1.1622973988678535,
2018-05-30,1.099198037393645,
2018-05-31,1.1456580675598178,
2018-06-01,1.0707835856017835,
2018-06-04,1.0015255131277516,
2018-06-05,1.1209634704596103,
2018-06-06,1.2653312469418767,
2018-06-07,1.2021012789098595,
2018-06-08,1.2025235584589735,
2018-06-11,1.0884206583950509,
2018-06-12,1.1842263162033435,
2018-06-13,1.1901480083342344,
2018-06-14,1.2701637762025535,
2018-06-15,1.2523377658206858,
2018-06-18,1.185767025652971,
2018-06-19,1.0626577097668182,
2018-06-20,1.2225092239774544,
2018-06-21,1.1448413912443878,
2018-06-22,1.2296254626397356,
2018-06-25,1.0970965214515576,
2018-06-26,1.0439224609958937,
2018-06-27,0.8844014265660424,
2018-06-28,0.816950455988604,
2018-06-29,1.0163422939440994,
2018-07-02,0.9074637408415208,
2018-07-03,0.988284422483358,
2018-07-04,1.0709983233998674,
2018-07-05,1.087697879831443,
2018-07-06,1.1175064700643311,
2018-07-09,1.1209292076631137,
2018-07-10,1.114060532601219,
2018-07-11,1.0250953286799735,
2018-07-12,1.095838327849376,
2018-07-13,1.153184689859537,
2018-07-16,0.9953967203412576,
2018-07-17,1.0247907987365932,
2018-07-18,0.838180220508536,
2018-07-19,0.8813163288033112,
2018-07-20,0.9051929382467117,
2018-07-23,1.038124151726682,
2018-07-24,1.1637213509697857,
2018-07-25,1.208161546879832,
2018-07-26,1.2401252414969348,
2018-07-27,1.159309693067381,
2018-07-30,1.0819098693064622,
2018-07-31,1.103884665303368,
2018-08-01,1.0891007772934505,
2018-08-02,1.0810564922057806,
2018-08-03,1.1954481934213286,
2018-08-06,1.0778223250057029,
2018-08-07,1.075248376075581,
2018-08-08,1.0823287883886838,
2018-08-09,1.0489825806751838,
2018-08-10,1.012170355417405,
2018-08-13,0.8841293634571058,
2018-08-14,0.923151837859414,
2018-08-16,0.8332440188216231,
2018-08-17,0.9390902077135196,
2018-08-20,0.9592192940758508,
2018-08-21,0.9930198137689148,
2018-08-23,1.0357577946572425,
2018-08-24,1.1383493183861335,
2018-08-27,1.19543856281305,
2018-08-28,1.142070419979161,
2018-08-29,1.135874617609807,
2018-08-30,1.1431819453099636,
2018-08-31,1.0880625752588318,
2018-09-03,0.8757573349404244,
2018-09-04,0.8039469510425243,
2018-09-05,0.8643249811603588,
2018-09-06,0.870768783073302,
2018-09-07,0.8576219073915584,
2018-09-10,0.7068527815409891,
2018-09-11,0.7637264690350118,
2018-09-14,0.9759860119689178,
2018-09-17,0.899985669084361,
2018-09-18,0.9197719020328232,
2018-09-19,0.9784081354777924,
2018-09-21,0.8242926595837985,
2018-09-24,0.7251684489113908,
2018-09-25,0.8296955783974506,
2018-09-26,0.8307987913186538,
2018-09-27,0.8660230327761566,
2018-09-28,0.8793255525579569,
2018-10-01,0.9053505029953128,
2018-10-03,0.8359602364265691,
2018-10-04,0.8121489638417474,
2018-10-05,0.8015152123149125,
2018-10-08,0.8157330535988072,
2018-10-09,0.8621681593823611,
2018-10-10,0.9764382529859192,
2018-10-11,0.8468431856937062,
2018-10-12,0.9658524186332615,
2018-10-15,0.960560292293338,
2018-10-16,1.0596648519467975,
2018-10-17,1.030733297284658,
2018-10-19,0.9166664057667092,
2018-10-22,0.812397174965046,
2018-10-23,1.0039350261799218,
2018-10-24,1.0236562696496785,
2018-10-25,1.0253092758251254,
2018-10-26,1.008464318136562,
2018-10-29,0.9597891907730212,
2018-10-30,0.9035447947760455,
2018-10-31,0.9864599087424708,
2018-11-01,1.0666154309528195,
2018-11-02,1.1781927833810302,
2018-11-05,1.0252592278399868,
2018-11-06,1.1339246724399883,
2018-11-07,1.211148237610983,
2018-11-09,1.2031125137321064,
2018-11-12,1.0077243513036678,
2018-11-13,1.0906712572222912,
2018-11-14,1.0742659616362051,
2018-11-15,1.1336686569468089,
2018-11-16,1.151642712172548,
2018-11-19,1.0242341990382988,
2018-11-20,0.987636171299757,
2018-11-21,0.9538775254120024,
2018-11-22,1.0246354134888411,
2018-11-26,0.8442326198395539,
2018-11-27,1.1597044179127494,
2018-11-28,1.1981651922459788,
2018-11-29,1.0761398630245755,
2018-11-30,0.9902750220049582,
2018-12-03,1.1470381204321796,
2018-12-04,1.1643334907672256,
2018-12-05,1.107572505968916,
2018-12-06,0.9525415337128766,
2018-12-07,1.0886656465087954,
2018-12-10,0.7886885766555212,
2018-12-11,1.2019873116874753,
2018-12-12,1.401820927150328,
2018-12-13,1.3460179818594855,
2018-12-14,1.320012148317114,
2018-12-17,1.312343993875752,
2018-12-18,1.2711547357582598,
2018-12-19,1.2392533134535426,
2018-12-20,1.2349008745847692,
2018-12-21,1.128307426354276,
2018-12-24,1.1332834411842032,
2018-12-26,1.1153045527540533,
2018-12-27,1.1000385943171451,
2018-12-28,1.140728564650313,
2018-12-31,1.0856595279444814,
2019-01-01,1.121968275423835,
2019-01-02,1.0438118052952825,
2019-01-03,1.0086465524377688,
2019-01-04,1.0422217364718227,
2019-01-07,1.0190502101620993,
2019-01-08,1.0517560505272312,
2019-01-09,1.10472759378439,
2019-01-10,1.0864805835276838,
2019-01-11,1.0846253005843416,
2019-01-14,0.9510307715476648,
2019-01-15,1.0626964806770274,
2019-01-16,0.9775846633298948,
2019-01-17,0.9537796052416588,
2019-01-18,0.8641215195169448,
2019-01-21,0.6724760622671635,
2019-01-22,0.7725367934501709,
2019-01-23,0.8067763716115163,
2019-01-24,0.908374124852913,
2019-01-25,0.8931248158831082,
2019-01-28,0.7969515350532053,
2019-01-29,0.8704140055574008,
2019-01-30,0.9417801391794198,
2019-01-31,1.0192543833868195,
2019-02-01,1.1602607260175473,
2019-02-04,1.1555110485324738,
2019-02-05,1.1501997453559052,
2019-02-06,1.1692398849234225,
2019-02-07,1.1898425299917612,
2019-02-08,1.1790795068343882,
2019-02-11,1.1483015728384705,
2019-02-12,1.1592770559047836,
2019-02-13,1.0689443393727056,
2019-02-14,1.1571906116846864,
2019-02-15,1.0849837068941957,
2019-02-18,0.9243442411055534,
2019-02-19,0.8824444625269858,
2019-02-20,1.0190708776398745,
2019-02-21,1.117435156766639,
2019-02-22,1.16773106694139,
2019-02-25,1.1698510808902425,
2019-02-26,0.9527488174034008,
2019-02-27,0.7662766020773348,
2019-02-28,0.8560169964106438,
2019-03-01,1.0722918723430557,
2019-03-05,1.1371735274527,
2019-03-06,1.1411113895765577,
2019-03-07,1.1716480245450802,
2019-03-08,1.201979664663011,
2019-03-11,1.198247976698483,
2019-03-12,1.1717792338058717,
2019-03-13,1.1506765072181573,
2019-03-14,1.15391121627967,
2019-03-15,1.0867569673465285,
2019-03-18,0.9922113857796284,
2019-03-19,1.022133979004405,
2019-03-20,1.0560207296650104,
2019-03-22,1.024897613785901,
2019-03-25,0.9841932711983316,
2019-03-26,1.0096667227316822,
2019-03-27,0.9568592288051616,
2019-03-28,0.9980727269772256,
2019-03-29,0.9702102974796424,
2019-04-01,0.7673034239813703,
2019-04-03,0.7468888207081525,
2019-04-04,0.8097258197221487,
2019-04-05,0.8629885529929676,
2019-04-08,0.7645836561418173,
2019-04-09,0.8003105476425617,
2019-04-10,0.7878493654695284,
2019-04-11,0.8319563421732373,
2019-04-12,0.8546906452307435,
2019-04-15,0.8538914264101645,
2019-04-16,0.8599670837668874,
2019-04-18,0.8336015444962708,
2019-04-22,0.8075568573984773,
2019-04-23,0.8161396251254521,
2019-04-24,0.8788685744515758,
2019-04-25,0.914546543919395,
2019-04-26,0.9928541712480904,
2019-04-30,0.9963423239573984,
2019-05-02,0.9462659837582073,
2019-05-03,0.8962887526929293,
2019-05-06,0.79253167553899,
2019-05-07,0.8225409504174198,
2019-05-08,0.8500677325910513,
2019-05-09,0.9065685212452268,
2019-05-10,0.8762236602877619,
2019-05-13,0.8425195943588402,
2019-05-14,0.8769058606387324,
2019-05-15,0.8258201237817175,
2019-05-16,0.8620539838124065,
2019-05-17,0.8926170607340949,
2019-05-20,1.13177572660488,
2019-05-21,1.03081761093879,
2019-05-22,0.9304990766163648,
2019-05-23,1.3250670076349564,
2019-05-24,1.365142198259339,
2019-05-27,1.3178132706015728,
2019-05-28,1.2895875245202242,
2019-05-29,1.2517354504273293,
2019-05-30,1.2469702762402028,
2019-05-31,1.2162165857500888,
2019-06-03,1.2009983577796692,
2019-06-04,1.1926295296892333,
2019-06-06,1.180685779480505,
2019-06-07,1.180997459806184,
2019-06-10,1.1662085159768985,
2019-06-11,1.1648330957032529,
2019-06-12,1.161567097351488,
2019-06-13,1.1624349013493311,
2019-06-14,1.149078966673139,
2019-06-17,1.122450878593824,
2019-06-18,1.1149907946011313,
2019-06-19,1.102424269844747,
2019-06-20,1.1761115896511782,
2019-06-21,1.119279483764132,
2019-06-24,1.0263675122791844,
2019-06-25,1.0482327505272566,
2019-06-26,1.0803391470699557,
2019-06-27,1.0862437507820002,
2019-06-28,1.025639481042916,
2019-07-01,1.080352986675366,
2019-07-02,1.1469114950026476,
2019-07-03,1.258716310782195,
2019-07-04,1.277304038312636,
2019-07-05,1.3231155836891109,
2019-07-08,1.1491094078048318,
2019-07-09,1.1713134507619536,
2019-07-10,1.1731827998028126,
2019-07-11,1.3419953810894198,
2019-07-15,1.3407748979069174,
2019-07-16,1.3313414089572162,
2019-07-17,1.2666087655355889,
2019-07-18,1.2441622472166856,
2019-07-19,1.156068396267954,
2019-07-22,1.099925758235807,
2019-07-23,1.0481102584971036,
2019-07-24,1.1115135977679715,
2019-07-25,1.1162013131026147,
2019-07-26,1.1660545748668665,
2019-07-29,1.038051330313645,
2019-07-30,0.9459926712659462,
2019-07-31,0.9375100725053362,
2019-08-01,0.8108729406279395,
2019-08-02,0.7762953346763625,
2019-08-05,0.7222221137366174,
2019-08-06,0.8089297380384455,
2019-08-07,0.8034227876966237,
2019-08-08,0.8731323123315391,
2019-08-09,0.9062693367038992,
2019-08-13,0.8159972656852107,
2019-08-14,0.9180163175822792,
2019-08-16,0.9132845330492068,
2019-08-19,0.9189408706348412,
2019-08-20,0.9382766379596384,
2019-08-21,0.924946279595855,
2019-08-22,0.8878068864050733,
2019-08-23,0.932032270198808,
2019-08-26,0.9882980189137304,
2019-08-27,1.051145711897571,
2019-08-28,0.9860663458370796,
2019-08-29,1.0408268057209134,
2019-08-30,1.0823059457035764,
2019-09-03,0.8119853295224214,
2019-09-04,0.9585868867145768,
2019-09-05,0.960566749951988,
2019-09-06,1.1531165149340896,
2019-09-09,1.2158109490539648,
2019-09-11,1.2772997800803434,
2019-09-12,1.31569508332165,
2019-09-13,1.352056791727958,
2019-09-16,1.2261092129897078,
2019-09-17,1.0944860914303454,
2019-09-18,1.1634372649391505,
2019-09-19,1.1329270777455724,
2019-09-20,1.1407443270058195,
2019-09-23,0.9697582609863488,
2019-09-24,0.970791584913128,
2019-09-25,1.0384959702551118,
2019-09-26,1.0189282633577428,
2019-09-27,1.04350680333034,
2019-09-30,1.071113717318996,
2019-10-01,0.9595211412652906,
2019-10-03,0.8273436377413976,
2019-10-04,0.8516406919214495,
2019-10-07,0.8335924095301844,
2019-10-09,0.9258238537682764,
2019-10-10,0.928995794919445,
2019-10-11,0.9500212124000404,
2019-10-14,0.9280430381768272,
2019-10-15,1.0072449306345563,
2019-10-16,1.0907070778249424,
2019-10-17,1.1642326843322013,
2019-10-18,1.1670816465439604,
2019-10-22,1.031259301297072,
2019-10-23,1.0932900567065562,
2019-10-24,1.1450969326328542,
2019-10-25,1.28088345333641,
2019-10-27,1.0563680272647604,
2019-10-29,1.0973023748214323,
2019-10-30,1.0603474909716726,
2019-10-31,1.1344737111676622,
2019-11-01,1.216638207313928,
2019-11-04,1.1705469275882483,
2019-11-05,1.161721500986474,
2019-11-06,1.1811233474837086,
2019-11-07,1.2673924911670076,
2019-11-08,1.1303142292943302,
2019-11-11,1.039420535391843,
2019-11-13,0.970249920248608,
2019-11-14,1.17032027201298,
2019-11-15,1.290706882749708,
2019-11-18,1.1127753605970636,
2019-11-19,1.185616697189604,
2019-11-20,1.226175654273359,
2019-11-21,1.2432812957618764,
2019-11-22,1.2410069471514518,
2019-11-25,1.2050494295154002,
2019-11-26,1.2213415519535489,
2019-11-27,1.243300728633863,
2019-11-28,1.3251745620505615,
2019-11-29,1.298166767657011,
2019-12-02,1.2231629602561636,
2019-12-03,1.1524292176749784,
2019-12-04,1.3067108057984522,
2019-12-05,1.148676500390467,
2019-12-06,1.226155334355303,
2019-12-09,1.0831925145973351,
2019-12-10,1.119547969960847,
2019-12-11,1.2552926974658631,
2019-12-12,1.239851115938964,
2019-12-13,1.2256071197196776,
2019-12-16,1.1963493912641008,
2019-12-17,1.3105705095044504,
2019-12-18,1.2977355354718618,
2019-12-19,1.289972888785056,
2019-12-20,1.237068173343927,
2019-12-23,1.260562134019715,
2019-12-24,1.272530516135408,
2019-12-26,1.294213431502835,
2019-12-27,1.3069981545183356,
2019-12-30,1.2329605488944857,
2019-12-31,1.1576394002523882,
2020-01-01,0.7385482315777472,
2020-01-02,1.1546640418860177,
2020-01-03,1.050208542787794,
2020-01-06,0.8882152655185345,
2020-01-07,0.9019314865654784,
2020-01-08,0.8389166547462609,
2020-01-09,0.965239756348664,
2020-01-10,0.9630751171954108,
2020-01-13,0.953602605426456,
2020-01-14,0.9825117531502018,
2020-01-15,0.9739021220426408,
2020-01-16,0.976585717847589,
2020-01-17,0.9870629097182196,
2020-01-20,0.9115929447745093,
2020-01-21,0.8982793128945755,
2020-01-22,0.8842974553841302,
2020-01-23,0.9283262120850332,
2020-01-24,0.9561356112798934,
2020-01-27,0.8472879369770367,
2020-01-28,0.8528370211825671,
2020-01-29,0.9172497689021236,
2020-01-31,0.850556287739705,
2020-02-01,0.9248641687636407,
2020-02-03,1.0159958446823338,
2020-02-04,1.1536455852211471,
2020-02-05,1.16426839034509,
2020-02-06,1.1992246637091464,
2020-02-07,1.198217786900737,
2020-02-10,1.1543863027585537,
2020-02-11,1.1850100317143537,
2020-02-12,1.2035185290429051,
2020-02-13,1.2166051561483946,
2020-02-14,1.1895183683640995,
2020-02-17,1.1154113060117672,
2020-02-18,1.101944995587498,
2020-02-19,1.1347785507072734,
2020-02-20,1.1522006861033822,
2020-02-24,0.8831993404626723,
2020-02-25,0.8879009008462462,
2020-02-26,0.7957417847235532,
2020-02-27,0.8503536969256735,
2020-02-28,0.6572281566828428,
2020-03-02,0.7032924635283757,
2020-03-03,0.7874425457506872,
2020-03-04,0.8337550191100129,
2020-03-05,0.8829297570427154,
2020-03-06,0.8479431815346106,
2020-03-09,0.7795761137565227,
2020-03-11,0.8092721134134664,
2020-03-12,0.7282213979297919,
2020-03-13,0.70564564101556,
2020-03-16,0.7276465803058989,
2020-03-17,0.764087756805809,
2020-03-18,0.8043869225507263,
2020-03-19,0.7970450918827467,
2020-03-20,0.856544946389415,
2020-03-23,0.8534954959513855,
2020-03-24,0.8235520652884126,
2020-03-25,0.8767644488120411,
2020-03-26,0.9221278742017536,
2020-03-27,0.939303767862152,
2020-03-30,0.9422490486664687,
2020-03-31,0.9924522906302062,
2020-04-01,1.0265654249145555,
2020-04-03,1.06654704117771,
2020-04-07,1.104931817680648,
2020-04-08,1.119818438304962,
2020-04-09,1.1605819800560897,
2020-04-13,1.171066254994691,
2020-04-15,1.205128071137871,
2020-04-16,1.237801060810147,
2020-04-17,1.251347999995131,
2020-04-20,1.2214934561357198,
2020-04-21,1.1897895404031502,
2020-04-22,1.1960861212121454,
2020-04-23,1.2101977538447235,
2020-04-24,1.1954592444867398,
2020-04-27,1.1982591643203415,
2020-04-28,1.2151499266556876,
2020-04-29,1.2180343010692816,
2020-04-30,1.2066970028873911,
2020-05-04,1.0818672874434605,
2020-05-05,1.070905367503386,
2020-05-06,1.1009568992479342,
2020-05-07,1.1172735746766902,
2020-05-08,1.1394312438358831,
2020-05-11,1.1389113220482456,
2020-05-12,1.125790638615543,
2020-05-13,1.1007164278418842,
2020-05-14,1.1120175103725307,
2020-05-15,1.1084458167193016,
2020-05-18,0.99636958669747,
2020-05-19,1.0442836962755933,
2020-05-20,1.1807021863955949,
2020-05-21,1.2713146708270031,
2020-05-22,1.2618950661977677,
2020-05-26,1.2615935771394722,
2020-05-27,1.241723376591156,
2020-05-28,1.255643035529435,
2020-05-29,1.2343953481994363,
2020-06-01,1.2090496481217814,
2020-06-02,1.210759256646654,
2020-06-03,1.2010976721363067,
2020-06-04,1.1968422911607526,
2020-06-05,1.2090261499230543,
2020-06-08,1.1685138382510627,
2020-06-09,1.1422272876749808,
2020-06-10,1.1540134460845468,
2020-06-11,1.1379222322562956,
2020-06-12,1.092349312964455,
2020-06-15,1.02184350492185,
2020-06-16,0.9757950863963264,
2020-06-17,0.8959899046154844,
2020-06-18,0.9995406573300836,
2020-06-19,1.1219102228265785,
2020-06-22,1.0677909215651216,
2020-06-23,1.165828346127472,
2020-06-24,1.134034636311922,
2020-06-25,1.1177659462471234,
2020-06-26,1.1990675798746413,
2020-06-29,1.171696917449029,
2020-06-30,1.146678747566925,
2020-07-01,1.2165480589316742,
2020-07-02,1.3006628846842996,
2020-07-03,1.3078090876068815,
2020-07-06,1.2954190740754374,
2020-07-07,1.2651182316527154,
2020-07-08,1.1991189343481028,
2020-07-09,1.232560143804745,
2020-07-10,1.2115059311139171,
2020-07-13,1.1851739079140209,
2020-07-14,1.1141617878890135,
2020-07-15,1.1238364223920716,
2020-07-16,1.1669917385120303,
2020-07-17,1.2205807869064982,
2020-07-20,1.1775575611907565,
2020-07-21,1.1824768125787597,
2020-07-22,1.1436242384538104,
2020-07-23,1.1536837055887612,
2020-07-24,1.1525081911423958,
2020-07-27,1.1039359679422065,
2020-07-28,1.2463858183902945,
2020-07-29,1.1976876301305497,
2020-07-30,1.0968674510545466,
2020-07-31,1.170950756849249,
2020-08-03,1.010128879577351,
2020-08-04,1.2115322861046318,
2020-08-05,1.231180457864117,
2020-08-06,1.261432554300777,
2020-08-07,1.2922847683588887,
2020-08-10,1.2652835081473832,
2020-08-11,1.3460898640197114,
2020-08-12,1.3437414671577164,
2020-08-13,1.315137837090349,
2020-08-14,1.202471227913529,
2020-08-17,1.2125806558274823,
2020-08-18,1.2522659728386103,
2020-08-20,1.21813108942287,
2020-08-21,1.2417267791001096,
2020-08-24,1.2598084231634634,
2020-08-25,1.2333429935435682,
2020-08-26,1.2144566721248593,
2020-08-27,1.219594989017398,
2020-08-28,1.2343879530900177,
2020-08-31,0.9493704498750212,
2020-09-01,0.9989225846685148,
2020-09-02,1.0388434593965732,
2020-09-03,1.0777242717737503,
2020-09-04,0.9222262774507334,
2020-09-07,0.9291669550193058,
2020-09-08,0.8650755305775885,
2020-09-09,0.9188378889576312,
2020-09-10,1.0093419980143188,
2020-09-11,1.060012875077622,
2020-09-14,1.013807175301724,
2020-09-15,1.0648008571578491,
2020-09-16,1.146342664427188,
2020-09-17,1.1037752106941894,
2020-09-18,1.1089187709449837,
2020-09-21,0.928062425853794,
2020-09-22,1.0070371312535835,
2020-09-23,1.0547990118686292,
2020-09-24,0.830107973565489,
2020-09-25,1.1325739454215424,
2020-09-28,1.2403030388041263,
2020-09-29,1.1999726456308897,
2020-09-30,1.2094333625945877,
2020-10-01,1.291548460860976,
2020-10-05,1.1543287307518877,
2020-10-06,1.1493912320641932,
2020-10-07,1.1006636226120796,
2020-10-08,1.0593974401644413,
2020-10-09,1.054738205116233,
2020-10-12,0.9759861298311724,
2020-10-13,1.017373778391534,
2020-10-14,1.0708939664334087,
2020-10-15,0.8887170540490634,
2020-10-16,0.9419198666887226,
2020-10-19,0.9357959383304614,
2020-10-20,0.8567355378795639,
2020-10-21,0.8556282845442778,
2020-10-22,0.8961021689643995,
2020-10-23,0.9503186078937268,
2020-10-26,0.8761161089331839,
2020-10-27,0.943894139924628,
2020-10-28,0.8697891231043838,
2020-10-29,0.8369103828179485,
2020-10-30,0.8018426311168163,
2020-11-02,0.8051367772194538,
2020-11-03,0.8942206606648552,
2020-11-04,0.9846696607729688,
2020-11-05,1.1742797823109077,
2020-11-06,1.2156368860981754,
2020-11-09,1.2356973200852353,
2020-11-10,1.121506796524152,
2020-11-11,1.0944032840969364,
2020-11-12,1.2066526945882063,
2020-11-13,1.2588765988116646,
2020-11-14,1.3786097941494284,
2020-11-17,1.176179216700142,
2020-11-18,1.1990379559116395,
2020-11-19,1.16270388478716,
2020-11-20,1.151777440386351,
2020-11-23,1.0826618009106668,
2020-11-24,1.0654120263710951,
2020-11-25,0.9513664286236762,
2020-11-26,1.1134164652401335,
2020-11-27,1.1158678286038235,
2020-12-01,1.0829455332724167,
2020-12-02,1.092666273175574,
2020-12-03,1.1611161491335882,
2020-12-04,1.2268047895050824,
2020-12-07,1.2090072261917657,
2020-12-08,1.1510958052003988,
2020-12-09,1.11790994056188,
2020-12-10,1.1264442791838314,
2020-12-11,1.111726686716526,
2020-12-14,1.0552870652779844,
2020-12-15,1.0753442204652468,
2020-12-16,1.087763809265884,
2020-12-17,1.0921555090503443,
2020-12-18,1.1418285618510382,
2020-12-21,0.757393424839252,
2020-12-22,0.8717424146820822,
2020-12-23,0.987549241099318,
2020-12-24,1.0116695440206638,
2020-12-28,0.970258140325768,
2020-12-29,0.9430064112432772,
2020-12-30,0.9212470329485424,
2020-12-31,0.9308272983148436,
2021-01-01,1.2844779045024273,
2021-01-04,1.0254465677104394,
2021-01-05,0.9987683990839412,
2021-01-06,0.9629092834174215,
2021-01-07,1.0016507736717473,
2021-01-08,1.0072316241143286,
2021-01-11,0.8769016945888255,
2021-01-12,0.8633279195221113,
2021-01-13,0.8563036872656868,
2021-01-14,0.8939193148212973,
2021-01-15,0.850623013869809,
2021-01-18,0.8483261493057017,
2021-01-19,0.9481153983829989,
2021-01-20,1.0387389454843914,
2021-01-21,1.0012388306282671,
2021-01-22,1.3246981675415608,
2021-01-25,0.9451610046732364,
2021-01-27,0.8964467955900857,
2021-01-28,0.9155435604268148,
2021-01-29,0.8803730351620301,
2021-02-01,0.9910489295556164,
2021-02-02,0.997484900174543,
2021-02-03,0.9815375121955864,
2021-02-04,1.0272868971418403,
2021-02-05,1.0158447541368691,
2021-02-08,0.9887172591260645,
2021-02-09,0.9743643636353208,
2021-02-10,1.0002492635752591,
2021-02-11,1.0608489647848611,
2021-02-12,1.1255641648641423,
2021-02-15,1.3728703073109845,
2021-02-16,1.0967418101742648,
2021-02-17,1.3102015464206698,
2021-02-18,1.0868723287926625,
2021-02-19,1.0546121374270838,
2021-02-22,0.9129959261370488,
2021-02-23,0.933387863308041,
2021-02-24,0.9855062873593886,
2021-02-25,1.0459616815722426,
2021-02-26,0.8109742070429615,
2021-03-01,0.9348779550844568,
2021-03-02,1.0261591515997046,
2021-03-03,1.0905587714444696,
2021-03-04,1.0008221793975722,
2021-03-05,0.9449723986426464,
2021-03-08,0.9853291416569246,
2021-03-10,1.1468845141637152,
2021-03-12,1.100912258046077,
2021-03-15,1.1169474822185554,
2021-03-16,1.154989940888458,
2021-03-17,1.1765042630658824,
2021-03-18,1.1731638879948063,
2021-03-19,1.203317057477551,
2021-03-22,1.1725724683008316,
2021-03-23,1.1573109984370706,
2021-03-24,1.0619366248284183,
2021-03-25,1.0430129462786422,
2021-03-26,1.1416054971273448,
2021-03-30,1.1422837095169187,
2021-03-31,1.129481497647149,
2021-04-01,1.164138064586862,
2021-04-05,1.070110286449374,
2021-04-06,1.0932870762577238,
2021-04-07,1.1273806369015846,
2021-04-08,1.1190611714471483,
2021-04-09,1.1927256075757098,
2021-04-12,0.7746976159371208,
2021-04-13,1.091837965013818,
2021-04-15,1.0334771333570714,
2021-04-16,1.0994201527315548,
2021-04-19,0.8528904034357631,
2021-04-20,0.8813608012258083,
2021-04-22,0.8416435167650647,
2021-04-23,0.8974011080877942,
2021-04-26,0.843172407821844,
2021-04-27,0.8924802135446516,
2021-04-28,0.9394752590849508,
2021-04-29,0.8885935405074563,
2021-04-30,0.9275786370112644,
2021-05-03,0.8868843264646759,
2021-05-04,0.9570271376154238,
2021-05-05,1.3980017985863873,
2021-05-06,1.035727657668576,
2021-05-07,1.1221187346600427,
2021-05-10,1.162503975774184,
2021-05-11,1.3462123706223776,
2021-05-12,1.1361452203475395,
2021-05-14,1.1242694201077352,
2021-05-17,1.1569029691566637,
2021-05-18,1.1720164118748322,
2021-05-19,1.1569940378061223,
2021-05-20,1.2671595293956537,
2021-05-21,1.1357642830040249,
2021-05-24,1.1247935303000922,
2021-05-25,1.229598538588198,
2021-05-26,1.0125603351153225,
2021-05-27,1.0554387061579935,
2021-05-28,1.1774211466795252,
2021-05-31,1.2042406070185143,
2021-06-01,1.1554847591348802,
2021-06-02,1.159798056594168,
2021-06-03,1.2499948495315905,
2021-06-04,1.223926007268069,
2021-06-07,1.229473880688549,
2021-06-08,1.2306583896087773,
2021-06-09,1.2436939766624302,
2021-06-10,1.2100933498528763,
2021-06-11,1.242780684531005,
2021-06-14,1.1903850353054362,
2021-06-15,1.183101087984372,
2021-06-16,1.1563900221853385,
2021-06-17,1.125096617479749,
2021-06-21,1.1299211936028968,
2021-06-22,1.140935037116794,
2021-06-23,1.0939904619176302,
2021-06-24,1.1054250285939198,
2021-06-25,1.2786955025096562,
2021-06-28,1.2564722655916951,
2021-06-29,1.270467284289594,
2021-06-30,1.2534155435951364,
2021-07-01,1.268339695464516,
2021-07-02,1.3096082657015824,
2021-07-05,0.8161033736931349,
2021-07-06,1.2499459060449354,
2021-07-07,1.232371147962805,
2021-07-08,1.0982540418165985,
2021-07-09,1.1473127283968716,
2021-07-12,1.1360484345197848,
2021-07-13,1.159557513454821,
2021-07-14,1.1520011177000948,
2021-07-15,1.1688185480807465,
2021-07-16,1.203925945588071,
2021-07-19,1.1065260402509294,
2021-07-20,1.0486617481653815,
2021-07-22,1.1703592816883217,
2021-07-23,1.1752122387480302,
2021-07-26,1.091230306390903,
2021-07-27,1.0005924970199314,
2021-07-28,0.9532776190922928,
2021-07-29,1.0364629243861416,
2021-07-30,1.0532283169786956,
2021-08-02,1.0562578856008185,
2021-08-03,0.843058621252605,
2021-08-04,0.9608649673703322,
2021-08-05,1.0353980403064609,
2021-08-06,1.0805228379621534,
2021-08-09,1.0770118208903612,
2021-08-10,1.0523910074944245,
2021-08-11,1.0533722059475883,
2021-08-12,1.1242747585142412,
2021-08-13,0.9977035922541904,
2021-08-16,0.9045858698772112,
2021-08-17,0.9281181370127314,
2021-08-18,1.0383779055073754,
2021-08-20,0.8115499659788903,
2021-08-23,0.8903960253204491,
2021-08-24,1.02585229553489,
2021-08-25,0.948565743878005,
2021-08-26,0.9338824985501994,
2021-08-27,0.975333569335773,
2021-08-30,1.0056156617560807,
2021-08-31,0.761982776318777,
2021-09-01,0.8524338741968434,
2021-09-02,0.8660035116447832,
2021-09-03,0.8400013551871951,
2021-09-06,0.7887372061828414,
2021-09-07,0.8499382718341246,
2021-09-08,0.9389044471125776,
2021-09-09,1.0232960685962296,
2021-09-13,1.0184311121105003,
2021-09-14,1.1138469242801328,
2021-09-15,1.0866821857464453,
2021-09-16,0.9572350667164662,
2021-09-17,0.8168234638927949,
2021-09-20,0.65,
2021-09-21,0.8136306622312695,
2021-09-22,0.8461113357102729,
2021-09-23,0.860554211474695,
2021-09-24,0.8556544120884921,
2021-09-28,0.768800257148831,
2021-09-29,0.7938304240540283,
2021-09-30,0.8553503062922565,
2021-10-01,0.9488599850091742,
2021-10-04,0.9893733165189867,
2021-10-05,1.0194737501678102,
2021-10-06,0.9614170697582152,
2021-10-07,1.0491699900364002,
2021-10-08,1.0915987419101472,
2021-10-11,1.0679180961536832,
2021-10-12,1.0967498415061063,
2021-10-13,1.0909371390015608,
2021-10-14,1.1437454536009473,
2021-10-18,1.0006127197075003,
2021-10-19,0.9852099074007744,
2021-10-20,0.8778441819889029,
2021-10-21,0.9242041504843672,
2021-10-22,0.9898620777992192,
2021-10-25,0.988800814581042,
2021-10-26,1.0915859075034262,
2021-10-27,1.0729985474321642,
2021-10-28,0.9180060649841932,
2021-10-29,0.9727685496586492,
2021-11-01,1.0014958260858422,
2021-11-02,1.0308258537068131,
2021-11-03,1.1664263325894393,
2021-11-04,1.2044147664317568,
2021-11-08,1.122642142752495,
2021-11-09,1.17718810012792,
2021-11-10,1.134261664113537,
2021-11-11,1.1347782171132332,
2021-11-12,1.2810886695327235,
2021-11-15,1.2387013208349802,
2021-11-16,1.2466030192792958,
2021-11-17,1.2457728260534258,
2021-11-18,1.2411427805292714,
2021-11-22,0.9134293777688968,
2021-11-23,0.8606780359947013,
2021-11-24,0.9663680557700146,
2021-11-25,1.0201639467076855,
2021-11-26,0.6858198339717417,
2021-11-29,0.7542778508453846,
2021-11-30,0.7862204005495572,
2021-12-01,0.9065927457199676,
2021-12-02,0.9917073108527265,
2021-12-03,0.9774175592880266,
2021-12-06,0.898252918940085,
2021-12-07,0.9975192922521108,
2021-12-08,1.070187787625531,
2021-12-09,1.1105574402363088,
2021-12-10,1.1410114589773863,
2021-12-13,1.1171252647540852,
2021-12-14,1.100168776337157,
2021-12-15,1.0915945662995965,
2021-12-16,1.1856214041976207,
2021-12-17,1.1678920951823448,
2021-12-20,0.9841265356202752,
2021-12-21,1.084663548567835,
2021-12-22,1.150217077456676,
2021-12-23,1.196447197480972,
2021-12-24,1.1644132089256771,
2021-12-27,1.0839306958135917,
2021-12-28,1.1305052729889304,
2021-12-29,1.1450779568031968,
2021-12-30,1.1031561087213813,
2021-12-31,1.1310101323728323,
2022-01-03,1.0981830959865977,
2022-01-04,1.1398533550011956,
2022-01-05,0.9542480514490556,
2022-01-07,0.9067597598316014,
2022-01-10,0.9095178634297812,
2022-01-11,0.9113881428201824,
2022-01-12,1.0014380300308818,
2022-01-13,1.0702210925674287,
2022-01-14,1.098219580854923,
2022-01-17,1.0687525606878772,
2022-01-18,0.8635190476068026,
2022-01-19,0.8644830591694815,
2022-01-20,0.8894506344654483,
2022-01-21,0.756545954546646,
2022-01-24,0.65,
2022-01-25,0.7867699196222232,
2022-01-27,0.8406599427982065,
2022-01-28,0.8848164457164084,
2022-01-31,0.8401515218285859,
2022-02-01,0.9637404221035732,
2022-02-02,1.048247060671634,
2022-02-03,1.025533399128453,
2022-02-04,1.0471981834221038,
2022-02-07,0.957520095557218,
2022-02-08,1.012273051539497,
2022-02-09,1.0879831042786658,
2022-02-10,1.146923650338647,
2022-02-11,1.090959519325193,
2022-02-14,0.820850736090412,
2022-02-15,0.9898342224499148,
2022-02-16,0.9996057705813304,
2022-02-17,0.9075764850783862,
2022-02-18,0.908679300994598,
2022-02-21,0.8744536672152203,
2022-02-22,0.7049767701956318,
2022-02-23,0.85363286582999,
2022-02-24,0.6705664927122479,
2022-02-25,0.8801630871690433,
2022-02-28,0.8473698783728036,
2022-03-02,0.8554082065804525,
2022-03-03,0.90304179916208,
2022-03-04,0.922404932462136,
2022-03-07,0.9002043015009258,
2022-03-08,0.9332151288171848,
2022-03-09,0.973410640426634,
2022-03-10,1.036178568259594,
2022-03-11,1.0552192870041772,
2022-03-14,1.0566009619497998,
2022-03-15,1.0234961415841182,
2022-03-16,1.137397305556171,
2022-03-17,1.2146706033858932,
2022-03-21,1.1363623710070825,
2022-03-22,1.1734385920572616,
2022-03-23,1.1488437652335006,
2022-03-24,1.180183137109795,
2022-03-25,1.198889157232707,
2022-03-28,1.2337133371682498,
2022-03-29,1.2680044369814083,
2022-03-30,1.2686285842991307,
2022-03-31,1.2481437771963522,
2022-04-01,1.2997668719349331,
2022-04-04,1.2830830708329404,
2022-04-05,1.242791755407027,
2022-04-06,1.209010592878765,
2022-04-07,1.196930510244583,
2022-04-08,1.230356347085655,
2022-04-11,1.1913141224088992,
2022-04-12,1.182949951635213,
2022-04-13,1.1895006119726146,
2022-04-18,1.1106048024997786,
2022-04-19,1.0842206727995656,
2022-04-20,1.12768921391967,
2022-04-21,1.1599225906268575,
2022-04-22,1.125702597255864,
2022-04-25,0.9184583586348436,
2022-04-26,1.0520392040473232,
2022-04-27,0.8980798779020982,
2022-04-28,1.009253342309286,
2022-04-29,0.9948631817879352,
2022-05-02,0.8870288908005876,
2022-05-04,0.7673161316303874,
2022-05-05,0.941378988266669,
2022-05-06,0.8674416606648866,
2022-05-09,0.8296462075099373,
2022-05-10,0.8399463220534846,
2022-05-11,0.831318049515984,
2022-05-12,0.7798640987901895,
2022-05-13,0.8575010316655705,
2022-05-16,0.823027999327453,
2022-05-17,0.9443819480622202,
2022-05-18,0.979013690863798,
2022-05-19,0.863111680770787,
2022-05-20,0.95912908045804,
2022-05-23,0.948179162647742,
2022-05-24,0.828984711755854,
2022-05-25,0.8698687955943661,
2022-05-26,1.0409410688242196,
2022-05-27,1.1365393812560316,
2022-05-30,1.2524923937721435,
2022-05-31,1.217807682089323,
2022-06-01,1.1826444729435897,
2022-06-02,1.221521317069526,
2022-06-03,1.232744746449579,
2022-06-06,1.20407246410181,
2022-06-07,1.1783783710196791,
2022-06-08,1.2000103617964684,
2022-06-09,1.2219261129499182,
2022-06-10,1.181446709851227,
2022-06-13,1.0101059877253211,
2022-06-14,1.036841966274501,
2022-06-15,1.0202828324528144,
2022-06-16,0.9662911241345152,
2022-06-17,0.9717892161173962,
2022-06-20,0.9902242151562192,
2022-06-21,1.0622441999512335,
2022-06-22,1.0290466016659354,
2022-06-23,1.0632035931665782,
2022-06-24,1.0938222021237105,
2022-06-27,1.0497241694713302,
2022-06-28,1.0064092653527317,
2022-06-29,0.9636114686784858,
2022-06-30,0.9781382146741332,
2022-07-01,1.0497729905262967,
2022-07-04,1.0868464775459252,
2022-07-05,1.110643059045374,
2022-07-06,1.178041930889172,
2022-07-07,1.3099598494713378,
2022-07-08,1.3577092457359334,
2022-07-11,1.3069860813958862,
2022-07-12,1.2570909061648945,
2022-07-13,1.2349003476492213,
2022-07-14,1.2309262589216023,
2022-07-15,1.2661141102568607,
2022-07-18,1.271679136658919,
2022-07-19,1.2413045988884772,
2022-07-20,1.242634599269094,
2022-07-21,1.2186238174962232,
2022-07-22,1.212823456608139,
2022-07-25,1.1363372869768953,
2022-07-26,1.0954488966495886,
2022-07-28,1.1665128207775162,
2022-07-29,1.1927698931219808,
2022-08-01,1.10797747923645,
2022-08-02,0.9955397342932962,
2022-08-03,0.979738228128768,
2022-08-04,0.8477813902375546,
2022-08-05,0.8900960983953256,
2022-08-08,0.8544259072065928,
2022-08-10,0.8411150872639486,
2022-08-11,0.9946043470444096,
2022-08-12,1.0842117233527706,
2022-08-16,1.0711634204949656,
2022-08-17,1.0716997297881268,
2022-08-18,1.1158766531720308,
2022-08-19,1.0005797116775872,
2022-08-22,0.9162165639753798,
2022-08-23,0.9271953489870997,
2022-08-24,1.019808465176736,
2022-08-25,0.8767994760382086,
2022-08-26,1.0636851628363344,
2022-08-29,0.8628775662746044,
2022-08-30,1.028676084752134,
2022-09-01,0.8624007626130431,
2022-09-02,0.9249708805171704,
2022-09-05,0.9211788066296362,
2022-09-06,0.9453228671693652,
2022-09-07,0.9716741047729562,
2022-09-08,1.1190466396593692,
2022-09-09,1.1897958974126086,
2022-09-12,1.1533328939542455,
2022-09-13,1.2170397086854865,
2022-09-14,1.109550210731261,
2022-09-15,1.1006710056606788,
2022-09-16,0.8980663584808359,
2022-09-19,0.8971535369033306,
2022-09-20,1.0684482095936667,
2022-09-21,0.9904667759034534,
2022-09-22,1.0705877748122286,
2022-09-23,0.8286210726394494,
2022-09-26,0.7420030639065256,
2022-09-27,0.8154532860628829,
2022-09-28,0.8091903706499053,
2022-09-29,0.8954642158844259,
2022-09-30,1.0127556623250906,
2022-10-03,0.9052178014602248,
2022-10-04,1.0547712595238266,
2022-10-06,1.0752994020875548,
2022-10-07,1.120640693807308,
2022-10-10,1.0610862414513649,
2022-10-11,0.9926817217680144,
2022-10-12,1.0322565188156407,
2022-10-13,1.0300303361890029,
2022-10-14,1.2506222684784831,
2022-10-17,1.2162737503430785,
2022-10-18,1.2770088381956963,
2022-10-19,1.2533663464879228,
2022-10-20,1.2501255678474046,
2022-10-21,1.2296613160869172,
2022-10-24,1.2014756231403834,
2022-10-25,1.2226898619270652,
2022-10-27,1.2242842833946712,
2022-10-28,1.25518771269811,
2022-10-31,1.243592807790471,
2022-11-01,1.201857879250413,
2022-11-02,1.1554244132490086,
2022-11-03,1.1963188952736767,
2022-11-04,1.2011133267218783,
2022-11-07,1.1907752579331383,
2022-11-09,1.1553558005784732,
2022-11-10,1.1758689011376582,
2022-11-11,1.2647693844653434,
2022-11-14,1.2258243331680978,
2022-11-15,1.237807650307177,
2022-11-16,1.1782761161047342,
2022-11-17,1.191736087472496,
2022-11-18,1.2346089631244144,
2022-11-21,1.171276297239744,
2022-11-22,1.270851446430088,
2022-11-23,1.2334056859037088,
2022-11-24,1.2803672208666064,
2022-11-25,1.27091249041177,
2022-11-28,1.219197295761442,
2022-11-29,1.1964602845384975,
2022-11-30,1.1621452197432884,
2022-12-01,1.209741890724778,
2022-12-02,1.18569079848165,
2022-12-05,1.1369433059697307,
2022-12-06,1.0821985068648765,
2022-12-07,1.0633353114620696,
2022-12-08,1.1830658149576356,
2022-12-09,1.1557715004846678,
2022-12-12,1.1771762321205883,
2022-12-13,1.2456506887476546,
2022-12-14,1.2353954224678632,
2022-12-15,1.0323570704087075,
2022-12-16,0.9346343477187112,
2022-12-19,1.0615665026293486,
2022-12-20,0.9807039552996368,
2022-12-21,0.65,
2022-12-22,0.7827804906462742,
2022-12-23,0.7236132636459478,
2022-12-26,0.7473842546481538,
2022-12-27,0.9185734526112828,
2022-12-28,0.9193407880565624,
2022-12-29,0.990939214157337,
2022-12-30,0.9916020906466628,
2023-01-02,1.0166868234748685,
2023-01-03,1.0521862442475327,
2023-01-04,0.9684910301344468,
2023-01-05,1.000551248562379,
2023-01-06,1.002521439886182,
2023-01-09,1.0546919281484737,
2023-01-10,0.9582669024439736,
2023-01-11,0.9750513020413896,
2023-01-12,1.0084843055716115,
2023-01-13,1.1480545112963998,
2023-01-16,1.0688679287246765,
2023-01-17,1.1730856896233322,
2023-01-18,1.2028160994530115,
2023-01-19,1.2566315547346452,
2023-01-20,1.266283952895731,
2023-01-23,1.3016879948448987,
2023-01-24,1.2603709178526408,
2023-01-25,1.0476454378499982,
2023-01-27,0.6773287218032058,
2023-01-30,0.7309100718838617,
2023-01-31,0.8542118734085768,
2023-02-01,0.8852198310001214,
2023-02-02,0.9940820954183932,
2023-02-03,1.1237269123771758,
2023-02-06,1.0931191337104773,
2023-02-07,1.1446662464169852,
2023-02-08,1.1827519668846134,
2023-02-09,1.21544533485215,
2023-02-10,1.2201912680575413,
2023-02-13,1.1368806589320275,
2023-02-15,1.1908878301508783,
2023-02-16,1.1774554959264882,
2023-02-17,1.1546421221075964,
2023-02-20,1.1295529518196918,
2023-02-21,1.082869524302395,
2023-02-22,0.9710298612001628,
2023-02-23,1.0146131799771716,
2023-02-24,1.0802895489510722,
2023-02-27,1.0943983718755173,
2023-02-28,1.070804142937,
2023-03-01,1.1644266976345732,
2023-03-02,1.1668324495500686,
2023-03-03,1.2577333354489109,
2023-03-06,1.2231120797720536,
2023-03-08,1.1852912066707324,
2023-03-09,1.1381795287100809,
2023-03-10,1.0450632316589126,
2023-03-13,0.7532574814260196,
2023-03-14,0.8034624685152952,
2023-03-15,0.8317191577589741,
2023-03-16,0.8644631996384794,
2023-03-17,0.9931830321649762,
2023-03-20,0.9046924967156028,
2023-03-21,0.9881045499200474,
2023-03-22,1.013731273271478,
2023-03-23,1.0352920022833831,
2023-03-24,0.9731963950380246,
2023-03-27,0.9621950181656218,
2023-03-28,0.9962320003491724,
2023-03-29,1.115280935110656,
2023-03-31,1.171257577957356,
2023-04-03,1.196097403157915,
2023-04-05,1.2134012984122804,
2023-04-06,1.2556735326792343,
2023-04-10,1.2162968971153678,
2023-04-11,1.230115767619731,
2023-04-12,1.198504822095696,
2023-04-13,1.2075629615352057,
2023-04-17,1.1694668618596875,
2023-04-18,1.1723512830973837,
2023-04-19,1.1573217354566585,
2023-04-20,1.1626369922028643,
2023-04-21,1.1786876653706575,
2023-04-24,1.1642528509945107,
2023-04-25,1.1666303755254634,
2023-04-26,1.1444546719217112,
2023-04-27,1.1595182218392464,
2023-04-28,1.2194558508018412,
2023-05-02,1.0810481701041592,
2023-05-03,1.0825035568286827,
2023-05-04,1.1034787644036823,
2023-05-05,0.9106872383182386,
2023-05-08,0.8141791492617888,
2023-05-09,0.8365992846977788,
2023-05-10,0.7772667926945958,
2023-05-11,0.7965581416509618,
2023-05-12,0.8901820187394167,
2023-05-15,0.8534116511290165,
2023-05-16,0.8558590032252331,
2023-05-17,0.9029879566273192,
2023-05-18,0.9620010459082422,
2023-05-19,1.0479959577672198,
2023-05-22,1.0099342981739687,
2023-05-23,1.010250704709328,
2023-05-24,0.9347469845881846,
2023-05-25,1.0472205945875326,
2023-05-29,1.0997806093484177,
2023-05-30,1.1959074642084753,
2023-05-31,1.2082931967741066,
2023-06-01,1.2864648813411474,
2023-06-02,1.350970354333528,
2023-06-05,1.3010107254575085,
2023-06-06,1.232558667238655,
2023-06-07,1.2044878410531583,
2023-06-08,1.214327547349819,
2023-06-09,1.2177474134850852,
2023-06-12,1.1828365864941803,
2023-06-13,1.1908552152782848,
2023-06-14,1.1729351745492087,
2023-06-15,1.1761036091033268,
2023-06-16,1.203861220297523,
2023-06-19,1.1249758096402014,
2023-06-20,1.1337342843205689,
2023-06-21,1.0939861324450382,
2023-06-22,1.0163509253312517,
2023-06-23,1.0901939181256832,
2023-06-26,1.015256076715455,
2023-06-27,1.266953972366779,
2023-06-28,1.2238878425623918,
2023-06-30,1.2554439171989416,
2023-07-03,0.8604849221927344,
2023-07-04,0.8187098590387434,
2023-07-05,0.7862260487898045,
2023-07-06,0.830960031374418,
2023-07-07,0.9537458898301344,
2023-07-10,0.985853131625096,
2023-07-11,1.144753793001318,
2023-07-12,1.1646785759708682,
2023-07-13,1.1585365302418051,
2023-07-14,1.230475033628654,
2023-07-17,1.0289614371476288,
2023-07-18,0.9111858095446268,
2023-07-19,0.955646210429978,
2023-07-20,0.9086350948397772,
2023-07-21,0.9997078413403084,
2023-07-24,0.958068794008758,
2023-07-25,1.3204893627552807,
2023-07-26,1.2496548272878056,
2023-07-27,1.22466476637663,
2023-07-28,1.2812410279700193,
2023-07-31,1.205162928332985,
2023-08-01,1.212395983798421,
2023-08-02,1.004889471995538,
2023-08-03,1.015168751006256,
2023-08-04,1.141530690963568,
2023-08-07,1.01962322306989,
2023-08-08,0.9721984332211828,
2023-08-09,1.016912168785825,
2023-08-10,0.9652784641577846,
2023-08-11,0.9490966910976224,
2023-08-14,0.8644097725115254,
2023-08-16,0.8522615840985693,
2023-08-17,0.8505960900202889,
2023-08-18,0.8777869196657322,
2023-08-21,0.91742044906912,
2023-08-22,0.9546977229141456,
2023-08-23,0.967566003342006,
2023-08-24,0.9817259346698834,
2023-08-25,0.9249960595375488,
2023-08-28,0.8770803509921231,
2023-08-29,0.9198785063789932,
2023-08-30,1.0211916361500908,
2023-08-31,0.9655584755027742,
2023-09-01,1.1427027076776382,
2023-09-05,1.302847447084945,
2023-09-06,1.3111945272787475,
2023-09-07,1.2456744186538378,
2023-09-08,1.2521087678069065,
2023-09-11,1.123765293209259,
2023-09-12,1.0497763339533317,
2023-09-13,1.016307754173965,
2023-09-14,1.122829803002357,
2023-09-15,1.2017712151169857,
2023-09-18,1.1988382075676864,
2023-09-20,1.125636847148951,
2023-09-21,1.1813429052443754,
2023-09-22,1.1992119155288488,
2023-09-25,1.1395349485048152,
2023-09-26,1.0703000754337575,
2023-09-27,0.9634079273904812,
2023-09-28,0.7172433771835036,
2023-09-29,1.006853753258746,
2023-10-03,0.9251378455409254,
2023-10-04,0.9592602185437608,
2023-10-05,1.12232128417838,
2023-10-06,1.2518642245222589,
2023-10-09,1.0213915886513494,
2023-10-10,1.054984521562472,
2023-10-11,1.112571192210689,
2023-10-12,1.179920363506655,
2023-10-13,1.1676777980733346,
2023-10-16,1.067012269872106,
2023-10-17,1.1444108230215342,
2023-10-18,1.087811074317012,
2023-10-19,1.1002423519491489,
2023-10-20,1.1174929113547365,
2023-10-23,1.1015633856872118,
2023-10-25,1.01835509501367,
2023-10-26,0.9350252719289972,
2023-10-27,1.1037675887150158,
2023-10-30,0.932476515717868,
2023-10-31,0.8502193240813195,
2023-11-01,0.8066046808283397,
2023-11-02,1.0542411846547028,
2023-11-03,1.1079704520503124,
2023-11-06,1.0569276777316918,
2023-11-07,1.0294280856532425,
2023-11-08,1.0717035987402224,
2023-11-09,1.0898748520063035,
2023-11-10,1.0579910555422218,
2023-11-12,0.65,
2023-11-13,1.0737460053530496,
2023-11-15,1.0807513246099767,
2023-11-16,1.035587674187948,
2023-11-17,1.0227560436422771,
2023-11-20,0.9983088071783416,
2023-11-21,0.9967884179053212,
2023-11-22,1.0341262233336452,
2023-11-23,1.0851378113653636,
2023-11-24,1.0864967847706792,
2023-11-28,1.0074521276589463,
2023-11-29,0.9617427676232032,
2023-11-30,0.9676927517604936,
2023-12-01,1.0027901876700545,
2023-12-04,0.9550172240544093,
2023-12-05,0.9239380674168302,
2023-12-06,0.9129946083242716,
2023-12-07,1.016924456248332,
2023-12-08,1.0421585788423884,
2023-12-11,1.0215293882748306,
2023-12-12,0.9781661845094112,
2023-12-13,1.0933190923526843,
2023-12-15,0.918199327369235,
2023-12-18,0.8157442979548744,
2023-12-19,0.8497373820368027,
2023-12-20,0.8054400861775559,
2023-12-21,0.9186270587551164,
2023-12-22,0.9373536487934536,
2023-12-26,0.8237711937634788,
2023-12-27,0.751898036044784,
2023-12-28,0.8379176739310167,
2023-12-29,0.9304885935361988,
2024-01-01,0.7514827490172384,
2024-01-02,0.9723308735000734,
2024-01-03,1.0282194561017328,
2024-01-04,1.1093777006849177,
2024-01-05,1.1740548746902957,
2024-01-08,1.0936397545284222,
2024-01-09,1.1213512328902924,
2024-01-10,1.155232848992311,
2024-01-11,1.1780549000610387,
2024-01-12,1.1539915520789388,
2024-01-15,1.076617139323073,
2024-01-16,1.1009435481500414,
2024-01-17,0.93018582455683,
2024-01-18,1.04595261912878,
2024-01-19,1.0689711475695711,
2024-01-20,0.7979302316107846,
2024-01-23,0.9833769240955492,
2024-01-24,1.024368889692507,
2024-01-25,1.0721232532194511,
2024-01-29,0.8904473419949506,
2024-01-30,0.8335703055520526,
2024-01-31,0.8605465381419498,
2024-02-01,1.023445400495768,
2024-02-02,1.0056005767902063,
2024-02-05,0.9236182753239852,
2024-02-06,0.9198376660758218,
2024-02-07,0.958801924287544,
2024-02-08,0.935886595041398,
2024-02-09,0.9863182827997838,
2024-02-12,0.9220038647828104,
2024-02-13,0.96389444577776,
2024-02-14,1.0238859557547355,
2024-02-15,1.0561658885152183,
2024-02-16,1.0672793427216811,
2024-02-19,0.8558449972032598,
2024-02-20,0.9404803786331668,
2024-02-21,0.9734358272037674,
2024-02-22,1.1126705129189938,
2024-02-23,1.1913611208633363,
2024-02-26,1.0464542065353244,
2024-02-27,1.0115504490927183,
2024-02-28,0.8799663558274144,
2024-02-29,1.0671147881270482,
2024-03-01,1.172137374416982,
2024-03-02,0.8109429879526658,
2024-03-04,1.2295341181892767,
2024-03-05,1.306007644209968,
2024-03-06,1.2800108021538878,
2024-03-07,1.3336334360991295,
2024-03-11,1.245077881458513,
2024-03-12,1.2624489803610095,
2024-03-13,1.1486710261784645,
2024-03-14,1.2314906478722267,
2024-03-15,1.2057988690519712,
2024-03-18,1.1706357396986966,
2024-03-19,1.1353726792688124,
2024-03-20,1.1995635410974992,
2024-03-21,1.2779157705624422,
2024-03-22,1.2717318267710531,
2024-03-26,1.1946613667653625,
2024-03-27,1.1920292982689495,
2024-03-28,1.1703979614695308,
2024-04-01,1.2328506607071044,
2024-04-02,1.2532734178723768,
2024-04-03,1.285571744099515,
2024-04-04,1.274720157174268,
2024-04-05,1.2372264831071045,
2024-04-08,1.191777333761019,
2024-04-09,1.2026996167624917,
2024-04-10,1.212324230941426,
2024-04-12,1.1549826404147034,
2024-04-15,1.0390663531436797,
2024-04-16,1.0130598153277663,
2024-04-18,0.9512209647322224,
2024-04-19,0.8857225717508327,
2024-04-22,0.9717594145191264,
2024-04-23,1.3191198109959688,
2024-04-24,1.269607001524772,
2024-04-25,1.1941208614353225,
2024-04-26,1.1572336522195503,
2024-04-29,0.98398166775078,
2024-04-30,0.9017272049925108,
2024-05-02,0.8509213001328431,
2024-05-03,0.7770095311977979,
2024-05-06,0.7116330987343857,
2024-05-07,0.7604879733050296,
2024-05-08,0.8055226243726731,
2024-05-09,0.7965077660574571,
2024-05-10,0.8233470238883114,
2024-05-13,0.7858583413052198,
2024-05-14,0.8363918215362137,
2024-05-15,0.8607557715495079,
2024-05-16,0.8895563037672019,
2024-05-17,0.9114158038682288,
2024-05-18,1.0175193488070224,
2024-05-21,0.8737502163542283,
2024-05-22,0.8983474639051736,
2024-05-23,0.9123756496071008,
2024-05-24,0.9116551164355104,
2024-05-27,0.8709020799230909,
2024-05-28,0.8498974116575668,
2024-05-29,0.8638130455449542,
2024-05-30,0.8738682590815863,
2024-05-31,0.8682166924616622,
2024-06-03,1.0430891854160078,
2024-06-04,0.8025522811796677,
2024-06-05,1.1679491202975,
2024-06-06,1.25496348953167,
2024-06-07,1.2396827992877,
2024-06-10,1.2376025663401975,
2024-06-11,1.2696077389975482,
2024-06-12,1.254232732355961,
2024-06-13,1.2548440605779092,
2024-06-14,1.2479460191209055,
2024-06-18,1.2291676902749749,
2024-06-19,1.1932135641950237,
2024-06-20,1.187682247014381,
2024-06-21,1.1784311136612866,
2024-06-24,1.146704275875509,
2024-06-25,1.13120499708531,
2024-06-26,1.1284328976811064,
2024-06-27,1.1167819246339397,
2024-06-28,1.117764780303176,
2024-07-01,1.10838341923947,
2024-07-02,1.106065590413998,
2024-07-04,1.166883964290624,
2024-07-05,1.1853417982613217,
2024-07-08,1.0887112727421229,
2024-07-09,0.9837019713682006,
2024-07-10,0.9074815601728357,
2024-07-11,0.9803871907302656,
2024-07-12,1.0312329574027526,
2024-07-15,0.9365860645827556,
2024-07-16,0.9397973616753176,
2024-07-18,0.8868789419813424,
2024-07-19,0.8427702284333934,
2024-07-22,0.7747357361912723,
2024-07-23,1.269226214219157,
2024-07-24,1.3530112212528915,
2024-07-25,1.2093448672311589,
2024-07-26,1.235166280348397,
2024-07-29,1.13609372244769,
2024-07-30,1.1379345773429363,
2024-07-31,1.087317926476359,
2024-08-01,1.1226405726838282,
2024-08-02,0.9577556115903954,
2024-08-05,0.65,
2024-08-06,0.7877909133747476,
2024-08-07,0.9447605311850912,
2024-08-08,0.9299635976642237,
2024-08-09,1.0033630717856357,
2024-08-12,0.980502747232698,
2024-08-13,0.9704177450482816,
2024-08-14,1.0132453339079692,
2024-08-16,1.0691132576621096,
2024-08-19,1.0720359293930062,
2024-08-20,1.0945937086103046,
2024-08-21,1.1232980442436578,
2024-08-22,1.147741492358784,
2024-08-23,1.1207195655592186,
2024-08-26,1.112982635345672,
2024-08-27,1.1261396842087057,
2024-08-28,1.1114423173804349,
2024-08-29,1.1237293236612873,
2024-08-30,1.151211178477447,
2024-09-02,1.1080999431844976,
2024-09-03,1.1179802334208753,
2024-09-04,1.0569161587938467,
2024-09-05,1.0660469855134087,
2024-09-06,0.9216022305529876,
2024-09-09,1.047235485392383,
2024-09-10,1.1642820479470155,
2024-09-11,1.1172804676308543,
2024-09-12,1.2062825805308657,
2024-09-13,1.3019051721653807,
2024-09-16,1.2802223347792443,
2024-09-17,1.2313800201916485,
2024-09-18,1.0928130311867168,
2024-09-19,1.238855352239273,
2024-09-20,1.1742790114801798,
2024-09-23,1.0096878060300754,
2024-09-24,1.073512939202951,
2024-09-25,1.1682329796682178,
2024-09-26,1.2553595948428664,
2024-09-27,1.2367363874392066,
2024-09-30,1.1141123502759651,
2024-10-01,1.2072841356157062,
2024-10-03,1.0393035251465017,
2024-10-04,0.9008598666725428,
2024-10-07,0.7570491051903784,
2024-10-08,0.8390842085432668,
2024-10-09,0.9156312659476444,
2024-10-10,0.9995124064926612,
2024-10-11,1.038308790134905,
2024-10-14,1.0719177336744523,
2024-10-15,1.0761190877460085,
2024-10-16,1.0725847245622662,
2024-10-17,1.0239804510965618,
2024-10-18,1.078824743382056,
2024-10-21,0.9806442204113368,
2024-10-22,0.8972304000676209,
2024-10-23,0.8843579676734357,
2024-10-24,0.978907373923699,
2024-10-25,0.9032711151422076,
2024-10-28,0.9586363894019032,
2024-10-29,0.9356378042527436,
2024-10-30,0.802455509924734,
2024-10-31,0.8311980719091481,
2024-11-01,0.8201795990568674,
2024-11-04,0.7712040598385741,
2024-11-05,0.8590502054860822,
2024-11-06,0.9954491923344432,
2024-11-07,0.9951214891147064,
2024-11-08,1.0517561225209144,
2024-11-11,1.0823141048295244,
2024-11-12,1.0548158480607297,
2024-11-13,0.959067645125686,
2024-11-14,1.0553350246921962,
2024-11-18,1.010589238199795,
2024-11-19,0.9419898055296412,
2024-11-21,0.9030084034385408,
2024-11-22,0.9018760808120776,
2024-11-25,1.0395646349745589,
2024-11-26,1.0435664735785302,
2024-11-27,1.1702997015184189,
2024-11-28,1.071767231499299,
2024-11-29,1.2022776108127935,
2024-12-02,1.1445009100460752,
2024-12-03,1.188467958904957,
2024-12-04,1.1701008637104051,
2024-12-05,1.145411381978236,
2024-12-06,1.214581615593339,
2024-12-09,1.2045410341503606,
2024-12-10,1.2492854503957216,
2024-12-11,1.3032014355462298,
2024-12-12,1.2783799553662067,
2024-12-13,1.264590122324198,
2024-12-16,1.1250530899798257,
2024-12-17,1.0564222391420164,
2024-12-18,1.0647828419559606,
2024-12-19,1.0320174574087428,
2024-12-20,0.9171533363987844,
2024-12-23,1.1887439146090242,
2024-12-24,1.234757926710878,
2024-12-26,1.065753884426471,
2024-12-27,1.2079848103825486,
2024-12-30,1.0561326433610152,
2024-12-31,0.9532833255948904,
2025-01-01,0.6794158762440372,
2025-01-02,1.0974340217971816,
2025-01-03,1.1192990896387265,
2025-01-06,0.8428354360280288,
2025-01-07,0.978833447070264,
2025-01-08,1.0083714333588727,
2025-01-09,0.9913282787481728,
2025-01-10,0.9659490381226752,
2025-01-13,0.8433527062044573,
2025-01-14,0.9269747794901888,
2025-01-15,0.9608864674635896,
2025-01-16,0.9431976920766252,
2025-01-17,0.9200760175466164,
2025-01-20,0.8603377625843809,
2025-01-22,0.8484174014792484,
2025-01-23,0.8734448296263904,
2025-01-24,0.887343203088848,
2025-01-27,0.7837136929971305,
2025-01-28,0.8156678848198257,
2025-01-29,0.8165956914937906,
2025-01-30,0.9285299518684424,
2025-01-31,1.0326464592944171,
2025-02-01,1.0066280131530396,
2025-02-03,1.2182597305886136,
2025-02-04,1.2393487218408108,
2025-02-05,1.2283938356328798,
2025-02-06,1.2137070476724394,
2025-02-07,1.2400152856916744,
2025-02-10,1.1680769003120206,
2025-02-11,1.1313576708994333,
2025-02-12,1.1270589535277158,
2025-02-13,1.1198342209161984,
2025-02-14,1.1118731824572905,
2025-02-17,1.0551189587597716,
2025-02-18,1.0547848757323508,
2025-02-19,1.0695795750961432,
2025-02-20,1.1203693135788568,
2025-02-21,1.1234322826744827,
2025-02-24,1.1231158126924905,
2025-02-25,1.2002767510572978,
2025-02-27,1.2491614653854923,
2025-02-28,1.1568363584612746,
2025-03-03,1.1789495971370825,
2025-03-04,1.159367312873735,
2025-03-05,1.181144619982828,
2025-03-06,1.1657163254088203,
2025-03-07,1.1971495697727756,
2025-03-10,1.1172177645946206,
2025-03-11,1.100836775624363,
2025-03-12,1.1520369488187507,
2025-03-13,1.200537506730523,
2025-03-17,1.166393680807392,
2025-03-18,1.1848905146909594,
2025-03-19,1.1649495194183237,
2025-03-20,1.2824933560210552,
2025-03-21,1.2849395379244577,
2025-03-24,1.0283795973047567,
2025-03-25,1.0301547869860446,
2025-03-26,1.064338462049412,
2025-03-27,1.1093411190971136,
2025-03-28,1.2573548947270152,
2025-04-01,0.960047660100558,
2025-04-02,0.9761364093726156,
2025-04-03,1.0060025849836969,
2025-04-04,0.9619208351787412,
2025-04-07,0.65,
2025-04-08,0.762238954219123,
2025-04-09,0.7810438614371329,
2025-04-11,0.8597690018539217,
2025-04-15,1.0102870015545589,
2025-04-16,1.024419474360594,
2025-04-17,1.0429514074710573,
2025-04-21,1.0453405791117485,
2025-04-22,1.0600421641580529,
2025-04-23,1.0383085453137173,
2025-04-24,1.0336904159424147,
2025-04-25,1.003569234596792,
2025-04-28,1.0187063862382026,
2025-04-29,1.008112414750015,
2025-04-30,0.980963896440444,
2025-05-05,0.9847565308537882,
2025-05-06,0.9644180879173686,
2025-05-07,0.9709618451094798,
2025-05-08,0.8910469216429802,
2025-05-09,0.8760330403167312,
2025-05-12,1.026477126888558,
2025-05-13,1.0301646041436137,
2025-05-14,1.077523526745694,
2025-05-15,1.0910555587305546,
2025-05-16,1.116163466669571,
2025-05-19,1.0661003135225802,
2025-05-20,1.07166771136966,
2025-05-21,1.0682712677137227,
2025-05-22,1.1023486415981625,
2025-05-23,1.1088063630086131,
2025-05-26,1.0520522622085051,
2025-05-27,1.010537062154221,
2025-05-28,1.0637053879116267,
2025-05-29,1.204133058089875,
2025-05-30,1.2157843344421786,
2025-06-02,1.1175015295312003,
2025-06-03,1.15747107472943,
2025-06-04,1.2074103961898972,
2025-06-05,1.2546403977749767,
2025-06-06,1.322032460940034,
2025-06-09,1.279114426868283,
2025-06-10,1.3024649474202463,
2025-06-11,1.2892568330771683,
2025-06-12,1.2339854459423223,
2025-06-13,1.1411935887531022,
2025-06-16,1.1498598353386007,
2025-06-17,1.1717253280577793,
2025-06-18,1.1686941422521335,
2025-06-19,1.158807640484324,
2025-06-20,1.1902378995965908,
2025-06-23,1.1511812853504688,
2025-06-24,1.1816964902358271,
2025-06-25,1.2433521959381806,
2025-06-26,1.2571524212781653,
2025-06-27,1.2516394153719517,
2025-06-30,1.2083204140855628,
2025-07-01,1.2328638539909849,
2025-07-02,1.2297807026286145,
2025-07-03,1.219881466960093,
2025-07-04,1.210631187748798,
2025-07-07,1.1674323578956294,
2025-07-08,1.1981621451806557,
2025-07-09,1.212096469715792,
2025-07-10,1.2228339183859145,
2025-07-11,1.195599605645124,
2025-07-14,1.167676678998452,
2025-07-15,1.221682756785104,
2025-07-16,1.2399322497990015,
2025-07-17,1.2301115295271152,
2025-07-18,1.1946839542691436,
2025-07-21,1.2233961780509466,
2025-07-22,1.2912230127616775,
2025-07-23,1.2966525591427622,
2025-07-24,1.2360416247489583,
2025-07-25,1.1287427654796909,
2025-07-28,0.979360084620465,
2025-07-29,1.0713185088463335,
2025-07-30,1.1258424583163502,
2025-07-31,1.0483477827781889,
2025-08-01,0.9435765592662432,
2025-08-04,0.9280586277295284,
2025-08-05,0.983656987696659,
2025-08-06,0.9175169499886626,
2025-08-07,0.989751432068849,
2025-08-08,0.9056386072546274,
2025-08-12,0.8639816957892799,
2025-08-13,0.9014872726652068,
2025-08-14,0.8724538095879264,
2025-08-18,0.8952752303786008,
2025-08-19,1.0194710554465058,
2025-08-20,1.025492216356897,
2025-08-21,1.1320668513419632,
2025-08-22,1.062073797183381,
2025-08-25,1.0730698699435155,
2025-08-26,0.9272284563648164,
2025-08-28,0.9351605627072088,
2025-08-29,1.1026713891625084,
2025-09-01,1.2891622863393355,
2025-09-02,1.23631997073413,
2025-09-03,1.3375996447748926,
2025-09-04,1.3062410270965097,
2025-09-05,1.2836736577762011,
2025-09-08,1.2413027013096665,
2025-09-09,1.247559027591149,
2025-09-10,1.249435067774003,
2025-09-11,1.2555284485580276,
2025-09-12,1.266711631683063,
2025-09-15,1.202867550142147,
2025-09-16,1.211633163844673,
2025-09-17,1.1985891348628506,
2025-09-18,1.2385550335142148,
2025-09-19,1.2061582295737372,
2025-09-22,1.09995604527478,
2025-09-23,1.079613403687822,
2025-09-24,1.0893959836093623,
2025-09-25,1.0144372556658128,
2025-09-26,0.8270618989129961,
2025-09-29,0.8479470064771092,
2025-09-30,0.917753361938262,
2025-10-01,1.134195546479169,
2025-10-03,1.1859641971183257,
2025-10-06,1.1402394317077438,
2025-10-07,1.1672079156732873,
2025-10-08,1.08987783592708,
2025-10-09,1.1358609697333872,
2025-10-10,1.136577540810663,
2025-10-13,0.9058896966365446,
2025-10-14,0.885548788581244,
2025-10-15,1.0461041617646516,
2025-10-16,0.9687849601253146,
2025-10-17,0.8157929440393348,
2025-10-20,0.8954081646776819,
2025-10-21,0.9221359408698276,
2025-10-23,0.8530013580589875,
2025-10-24,0.8997069984193904,
2025-10-27,0.8686148054779375,
2025-10-28,0.8659732094877283,
2025-10-29,0.8765176888297563,
2025-10-30,0.8784445582248837,
2025-10-31,0.8853193987153931,
2025-11-03,0.8340805217470165,
2025-11-04,0.8603702761711145,
2025-11-06,0.9078650885008792,
2025-11-07,0.8995090483581036,
2025-11-10,0.9477475072675248,
2025-11-11,0.9201327320264844,
2025-11-12,1.0015224505358546,
2025-11-13,0.9997756904470582,
2025-11-14,1.0621962502553877,
2025-11-17,1.1229586916765506,
2025-11-18,1.0371044558082585,
2025-11-19,1.0899746709841605,
2025-11-21,0.6719503074570674,
2025-11-24,0.8164747221837926,
2025-11-25,1.0688059418162703,
2025-11-26,1.1407544625248187,
2025-11-27,1.1832178426076916,
2025-11-28,1.2153697131989316,
2025-12-01,1.2012883066716962,
2025-12-02,1.2635749013702766,
2025-12-03,1.2408727844053695,
2025-12-04,1.27908398373529,
2025-12-05,1.3114668436853982,
2025-12-08,1.1693913177984436,
2025-12-09,1.1835197172426133,
2025-12-10,1.1761813290157497,
2025-12-11,1.2297322655395346,
2025-12-12,1.2432064529831572,
2025-12-15,1.2060788301538357,
2025-12-16,1.2112171695073664,
2025-12-17,1.2171750774748171,
2025-12-18,1.2124892314752318,
2025-12-19,1.2297064385702894,
2025-12-22,1.2081707508772304,
2025-12-23,1.235601386019098,
2025-12-24,1.2442040988205203,
2025-12-26,1.232355899748826,
2025-12-29,1.1369136947712608,
2025-12-30,1.13491294736673,
2025-12-31,1.1599399472146943,
2026-01-01,0.65,
2026-01-02,1.1119633513304572,
2026-01-05,1.068226295059277,
2026-01-06,1.0641897737553627,
2026-01-07,1.0657827368849493,
2026-01-08,1.0152699577789588,
2026-01-09,0.9925314926933464,
2026-01-12,0.9652359834996844,
2026-01-13,0.9820549373478584,
2026-01-14,0.9785216770806164,
2026-01-16,0.9809215279625564,
2026-01-19,0.9563279127437908,
2026-01-20,0.9076307798504516,
2026-01-21,0.8612780044166942,
2026-01-22,0.9056459355679832,
2026-01-23,0.8740957591391942,
2026-01-27,0.8785047834306612,
2026-01-28,0.945035790118225,
2026-01-29,0.96433155378855,
2026-01-30,0.9582631960466436,
2026-02-01,0.7662719165951952,
2026-02-02,0.9529269980026188,
2026-02-03,1.0257156170308437,
2026-02-04,1.0807056683260874,
2026-02-05,1.0986447929277103,
2026-02-06,1.1263653281001025,
2026-03-13,0.65,
2026-03-16,0.7522586405317754,
2026-03-17,0.8515410747794729,
2026-03-18,1.0,
2026-03-19,1.0,
2026-03-20,1.0,
2026-03-23,0.7933517635285421,
2026-03-24,0.8686698758036664,
2026-03-25,0.8903150276566049,
2026-03-27,1.0,
2026-03-29,1.3,
2026-03-30,1.3,
2026-03-31,1.3,
2026-04-01,1.3,
2026-04-02,1.3,
2026-04-03,1.3,
2026-04-06,1.3,vix_estimate
2026-04-07,1.3,vix_estimate
2026-04-08,0.95,vix_estimate
2026-04-09,1.1,vix_estimate
2026-04-10,0.95,vix_estimate
2026-04-13,1.1,vix_estimate
