date,usdinr
2016-03-31,66.36799621582031
2016-04-01,66.24800109863281
2016-04-04,66.35800170898438
2016-04-05,66.13300323486328
2016-04-06,66.46800231933594
2016-04-07,66.53299713134766
2016-04-08,66.77899932861328
2016-04-11,66.54399871826172
2016-04-12,66.29000091552734
2016-04-13,66.31500244140625
2016-04-14,66.5250015258789
2016-04-15,66.63700103759766
2016-04-18,66.65299987792969
2016-04-19,66.40899658203125
2016-04-20,66.22200012207031
2016-04-21,66.2040023803711
2016-04-22,66.51200103759766
2016-04-25,66.65299987792969
2016-04-26,66.70500183105469
2016-04-27,66.45700073242188
2016-04-28,66.3550033569336
2016-04-29,66.43800354003906
2016-05-02,66.41799926757812
2016-05-03,66.37100219726562
2016-05-04,66.59200286865234
2016-05-05,66.62000274658203
2016-05-06,66.60199737548828
2016-05-09,66.59400177001953
2016-05-10,66.72100067138672
2016-05-11,66.66600036621094
2016-05-12,66.59100341796875
2016-05-13,66.7509994506836
2016-05-16,66.9000015258789
2016-05-17,66.875
2016-05-18,66.86799621582031
2016-05-19,67.16000366210938
2016-05-20,67.47699737548828
2016-05-23,67.4229965209961
2016-05-24,67.447998046875
2016-05-25,67.6510009765625
2016-05-26,67.30400085449219
2016-05-27,66.9540023803711
2016-05-30,67.02400207519531
2016-05-31,67.13300323486328
2016-06-01,67.23100280761719
2016-06-02,67.4260025024414
2016-06-03,67.29199981689453
2016-06-06,66.99199676513672
2016-06-07,66.8010025024414
2016-06-08,66.76300048828125
2016-06-09,66.51000213623047
2016-06-10,66.74099731445312
2016-06-13,66.94499969482422
2016-06-14,67.15399932861328
2016-06-15,67.2979965209961
2016-06-16,67.072998046875
2016-06-17,67.30699920654297
2016-06-20,67.06600189208984
2016-06-21,67.12999725341797
2016-06-22,67.60600280761719
2016-06-23,67.4219970703125
2016-06-24,67.24199676513672
2016-06-27,67.87699890136719
2016-06-28,67.9209976196289
2016-06-29,67.70500183105469
2016-06-30,67.41600036621094
2016-07-01,67.5009994506836
2016-07-04,67.18199920654297
2016-07-05,67.23699951171875
2016-07-06,67.4260025024414
2016-07-07,67.4010009765625
2016-07-08,67.49700164794922
2016-07-11,67.13200378417969
2016-07-12,67.1449966430664
2016-07-13,66.87000274658203
2016-07-14,67.00599670410156
2016-07-15,66.83799743652344
2016-07-18,67.13300323486328
2016-07-19,67.13899993896484
2016-07-20,67.20600128173828
2016-07-21,67.16400146484375
2016-07-22,67.15399932861328
2016-07-25,67.14600372314453
2016-07-26,67.40499877929688
2016-07-27,67.28399658203125
2016-07-28,67.06300354003906
2016-07-29,67.00700378417969
2016-08-01,66.64800262451172
2016-08-02,66.7509994506836
2016-08-03,66.6760025024414
2016-08-04,66.76000213623047
2016-08-05,66.84100341796875
2016-08-08,66.83499908447266
2016-08-09,66.79399871826172
2016-08-10,66.78299713134766
2016-08-11,66.75800323486328
2016-08-12,66.73999786376953
2016-08-15,66.89959716796875
2016-08-16,66.86489868164062
2016-08-17,66.85769653320312
2016-08-18,66.90550231933594
2016-08-19,66.81999969482422
2016-08-22,67.12750244140625
2016-08-23,67.1874008178711
2016-08-24,67.12999725341797
2016-08-25,67.16000366210938
2016-08-26,67.00559997558594
2016-08-29,67.12899780273438
2016-08-30,67.08999633789062
2016-08-31,67.12660217285156
2016-09-01,66.97470092773438
2016-09-02,66.79299926757812
2016-09-05,66.57279968261719
2016-09-06,66.45999908447266
2016-09-07,66.25520324707031
2016-09-08,66.47160339355469
2016-09-09,66.44999694824219
2016-09-12,66.77799987792969
2016-09-13,66.7229995727539
2016-09-14,66.99500274658203
2016-09-15,66.75810241699219
2016-09-16,66.85030364990234
2016-09-19,67.06529998779297
2016-09-20,66.9552001953125
2016-09-21,66.9749984741211
2016-09-22,66.76119995117188
2016-09-23,66.62259674072266
2016-09-26,66.69650268554688
2016-09-27,66.60649871826172
2016-09-28,66.44129943847656
2016-09-29,66.33280181884766
2016-09-30,66.81629943847656
2016-10-03,66.54650115966797
2016-10-04,66.38030242919922
2016-10-05,66.5780029296875
2016-10-06,66.56320190429688
2016-10-07,66.68710327148438
2016-10-10,66.59120178222656
2016-10-11,66.48509979248047
2016-10-12,66.79850006103516
2016-10-13,66.81809997558594
2016-10-14,66.78399658203125
2016-10-17,66.7052993774414
2016-10-18,66.78359985351562
2016-10-19,66.73799896240234
2016-10-20,66.63639831542969
2016-10-21,66.84130096435547
2016-10-24,66.91120147705078
2016-10-25,66.83399963378906
2016-10-26,66.78130340576172
2016-10-27,66.86399841308594
2016-10-28,66.90299987792969
2016-10-31,66.78140258789062
2016-11-01,66.66549682617188
2016-11-02,66.67849731445312
2016-11-03,66.77749633789062
2016-11-04,66.68450164794922
2016-11-07,66.7853012084961
2016-11-08,66.73500061035156
2016-11-09,66.22949981689453
2016-11-10,66.50749969482422
2016-11-11,67.2145004272461
2016-11-14,67.54679870605469
2016-11-15,67.77549743652344
2016-11-16,67.74800109863281
2016-11-17,67.98149871826172
2016-11-18,67.97480010986328
2016-11-21,68.16999816894531
2016-11-22,68.21549987792969
2016-11-23,68.385498046875
2016-11-24,68.79850006103516
2016-11-25,68.74549865722656
2016-11-28,68.50849914550781
2016-11-29,68.55549621582031
2016-11-30,68.60800170898438
2016-12-01,68.58799743652344
2016-12-02,68.21649932861328
2016-12-05,68.0114974975586
2016-12-06,68.01249694824219
2016-12-07,67.72200012207031
2016-12-08,67.43150329589844
2016-12-09,67.40599822998047
2016-12-12,67.46050262451172
2016-12-13,67.41799926757812
2016-12-14,67.3864974975586
2016-12-15,67.81999969482422
2016-12-16,67.84500122070312
2016-12-19,67.83499908447266
2016-12-20,67.84020233154297
2016-12-21,67.89700317382812
2016-12-22,67.82550048828125
2016-12-23,67.83799743652344
2016-12-26,67.83080291748047
2016-12-27,67.77200317382812
2016-12-28,67.96800231933594
2016-12-29,68.20500183105469
2016-12-30,67.93299865722656
2017-01-02,67.9448013305664
2017-01-03,68.13390350341797
2017-01-04,68.2697982788086
2017-01-05,67.885498046875
2017-01-06,67.73300170898438
2017-01-09,68.1426010131836
2017-01-10,68.09700012207031
2017-01-11,68.31800079345703
2017-01-12,68.13999938964844
2017-01-13,68.12950134277344
2017-01-16,68.15779876708984
2017-01-17,68.09459686279297
2017-01-18,67.89949798583984
2017-01-19,68.197998046875
2017-01-20,68.09030151367188
2017-01-23,68.07720184326172
2017-01-24,68.05139923095703
2017-01-25,68.16449737548828
2017-01-26,67.9729995727539
2017-01-27,68.14900207519531
2017-01-30,68.11000061035156
2017-01-31,67.82099914550781
2017-02-01,67.50160217285156
2017-02-02,67.39540100097656
2017-02-03,67.2656021118164
2017-02-06,67.15730285644531
2017-02-07,67.19529724121094
2017-02-08,67.34049987792969
2017-02-09,66.96430206298828
2017-02-10,66.74530029296875
2017-02-13,66.84369659423828
2017-02-14,66.91539764404297
2017-02-15,66.7759017944336
2017-02-16,66.8655014038086
2017-02-17,67.16480255126953
2017-02-20,67.06520080566406
2017-02-21,66.96499633789062
2017-02-22,66.96510314941406
2017-02-23,66.91429901123047
2017-02-24,66.68280029296875
2017-02-27,66.63500213623047
2017-02-28,66.69319915771484
2017-03-01,66.7051010131836
2017-03-02,66.85800170898438
2017-03-03,66.84510040283203
2017-03-06,66.77300262451172
2017-03-07,66.66470336914062
2017-03-08,66.61620330810547
2017-03-09,66.76499938964844
2017-03-10,66.68049621582031
2017-03-13,66.48500061035156
2017-03-14,66.17009735107422
2017-03-15,65.77510070800781
2017-03-16,65.62049865722656
2017-03-17,65.40450286865234
2017-03-20,65.46810150146484
2017-03-21,65.33529663085938
2017-03-22,65.49500274658203
2017-03-23,65.36499786376953
2017-03-24,65.44439697265625
2017-03-27,65.39309692382812
2017-03-28,65.04499816894531
2017-03-29,65.11000061035156
2017-03-30,64.77999877929688
2017-03-31,64.79000091552734
2017-04-03,64.79669952392578
2017-04-04,64.87750244140625
2017-04-05,65.05000305175781
2017-04-06,65.04000091552734
2017-04-07,64.58000183105469
2017-04-10,64.26000213623047
2017-04-11,64.57499694824219
2017-04-12,64.62999725341797
2017-04-13,64.5
2017-04-14,64.44999694824219
2017-04-17,64.45369720458984
2017-04-18,64.4083023071289
2017-04-19,64.56999969482422
2017-04-20,64.64669799804688
2017-04-21,64.66000366210938
2017-04-24,64.63999938964844
2017-04-25,64.38999938964844
2017-04-26,64.3499984741211
2017-04-27,64.0199966430664
2017-04-28,64.05999755859375
2017-05-01,64.25830078125
2017-05-02,64.18000030517578
2017-05-03,64.06999969482422
2017-05-04,64.20999908447266
2017-05-05,64.16999816894531
2017-05-08,64.30799865722656
2017-05-09,64.41179656982422
2017-05-10,64.63999938964844
2017-05-11,64.55000305175781
2017-05-12,64.36000061035156
2017-05-15,64.16549682617188
2017-05-16,64.03829956054688
2017-05-17,63.900001525878906
2017-05-18,64.2300033569336
2017-05-19,64.87110137939453
2017-05-22,64.44850158691406
2017-05-23,64.50019836425781
2017-05-24,64.88520050048828
2017-05-25,64.76010131835938
2017-05-26,64.54540252685547
2017-05-29,64.51319885253906
2017-05-30,64.50859832763672
2017-05-31,64.61859893798828
2017-06-01,64.5000991821289
2017-06-02,64.37229919433594
2017-06-05,64.40499877929688
2017-06-06,64.34400177001953
2017-06-07,64.42050170898438
2017-06-08,64.41829681396484
2017-06-09,64.243896484375
2017-06-12,64.37699890136719
2017-06-13,64.46910095214844
2017-06-14,64.35749816894531
2017-06-15,64.16580200195312
2017-06-16,64.55999755859375
2017-06-19,64.3949966430664
2017-06-20,64.48760223388672
2017-06-21,64.53050231933594
2017-06-22,64.5416030883789
2017-06-23,64.59100341796875
2017-06-26,64.49800109863281
2017-06-27,64.42130279541016
2017-06-28,64.5248031616211
2017-06-29,64.51190185546875
2017-06-30,64.78510284423828
2017-07-03,64.60679626464844
2017-07-04,64.84269714355469
2017-07-05,64.7688980102539
2017-07-06,64.79139709472656
2017-07-07,64.71330261230469
2017-07-10,64.61170196533203
2017-07-12,64.52559661865234
2017-07-13,64.36499786376953
2017-07-14,64.42579650878906
2017-07-17,64.26730346679688
2017-07-18,64.33000183105469
2017-07-19,64.3062973022461
2017-07-20,64.26329803466797
2017-07-21,64.32499694824219
2017-07-24,64.46109771728516
2017-07-25,64.36509704589844
2017-07-26,64.4469985961914
2017-07-27,64.3447036743164
2017-07-28,64.18499755859375
2017-07-31,64.12349700927734
2017-08-01,64.18949890136719
2017-08-02,64.05580139160156
2017-08-03,63.64059829711914
2017-08-04,63.696998596191406
2017-08-07,63.66510009765625
2017-08-08,63.8301010131836
2017-08-09,63.70289993286133
2017-08-10,63.88769912719727
2017-08-11,64.13860321044922
2017-08-14,64.08100128173828
2017-08-15,64.17430114746094
2017-08-16,64.26300048828125
2017-08-17,64.1604995727539
2017-08-18,64.18890380859375
2017-08-21,64.07589721679688
2017-08-22,64.15750122070312
2017-08-23,64.05750274658203
2017-08-24,64.00499725341797
2017-08-25,64.03500366210938
2017-08-28,63.99549865722656
2017-08-29,63.78929901123047
2017-08-30,63.98680114746094
2017-08-31,63.976200103759766
2017-09-01,63.91189956665039
2017-09-04,64.0155029296875
2017-09-05,64.02629852294922
2017-09-06,64.0999984741211
2017-09-07,64.0154037475586
2017-09-08,63.95009994506836
2017-09-11,63.930999755859375
2017-09-12,63.97999954223633
2017-09-13,63.98759841918945
2017-09-14,64.11509704589844
2017-09-15,64.15499877929688
2017-09-18,64.12020111083984
2017-09-19,64.2146987915039
2017-09-20,64.29869842529297
2017-09-21,64.28369903564453
2017-09-22,64.80229949951172
2017-09-25,64.89099884033203
2017-09-26,65.26509857177734
2017-09-27,65.3499984741211
2017-09-28,65.5250015258789
2017-09-29,65.36000061035156
2017-10-02,65.29329681396484
2017-10-03,65.57170104980469
2017-10-04,65.44309997558594
2017-10-05,65.01950073242188
2017-10-06,65.20999908447266
2017-10-09,65.41419982910156
2017-10-10,65.41459655761719
2017-10-11,65.23889923095703
2017-10-12,65.20539855957031
2017-10-13,65.0459976196289
2017-10-16,64.6729965209961
2017-10-17,64.6946029663086
2017-10-18,64.92870330810547
2017-10-19,65.04010009765625
2017-10-20,64.90460205078125
2017-10-23,65.1041030883789
2017-10-24,65.03489685058594
2017-10-25,65.07949829101562
2017-10-26,64.83999633789062
2017-10-27,64.5999984741211
2017-10-30,64.87339782714844
2017-10-31,64.84239959716797
2017-11-01,64.67009735107422
2017-11-02,64.55509948730469
2017-11-03,64.50050354003906
2017-11-06,64.69339752197266
2017-11-07,64.59089660644531
2017-11-08,65.16449737548828
2017-11-09,64.9104995727539
2017-11-10,64.96800231933594
2017-11-13,65.1603012084961
2017-11-14,65.43840026855469
2017-11-15,65.41339874267578
2017-11-17,65.20999908447266
2017-11-20,64.90499877929688
2017-11-21,65.0250015258789
2017-11-22,64.76129913330078
2017-11-23,64.7699966430664
2017-11-24,64.57939910888672
2017-11-27,64.54499816894531
2017-11-28,64.43389892578125
2017-11-29,64.47000122070312
2017-11-30,64.41480255126953
2017-12-01,64.49939727783203
2017-12-04,64.50900268554688
2017-12-05,64.35140228271484
2017-12-06,64.35690307617188
2017-12-07,64.51519775390625
2017-12-08,64.54239654541016
2017-12-11,64.4729995727539
2017-12-12,64.3499984741211
2017-12-13,64.55000305175781
2017-12-14,64.31999969482422
2017-12-15,64.2750015258789
2017-12-18,64.07230377197266
2017-12-19,64.20010375976562
2017-12-20,64.04759979248047
2017-12-21,63.96500015258789
2017-12-22,64.00969696044922
2017-12-25,64.00779724121094
2017-12-26,64.010498046875
2017-12-27,64.0281982421875
2017-12-28,64.11499786376953
2017-12-29,64.06199645996094
2018-01-01,63.84080123901367
2018-01-02,63.86759948730469
2018-01-03,63.459999084472656
2018-01-04,63.41910171508789
2018-01-05,63.36959838867188
2018-01-08,63.26499938964844
2018-01-09,63.45199966430664
2018-01-10,63.63610076904297
2018-01-11,63.7599983215332
2018-01-12,63.67210006713867
2018-01-15,63.5885009765625
2018-01-16,63.52119827270508
2018-01-17,63.99430084228516
2018-01-18,63.82500076293945
2018-01-19,63.86759948730469
2018-01-22,63.83209991455078
2018-01-23,63.88010025024414
2018-01-24,63.7504997253418
2018-01-25,63.57789993286133
2018-01-26,63.57310104370117
2018-01-29,63.56999969482422
2018-01-30,63.66939926147461
2018-01-31,63.769901275634766
2018-02-01,63.665000915527344
2018-02-02,63.97499847412109
2018-02-05,64.13249969482422
2018-02-06,64.314697265625
2018-02-07,63.97999954223633
2018-02-08,64.19999694824219
2018-02-09,64.44049835205078
2018-02-12,64.2113037109375
2018-02-13,64.28350067138672
2018-02-14,64.2500991821289
2018-02-15,64.02519989013672
2018-02-16,63.890899658203125
2018-02-19,64.37999725341797
2018-02-20,64.50499725341797
2018-02-21,64.86499786376953
2018-02-22,64.8949966430664
2018-02-23,64.95140075683594
2018-02-26,64.7030029296875
2018-02-27,64.78040313720703
2018-02-28,64.91000366210938
2018-03-01,65.23999786376953
2018-03-02,65.1500015258789
2018-03-05,65.18669891357422
2018-03-06,65.00370025634766
2018-03-07,64.88999938964844
2018-03-08,64.89119720458984
2018-03-09,65.09040069580078
2018-03-12,64.96489715576172
2018-03-13,64.94550323486328
2018-03-14,64.8281021118164
2018-03-15,64.83679962158203
2018-03-16,65.01439666748047
2018-03-19,65.06500244140625
2018-03-20,65.21009826660156
2018-03-21,65.2323989868164
2018-03-22,65.06559753417969
2018-03-23,65.16000366210938
2018-03-26,65.01499938964844
2018-03-27,64.69499969482422
2018-03-28,64.89550018310547
2018-03-29,65.14920043945312
2018-03-30,65.02999877929688
2018-04-02,65.10549926757812
2018-04-03,65.13999938964844
2018-04-04,64.90499877929688
2018-04-05,64.99500274658203
2018-04-06,64.86150360107422
2018-04-09,64.90450286865234
2018-04-10,64.87000274658203
2018-04-11,64.92530059814453
2018-04-12,65.19000244140625
2018-04-13,65.27570343017578
2018-04-16,65.19560241699219
2018-04-17,65.4292984008789
2018-04-18,65.67500305175781
2018-04-19,66.01000213623047
2018-04-20,66.11479949951172
2018-04-23,66.1968994140625
2018-04-24,66.54499816894531
2018-04-25,66.41410064697266
2018-04-26,66.90769958496094
2018-04-27,66.9000015258789
2018-04-30,66.61000061035156
2018-05-01,66.44999694824219
2018-05-02,66.7886962890625
2018-05-03,67.08000183105469
2018-05-04,66.66000366210938
2018-05-07,66.81050109863281
2018-05-08,67.1187973022461
2018-05-09,67.1624984741211
2018-05-10,67.62000274658203
2018-05-11,67.38999938964844
2018-05-14,67.3822021484375
2018-05-15,67.6780014038086
2018-05-16,68.45999908447266
2018-05-17,68.05999755859375
2018-05-18,68.13999938964844
2018-05-21,67.9749984741211
2018-05-22,68.4000015258789
2018-05-23,68.43000030517578
2018-05-24,68.6500015258789
2018-05-25,68.26010131835938
2018-05-28,67.7217025756836
2018-05-29,67.40280151367188
2018-05-30,68.12999725341797
2018-05-31,67.43000030517578
2018-06-01,67.43499755859375
2018-06-04,66.92500305175781
2018-06-05,67.05999755859375
2018-06-06,67.08999633789062
2018-06-07,66.8301010131836
2018-06-08,67.41000366210938
2018-06-11,67.51000213623047
2018-06-12,67.48999786376953
2018-06-13,67.91000366210938
2018-06-14,67.77999877929688
2018-06-15,68.12999725341797
2018-06-18,68.05000305175781
2018-06-19,68.01000213623047
2018-06-20,68.05000305175781
2018-06-21,68.3499984741211
2018-06-22,67.83000183105469
2018-06-25,67.85489654541016
2018-06-26,68.33999633789062
2018-06-27,68.36499786376953
2018-06-28,69.23999786376953
2018-06-29,68.79669952392578
2018-07-02,68.43499755859375
2018-07-03,68.6948013305664
2018-07-04,68.83000183105469
2018-07-05,68.9800033569336
2018-07-06,69.06999969482422
2018-07-09,68.75499725341797
2018-07-10,68.65979766845703
2018-07-11,68.9000015258789
2018-07-12,68.72000122070312
2018-07-13,68.54000091552734
2018-07-16,68.48670196533203
2018-07-17,68.72000122070312
2018-07-18,68.35600280761719
2018-07-19,68.6155014038086
2018-07-20,68.93509674072266
2018-07-23,68.7332992553711
2018-07-24,69.19999694824219
2018-07-25,68.80999755859375
2018-07-26,68.83999633789062
2018-07-27,68.73999786376953
2018-07-30,68.61499786376953
2018-07-31,68.68499755859375
2018-08-01,68.4968032836914
2018-08-02,68.30709838867188
2018-08-03,68.6155014038086
2018-08-06,68.50499725341797
2018-08-07,68.80999755859375
2018-08-08,68.59600067138672
2018-08-09,68.45500183105469
2018-08-10,69.0999984741211
2018-08-13,69.08499908447266
2018-08-14,69.9490966796875
2018-08-15,69.94999694824219
2018-08-16,70.66000366210938
2018-08-17,70.00499725341797
2018-08-20,69.78500366210938
2018-08-21,69.73999786376953
2018-08-22,69.80999755859375
2018-08-23,69.79000091552734
2018-08-24,70.2750015258789
2018-08-27,69.76499938964844
2018-08-28,69.94499969482422
2018-08-29,70.54000091552734
2018-08-30,70.91000366210938
2018-08-31,71.40499877929688
2018-09-03,70.99500274658203
2018-09-04,71.06999969482422
2018-09-05,71.75
2018-09-06,71.88999938964844
2018-09-07,71.93890380859375
2018-09-10,72.09500122070312
2018-09-11,72.44499969482422
2018-09-12,72.98999786376953
2018-09-13,71.92520141601562
2018-09-14,72.02749633789062
2018-09-17,72.09500122070312
2018-09-18,72.53479766845703
2018-09-19,73.12000274658203
2018-09-20,72.34500122070312
2018-09-21,71.72000122070312
2018-09-24,72.2300033569336
2018-09-25,73.30000305175781
2018-09-26,73.08999633789062
2018-09-27,72.7699966430664
2018-09-28,72.94999694824219
2018-10-01,72.50499725341797
2018-10-02,73.75499725341797
2018-10-03,73.27999877929688
2018-10-04,73.8499984741211
2018-10-05,74.22000122070312
2018-10-08,73.76300048828125
2018-10-09,73.88999938964844
2018-10-10,74.55000305175781
2018-10-11,74.5999984741211
2018-10-12,74.16000366210938
2018-10-15,73.6760025024414
2018-10-16,74.08000183105469
2018-10-17,73.45549774169922
2018-10-18,73.91999816894531
2018-10-19,74.16000366210938
2018-10-22,73.46499633789062
2018-10-23,73.8594970703125
2018-10-24,73.22129821777344
2018-10-25,73.22049713134766
2018-10-26,73.22019958496094
2018-10-29,73.125
2018-10-30,73.5905990600586
2018-10-31,73.6500015258789
2018-11-01,74.06999969482422
2018-11-02,73.30999755859375
2018-11-05,72.90499877929688
2018-11-06,72.86000061035156
2018-11-07,73.2300033569336
2018-11-08,72.37999725341797
2018-11-09,72.9000015258789
2018-11-12,72.47000122070312
2018-11-13,73.18000030517578
2018-11-14,72.55000305175781
2018-11-15,72.4000015258789
2018-11-16,71.8917007446289
2018-11-19,71.7750015258789
2018-11-20,71.69000244140625
2018-11-21,71.41500091552734
2018-11-22,71.29499816894531
2018-11-23,70.83499908447266
2018-11-26,70.66999816894531
2018-11-27,70.80999755859375
2018-11-28,70.87999725341797
2018-11-29,70.5999984741211
2018-11-30,69.91999816894531
2018-12-03,69.76000213623047
2018-12-04,70.48500061035156
2018-12-05,70.62999725341797
2018-12-06,70.87000274658203
2018-12-07,70.75
2018-12-10,71.36499786376953
2018-12-11,72.7300033569336
2018-12-12,72.62000274658203
2018-12-13,72.1500015258789
2018-12-14,71.5469970703125
2018-12-17,71.91000366210938
2018-12-18,71.58999633789062
2018-12-19,70.56999969482422
2018-12-20,70.68550109863281
2018-12-21,70.30000305175781
2018-12-24,70.13999938964844
2018-12-25,70.23999786376953
2018-12-26,70.23999786376953
2018-12-27,70.1500015258789
2018-12-28,69.98999786376953
2018-12-31,69.92250061035156
2019-01-01,69.70999908447266
2019-01-02,69.70999908447266
2019-01-03,69.95999908447266
2019-01-04,70.30000305175781
2019-01-07,69.5250015258789
2019-01-08,69.80999755859375
2019-01-09,70.33000183105469
2019-01-10,70.55049896240234
2019-01-11,70.72000122070312
2019-01-14,70.37000274658203
2019-01-15,71.08499908447266
2019-01-16,71.09249877929688
2019-01-17,71.36499786376953
2019-01-18,71.03019714355469
2019-01-21,71.2300033569336
2019-01-22,71.5
2019-01-23,71.2302017211914
2019-01-24,71.15730285644531
2019-01-25,70.98999786376953
2019-01-28,70.9749984741211
2019-01-29,71.09010314941406
2019-01-30,71.62000274658203
2019-01-31,71.12000274658203
2019-02-01,71.19999694824219
2019-02-04,71.45169830322266
2019-02-05,71.68499755859375
2019-02-06,71.7699966430664
2019-02-07,71.54049682617188
2019-02-08,71.58000183105469
2019-02-11,71.1500015258789
2019-02-12,71.2300033569336
2019-02-13,70.80999755859375
2019-02-14,70.86509704589844
2019-02-15,71.01000213623047
2019-02-18,71.31999969482422
2019-02-19,71.69999694824219
2019-02-20,71.5999984741211
2019-02-21,71.30000305175781
2019-02-22,71.18499755859375
2019-02-25,71.03099822998047
2019-02-26,71.08999633789062
2019-02-27,70.94000244140625
2019-02-28,71.19000244140625
2019-03-01,70.81600189208984
2019-03-04,70.98999786376953
2019-03-05,70.9000015258789
2019-03-06,70.74250030517578
2019-03-07,70.36499786376953
2019-03-08,70.48750305175781
2019-03-11,69.98690032958984
2019-03-12,69.79010009765625
2019-03-13,69.84500122070312
2019-03-14,69.72630310058594
2019-03-15,69.3373031616211
2019-03-18,68.9530029296875
2019-03-19,68.61799621582031
2019-03-20,69.31749725341797
2019-03-21,68.82499694824219
2019-03-22,68.93000030517578
2019-03-25,69.1604995727539
2019-03-26,68.92340087890625
2019-03-27,69.42749786376953
2019-03-28,69.37000274658203
2019-03-29,69.5
2019-04-01,69.43000030517578
2019-04-02,69.19529724121094
2019-04-03,68.91020202636719
2019-04-04,68.8499984741211
2019-04-05,68.97039794921875
2019-04-08,69.16000366210938
2019-04-09,69.55249786376953
2019-04-10,69.26180267333984
2019-04-11,69.14019775390625
2019-04-12,69.43000030517578
2019-04-15,69.16100311279297
2019-04-16,69.80999755859375
2019-04-17,69.88500213623047
2019-04-18,69.4010009765625
2019-04-19,69.38099670410156
2019-04-22,69.36000061035156
2019-04-23,70.0625
2019-04-24,69.75800323486328
2019-04-25,70.0958023071289
2019-04-26,70.16000366210938
2019-04-29,69.84200286865234
2019-04-30,69.81179809570312
2019-05-01,69.55599975585938
2019-05-02,69.63289642333984
2019-05-03,69.42440032958984
2019-05-06,69.16799926757812
2019-05-07,69.40029907226562
2019-05-08,69.91000366210938
2019-05-09,70.01000213623047
2019-05-10,70.41000366210938
2019-05-13,69.92250061035156
2019-05-14,70.61699676513672
2019-05-15,70.30699920654297
2019-05-16,70.20919799804688
2019-05-17,70.23500061035156
2019-05-20,70.28150177001953
2019-05-21,70.12750244140625
2019-05-23,69.97250366210938
2019-05-24,69.94499969482422
2019-05-27,69.36000061035156
2019-05-28,69.72000122070312
2019-05-29,69.875
2019-05-30,69.81500244140625
2019-05-31,69.9800033569336
2019-06-03,69.5696029663086
2019-06-04,69.16190338134766
2019-06-05,69.55999755859375
2019-06-06,69.625
2019-06-07,69.36000061035156
2019-06-10,69.34500122070312
2019-06-11,69.52349853515625
2019-06-12,69.3864974975586
2019-06-13,69.69999694824219
2019-06-14,69.80000305175781
2019-06-17,69.77050018310547
2019-06-18,70.11250305175781
2019-06-19,69.76499938964844
2019-06-20,69.87000274658203
2019-06-21,69.77999877929688
2019-06-24,69.56990051269531
2019-06-25,69.60250091552734
2019-06-26,69.63749694824219
2019-06-27,69.60250091552734
2019-06-28,69.32499694824219
2019-07-01,68.94049835205078
2019-07-02,69.1675033569336
2019-07-03,69.0824966430664
2019-07-04,69.00749969482422
2019-07-05,68.73999786376953
2019-07-08,68.44000244140625
2019-07-09,68.8499984741211
2019-07-10,68.76499938964844
2019-07-11,68.36759948730469
2019-07-12,68.66999816894531
2019-07-15,68.55030059814453
2019-07-16,68.74749755859375
2019-07-17,68.8949966430664
2019-07-18,68.78600311279297
2019-07-19,68.8499984741211
2019-07-22,68.83000183105469
2019-07-23,69.16000366210938
2019-07-24,69.0199966430664
2019-07-25,69.18499755859375
2019-07-26,69.15049743652344
2019-07-29,68.87000274658203
2019-07-30,68.94999694824219
2019-07-31,69.07749938964844
2019-08-01,69.40499877929688
2019-08-02,69.29720306396484
2019-08-05,69.65689849853516
2019-08-06,71.5199966430664
2019-08-07,71.2300033569336
2019-08-08,71.16510009765625
2019-08-09,70.47090148925781
2019-08-12,71.03500366210938
2019-08-13,71.58000183105469
2019-08-14,71.08000183105469
2019-08-15,71.63520050048828
2019-08-16,71.72000122070312
2019-08-19,71.13200378417969
2019-08-20,71.99500274658203
2019-08-21,71.80999755859375
2019-08-22,71.43779754638672
2019-08-23,71.92040252685547
2019-08-26,71.50250244140625
2019-08-27,72.16000366210938
2019-08-28,71.53500366210938
2019-08-29,72.08499908447266
2019-08-30,71.6801986694336
2019-09-02,71.72989654541016
2019-09-03,71.96209716796875
2019-09-04,72.45999908447266
2019-09-05,71.95570373535156
2019-09-06,72.22000122070312
2019-09-09,71.66999816894531
2019-09-10,72.09249877929688
2019-09-11,71.85900115966797
2019-09-12,71.56009674072266
2019-09-13,71.28500366210938
2019-09-16,71.02069854736328
2019-09-17,71.74909973144531
2019-09-18,71.70999908447266
2019-09-19,71.5425033569336
2019-09-20,71.71749877929688
2019-09-23,71.19159698486328
2019-09-24,70.78959655761719
2019-09-25,71.28500366210938
2019-09-26,71.30999755859375
2019-09-27,71.21499633789062
2019-09-30,70.49870300292969
2019-10-01,70.92250061035156
2019-10-02,71.0999984741211
2019-10-03,71.1416015625
2019-10-04,71.0199966430664
2019-10-07,70.81500244140625
2019-10-08,71.36000061035156
2019-10-09,71.20999908447266
2019-10-10,71.41000366210938
2019-10-11,70.9800033569336
2019-10-14,70.91400146484375
2019-10-15,71.45249938964844
2019-10-16,71.76000213623047
2019-10-17,71.62000274658203
2019-10-18,71.42250061035156
2019-10-21,71.02999877929688
2019-10-22,71.1050033569336
2019-10-23,71.07499694824219
2019-10-24,70.71499633789062
2019-10-25,71.19000244140625
2019-10-28,70.83000183105469
2019-10-29,70.73500061035156
2019-10-30,70.88459777832031
2019-10-31,70.98999786376953
2019-11-01,70.97000122070312
2019-11-04,70.51210021972656
2019-11-05,71.0
2019-11-06,70.8949966430664
2019-11-07,71.0
2019-11-08,71.37650299072266
2019-11-11,71.37650299072266
2019-11-12,71.5739974975586
2019-11-13,71.77999877929688
2019-11-14,72.1415023803711
2019-11-15,71.95580291748047
2019-11-18,71.70580291748047
2019-11-19,71.93509674072266
2019-11-20,71.85099792480469
2019-11-21,71.76820373535156
2019-11-22,71.7405014038086
2019-11-25,71.78260040283203
2019-11-26,71.67949676513672
2019-11-27,71.42839813232422
2019-11-28,71.22810363769531
2019-11-29,71.54740142822266
2019-12-02,71.7229995727539
2019-12-03,71.625
2019-12-04,71.95999908447266
2019-12-05,71.4801025390625
2019-12-06,71.38500213623047
2019-12-09,71.28679656982422
2019-12-10,70.96019744873047
2019-12-11,71.01000213623047
2019-12-12,70.72930145263672
2019-12-13,70.55989837646484
2019-12-16,70.68900299072266
2019-12-17,70.92050170898438
2019-12-18,71.21499633789062
2019-12-19,70.98989868164062
2019-12-20,71.22270202636719
2019-12-23,71.02400207519531
2019-12-24,71.21070098876953
2019-12-25,71.45999908447266
2019-12-26,71.54000091552734
2019-12-27,71.30030059814453
2019-12-30,71.31300354003906
2019-12-31,71.31099700927734
2020-01-01,71.27580261230469
2020-01-02,71.0250015258789
2020-01-03,71.41500091552734
2020-01-06,71.73100280761719
2020-01-07,71.78700256347656
2020-01-08,72.16000366210938
2020-01-09,71.41190338134766
2020-01-10,71.19429779052734
2020-01-13,70.9530029296875
2020-01-14,70.71890258789062
2020-01-15,70.84510040283203
2020-01-16,70.71800231933594
2020-01-17,70.94560241699219
2020-01-20,71.03469848632812
2020-01-21,71.03099822998047
2020-01-22,71.16999816894531
2020-01-23,71.0781021118164
2020-01-24,71.32099914550781
2020-01-27,71.32499694824219
2020-01-28,71.44000244140625
2020-01-29,71.23040008544922
2020-01-30,71.30000305175781
2020-01-31,71.63999938964844
2020-02-03,71.49649810791016
2020-02-04,71.31410217285156
2020-02-05,71.0999984741211
2020-02-06,71.18000030517578
2020-02-07,71.47000122070312
2020-02-10,71.5155029296875
2020-02-11,71.27999877929688
2020-02-12,71.27529907226562
2020-02-13,71.29620361328125
2020-02-14,71.26850128173828
2020-02-17,71.51480102539062
2020-02-18,71.34919738769531
2020-02-19,71.57499694824219
2020-02-20,71.82749938964844
2020-02-21,72.11000061035156
2020-02-24,71.88680267333984
2020-02-25,72.04669952392578
2020-02-26,71.87000274658203
2020-02-27,71.66339874267578
2020-02-28,71.93000030517578
2020-03-02,72.1500015258789
2020-03-03,72.82499694824219
2020-03-04,73.34200286865234
2020-03-05,74.0425033569336
2020-03-06,73.8551025390625
2020-03-09,73.99530029296875
2020-03-10,74.40599822998047
2020-03-11,74.20500183105469
2020-03-12,74.76000213623047
2020-03-13,75.30000305175781
2020-03-16,73.90399932861328
2020-03-17,75.15499877929688
2020-03-18,74.01239776611328
2020-03-19,74.98200225830078
2020-03-20,75.15969848632812
2020-03-23,75.62210083007812
2020-03-24,76.50599670410156
2020-03-25,77.26000213623047
2020-03-26,75.84549713134766
2020-03-27,74.72560119628906
2020-03-30,75.46499633789062
2020-03-31,75.4000015258789
2020-04-01,75.32499694824219
2020-04-02,77.56999969482422
2020-04-03,77.13999938964844
2020-04-06,76.2300033569336
2020-04-07,75.96489715576172
2020-04-08,76.66000366210938
2020-04-09,75.95899963378906
2020-04-10,76.6500015258789
2020-04-13,76.16649627685547
2020-04-14,76.91000366210938
2020-04-15,75.93099975585938
2020-04-16,77.2125015258789
2020-04-17,77.56999969482422
2020-04-20,76.55999755859375
2020-04-21,77.20999908447266
2020-04-22,76.96939849853516
2020-04-23,76.4000015258789
2020-04-24,76.42250061035156
2020-04-27,76.27149963378906
2020-04-28,76.1863021850586
2020-04-29,76.46499633789062
2020-04-30,75.25849914550781
2020-05-01,75.72000122070312
2020-05-04,75.60050201416016
2020-05-05,75.8499984741211
2020-05-06,76.16999816894531
2020-05-07,76.15129852294922
2020-05-08,76.08000183105469
2020-05-11,75.5250015258789
2020-05-12,76.30999755859375
2020-05-13,75.68000030517578
2020-05-14,75.42620086669922
2020-05-15,75.48500061035156
2020-05-18,75.81999969482422
2020-05-19,75.60009765625
2020-05-20,76.0
2020-05-21,75.77999877929688
2020-05-22,75.625
2020-05-25,75.98500061035156
2020-05-26,76.11000061035156
2020-05-27,75.81999969482422
2020-05-28,76.12999725341797
2020-05-29,75.95999908447266
2020-06-01,75.51319885253906
2020-06-02,75.7300033569336
2020-06-03,75.06580352783203
2020-06-04,75.54499816894531
2020-06-05,75.49089813232422
2020-06-08,75.5177001953125
2020-06-09,75.625
2020-06-10,75.50980377197266
2020-06-11,75.875
2020-06-12,76.38999938964844
2020-06-15,75.95680236816406
2020-06-16,75.97799682617188
2020-06-17,76.65499877929688
2020-06-18,76.55000305175781
2020-06-19,76.40039825439453
2020-06-22,76.2520980834961
2020-06-23,75.78980255126953
2020-06-24,75.60780334472656
2020-06-25,75.97000122070312
2020-06-26,75.53980255126953
2020-06-29,75.61979675292969
2020-06-30,75.69999694824219
2020-07-01,75.75
2020-07-02,75.45490264892578
2020-07-03,74.72100067138672
2020-07-06,74.6792984008789
2020-07-07,74.60759735107422
2020-07-08,75.125
2020-07-09,74.93990325927734
2020-07-10,75.33999633789062
2020-07-13,75.15850067138672
2020-07-14,75.44999694824219
2020-07-15,75.57499694824219
2020-07-16,75.1249008178711
2020-07-17,75.17449951171875
2020-07-20,74.89730072021484
2020-07-21,74.98999786376953
2020-07-22,74.7699966430664
2020-07-23,74.81999969482422
2020-07-24,74.80729675292969
2020-07-27,74.75980377197266
2020-07-28,75.0
2020-07-29,75.08999633789062
2020-07-30,74.8311996459961
2020-07-31,74.98999786376953
2020-08-03,74.91780090332031
2020-08-04,75.33000183105469
2020-08-05,75.25
2020-08-06,74.8822021484375
2020-08-07,74.8998031616211
2020-08-10,75.0248031616211
2020-08-11,75.0999984741211
2020-08-12,74.9000015258789
2020-08-13,74.77210235595703
2020-08-14,75.02999877929688
2020-08-17,74.90280151367188
2020-08-18,75.0
2020-08-19,74.79499816894531
2020-08-20,74.966796875
2020-08-21,74.9999008178711
2020-08-24,74.92179870605469
2020-08-25,74.4000015258789
2020-08-26,74.45249938964844
2020-08-27,74.24009704589844
2020-08-28,73.77449798583984
2020-08-31,73.12830352783203
2020-09-01,73.66999816894531
2020-09-02,73.2699966430664
2020-09-03,73.24849700927734
2020-09-04,73.4478988647461
2020-09-07,73.29029846191406
2020-09-08,73.6500015258789
2020-09-09,73.78679656982422
2020-09-10,73.55000305175781
2020-09-11,73.52729797363281
2020-09-14,73.47859954833984
2020-09-15,73.61499786376953
2020-09-16,73.80000305175781
2020-09-17,73.55069732666016
2020-09-18,73.58360290527344
2020-09-21,73.53479766845703
2020-09-22,73.57980346679688
2020-09-23,73.50299835205078
2020-09-24,73.77839660644531
2020-09-25,73.68240356445312
2020-09-28,73.69930267333984
2020-09-29,73.9749984741211
2020-09-30,73.84500122070312
2020-10-01,73.70500183105469
2020-10-02,73.21700286865234
2020-10-05,73.32240295410156
2020-10-06,73.1082992553711
2020-10-07,73.81500244140625
2020-10-08,73.5425033569336
2020-10-09,73.28050231933594
2020-10-12,73.01480102539062
2020-10-13,73.35079956054688
2020-10-14,73.62000274658203
2020-10-15,73.29620361328125
2020-10-16,73.37100219726562
2020-10-19,73.44380187988281
2020-10-20,73.57499694824219
2020-10-21,73.64749908447266
2020-10-22,73.6812973022461
2020-10-23,73.72000122070312
2020-10-26,73.8228988647461
2020-10-27,73.94850158691406
2020-10-28,73.80500030517578
2020-10-29,74.44000244140625
2020-10-30,74.26399993896484
2020-11-02,74.55049896240234
2020-11-03,74.45680236816406
2020-11-04,74.65560150146484
2020-11-05,74.37999725341797
2020-11-06,74.12000274658203
2020-11-09,73.97979736328125
2020-11-10,73.95320129394531
2020-11-11,74.28160095214844
2020-11-12,74.56999969482422
2020-11-13,74.86499786376953
2020-11-16,74.48770141601562
2020-11-17,74.41809844970703
2020-11-18,74.47969818115234
2020-11-19,74.41999816894531
2020-11-20,74.09960174560547
2020-11-23,74.16239929199219
2020-11-24,74.24490356445312
2020-11-25,73.96080017089844
2020-11-26,73.77989959716797
2020-11-27,74.04879760742188
2020-11-30,73.94090270996094
2020-12-01,74.02519989013672
2020-12-02,73.65499877929688
2020-12-03,73.66259765625
2020-12-04,73.86489868164062
2020-12-07,73.79029846191406
2020-12-08,74.0199966430664
2020-12-09,73.72640228271484
2020-12-10,73.93499755859375
2020-12-11,73.72669982910156
2020-12-14,73.73799896240234
2020-12-15,73.86000061035156
2020-12-16,73.75980377197266
2020-12-17,73.6166000366211
2020-12-18,73.52980041503906
2020-12-21,73.60359954833984
2020-12-22,73.935302734375
2020-12-23,74.2699966430664
2020-12-24,73.83979797363281
2020-12-25,73.55780029296875
2020-12-28,73.68900299072266
2020-12-29,73.5448989868164
2020-12-30,73.45359802246094
2020-12-31,73.13400268554688
2021-01-01,73.08920288085938
2021-01-04,73.09200286865234
2021-01-05,73.31999969482422
2021-01-06,73.37480163574219
2021-01-07,73.36000061035156
2021-01-08,73.44599914550781
2021-01-11,73.37339782714844
2021-01-12,73.51349639892578
2021-01-13,73.16500091552734
2021-01-14,73.1698989868164
2021-01-15,73.08760070800781
2021-01-18,73.15899658203125
2021-01-19,73.1886978149414
2021-01-20,73.19190216064453
2021-01-21,72.91089630126953
2021-01-22,72.95490264892578
2021-01-25,72.99590301513672
2021-01-26,72.97000122070312
2021-01-27,72.91999816894531
2021-01-28,73.03710174560547
2021-01-29,72.93879699707031
2021-02-01,72.90660095214844
2021-02-02,73.11979675292969
2021-02-03,72.91629791259766
2021-02-04,72.85800170898438
2021-02-05,72.9457015991211
2021-02-08,72.78479766845703
2021-02-09,72.92990112304688
2021-02-10,72.85489654541016
2021-02-11,72.80729675292969
2021-02-12,72.70950317382812
2021-02-15,72.59480285644531
2021-02-16,72.63870239257812
2021-02-17,72.93499755859375
2021-02-18,72.79730224609375
2021-02-19,72.60540008544922
2021-02-22,72.5530014038086
2021-02-23,72.44400024414062
2021-02-24,72.37699890136719
2021-02-25,72.4000015258789
2021-02-26,73.1509017944336
2021-03-01,73.59590148925781
2021-03-02,73.30940246582031
2021-03-03,73.27749633789062
2021-03-04,72.88069915771484
2021-03-05,73.13179779052734
2021-03-08,73.1333999633789
2021-03-09,73.33000183105469
2021-03-10,72.7759017944336
2021-03-11,72.70600128173828
2021-03-12,72.63899993896484
2021-03-15,72.68299865722656
2021-03-16,72.51529693603516
2021-03-17,72.5156021118164
2021-03-18,72.29560089111328
2021-03-19,72.6688003540039
2021-03-22,72.40499877929688
2021-03-23,72.38050079345703
2021-03-24,72.61219787597656
2021-03-25,72.64559936523438
2021-03-26,72.61280059814453
2021-03-29,72.44719696044922
2021-03-30,72.74189758300781
2021-03-31,73.44529724121094
2021-04-01,73.20349884033203
2021-04-02,73.28730010986328
2021-04-05,73.3759994506836
2021-04-06,73.27950286865234
2021-04-07,73.48999786376953
2021-04-08,74.40149688720703
2021-04-09,74.54450225830078
2021-04-12,74.72949981689453
2021-04-13,74.99099731445312
2021-04-14,75.18150329589844
2021-04-15,75.0261001586914
2021-04-16,74.72740173339844
2021-04-19,74.56320190429688
2021-04-20,74.8781967163086
2021-04-21,75.44920349121094
2021-04-22,75.42949676513672
2021-04-23,75.0916976928711
2021-04-26,74.86810302734375
2021-04-27,74.81490325927734
2021-04-28,74.57499694824219
2021-04-29,74.31179809570312
2021-04-30,74.10579681396484
2021-05-03,74.09480285644531
2021-05-04,73.8375015258789
2021-05-05,73.77890014648438
2021-05-06,73.79940032958984
2021-05-07,73.61519622802734
2021-05-10,73.29029846191406
2021-05-11,73.5
2021-05-12,73.3750991821289
2021-05-13,73.68160247802734
2021-05-14,73.44490051269531
2021-05-17,73.27890014648438
2021-05-18,73.26969909667969
2021-05-19,73.1281967163086
2021-05-20,73.222900390625
2021-05-21,73.02189636230469
2021-05-24,72.90979766845703
2021-05-25,72.83660125732422
2021-05-26,72.80490112304688
2021-05-27,72.67250061035156
2021-05-28,72.68299865722656
2021-05-31,72.39350128173828
2021-06-01,72.48719787597656
2021-06-02,72.8550033569336
2021-06-03,72.96510314941406
2021-06-04,73.04419708251953
2021-06-07,72.90969848632812
2021-06-08,72.80940246582031
2021-06-09,72.97530364990234
2021-06-10,72.98529815673828
2021-06-11,73.01229858398438
2021-06-14,73.23159790039062
2021-06-15,73.18080139160156
2021-06-16,73.3447036743164
2021-06-17,73.8240966796875
2021-06-18,74.25389862060547
2021-06-21,74.1438980102539
2021-06-22,74.13520050048828
2021-06-23,74.33219909667969
2021-06-24,74.24690246582031
2021-06-25,74.19029998779297
2021-06-28,74.21299743652344
2021-06-29,74.285400390625
2021-06-30,74.28759765625
2021-07-01,74.37100219726562
2021-07-02,74.54499816894531
2021-07-05,74.48179626464844
2021-07-06,74.31780242919922
2021-07-07,74.76290130615234
2021-07-08,74.8218994140625
2021-07-09,74.72139739990234
2021-07-12,74.4905014038086
2021-07-13,74.54170227050781
2021-07-14,74.65910339355469
2021-07-15,74.46910095214844
2021-07-16,74.53700256347656
2021-07-19,74.63179779052734
2021-07-20,74.99340057373047
2021-07-21,74.5270004272461
2021-07-22,74.44020080566406
2021-07-23,74.4520034790039
2021-07-26,74.44889831542969
2021-07-27,74.28949737548828
2021-07-28,74.5022964477539
2021-07-29,74.38999938964844
2021-07-30,74.25199890136719
2021-08-02,74.37909698486328
2021-08-03,74.33200073242188
2021-08-04,74.21440124511719
2021-08-05,74.18399810791016
2021-08-06,74.08200073242188
2021-08-09,74.49140167236328
2021-08-10,74.46620178222656
2021-08-11,74.43550109863281
2021-08-12,74.10299682617188
2021-08-13,74.26010131835938
2021-08-16,74.216796875
2021-08-17,74.13500213623047
2021-08-18,74.364501953125
2021-08-19,74.2697982788086
2021-08-20,74.4292984008789
2021-08-23,74.30149841308594
2021-08-24,74.10590362548828
2021-08-25,74.1447982788086
2021-08-26,74.0999984741211
2021-08-27,74.15599822998047
2021-08-30,73.49659729003906
2021-08-31,73.41120147705078
2021-09-01,72.99669647216797
2021-09-02,72.98509979248047
2021-09-03,73.0542984008789
2021-09-06,72.99449920654297
2021-09-07,73.11000061035156
2021-09-08,73.3904037475586
2021-09-09,73.78900146484375
2021-09-10,73.53800201416016
2021-09-13,73.52429962158203
2021-09-14,73.54080200195312
2021-09-15,73.65080261230469
2021-09-16,73.43800354003906
2021-09-17,73.56490325927734
2021-09-20,73.69609832763672
2021-09-21,73.65899658203125
2021-09-22,73.7927017211914
2021-09-23,73.8749008178711
2021-09-24,73.83999633789062
2021-09-27,73.81289672851562
2021-09-28,73.82530212402344
2021-09-29,74.16329956054688
2021-09-30,74.3219985961914
2021-10-01,74.25440216064453
2021-10-04,74.152099609375
2021-10-05,74.57279968261719
2021-10-06,74.56320190429688
2021-10-07,74.76000213623047
2021-10-08,74.83000183105469
2021-10-11,75.30580139160156
2021-10-12,75.40260314941406
2021-10-13,75.48390197753906
2021-10-14,75.3062973022461
2021-10-15,74.99500274658203
2021-10-18,75.00589752197266
2021-10-19,75.2354965209961
2021-10-20,75.12010192871094
2021-10-21,74.80919647216797
2021-10-22,74.86540222167969
2021-10-25,74.99369812011719
2021-10-26,75.08989715576172
2021-10-27,74.88890075683594
2021-10-28,75.05000305175781
2021-10-29,74.79720306396484
2021-11-01,74.92829895019531
2021-11-02,74.82990264892578
2021-11-03,74.71199798583984
2021-11-04,74.43550109863281
2021-11-05,74.47810363769531
2021-11-08,74.19110107421875
2021-11-09,73.91850280761719
2021-11-10,74.17479705810547
2021-11-11,74.40489959716797
2021-11-12,74.32209777832031
2021-11-15,74.33999633789062
2021-11-16,74.43509674072266
2021-11-17,74.45860290527344
2021-11-18,74.25980377197266
2021-11-19,74.17440032958984
2021-11-22,74.30259704589844
2021-11-23,74.42980194091797
2021-11-24,74.4469985961914
2021-11-25,74.625
2021-11-26,74.50579833984375
2021-11-29,74.98159790039062
2021-11-30,75.05490112304688
2021-12-01,75.0509033203125
2021-12-02,75.01789855957031
2021-12-03,74.9834976196289
2021-12-06,75.23400115966797
2021-12-07,75.39129638671875
2021-12-08,75.40859985351562
2021-12-09,75.38330078125
2021-12-10,75.59919738769531
2021-12-13,75.70999908447266
2021-12-14,75.82689666748047
2021-12-15,76.04720306396484
2021-12-16,76.2114028930664
2021-12-17,76.1675033569336
2021-12-20,76.00599670410156
2021-12-21,75.75869750976562
2021-12-22,75.6864013671875
2021-12-23,75.45850372314453
2021-12-24,75.06739807128906
2021-12-27,75.31500244140625
2021-12-28,74.98030090332031
2021-12-29,74.74500274658203
2021-12-30,74.57029724121094
2021-12-31,74.43119812011719
2022-01-03,74.51380157470703
2022-01-04,74.4032974243164
2022-01-05,74.53489685058594
2022-01-06,74.43009948730469
2022-01-07,74.41929626464844
2022-01-10,74.2699966430664
2022-01-11,74.05699920654297
2022-01-12,73.81529998779297
2022-01-13,73.79910278320312
2022-01-14,73.97229766845703
2022-01-17,74.37899780273438
2022-01-18,74.25509643554688
2022-01-19,74.61969757080078
2022-01-20,74.44920349121094
2022-01-21,74.45220184326172
2022-01-24,74.41320037841797
2022-01-25,74.6447982788086
2022-01-26,74.77999877929688
2022-01-27,74.8949966430664
2022-01-28,75.20929718017578
2022-01-31,75.03900146484375
2022-02-01,74.55580139160156
2022-02-02,74.74549865722656
2022-02-03,74.82240295410156
2022-02-04,74.6438980102539
2022-02-07,74.64219665527344
2022-02-08,74.6583023071289
2022-02-09,74.69519805908203
2022-02-10,74.80889892578125
2022-02-11,75.53839874267578
2022-02-14,75.34100341796875
2022-02-15,75.6854019165039
2022-02-16,75.17479705810547
2022-02-17,75.04199981689453
2022-02-18,75.06300354003906
2022-02-21,74.68240356445312
2022-02-22,74.51699829101562
2022-02-23,74.62300109863281
2022-02-24,74.63300323486328
2022-02-25,75.4083023071289
2022-02-28,75.06800079345703
2022-03-01,75.28479766845703
2022-03-02,75.80120086669922
2022-03-03,75.63099670410156
2022-03-04,75.8917007446289
2022-03-07,76.41799926757812
2022-03-08,77.08080291748047
2022-03-09,76.91449737548828
2022-03-10,76.13490295410156
2022-03-11,76.310302734375
2022-03-14,76.75370025634766
2022-03-15,76.49009704589844
2022-03-16,76.26589965820312
2022-03-17,76.02420043945312
2022-03-18,75.98159790039062
2022-03-21,75.94640350341797
2022-03-22,76.30709838867188
2022-03-23,76.10189819335938
2022-03-24,76.55239868164062
2022-03-25,76.32350158691406
2022-03-28,76.27850341796875
2022-03-29,76.03410339355469
2022-03-30,75.66670227050781
2022-03-31,75.82779693603516
2022-04-01,75.9092025756836
2022-04-04,75.99479675292969
2022-04-05,75.47799682617188
2022-04-06,75.45069885253906
2022-04-07,75.94509887695312
2022-04-08,75.91320037841797
2022-04-11,75.91729736328125
2022-04-12,75.83699798583984
2022-04-13,76.1498031616211
2022-04-14,76.12169647216797
2022-04-15,76.30879974365234
2022-04-18,76.3313980102539
2022-04-19,76.28019714355469
2022-04-20,76.44539642333984
2022-04-21,76.27619934082031
2022-04-22,76.28520202636719
2022-04-25,76.4635009765625
2022-04-26,76.52780151367188
2022-04-27,76.79409790039062
2022-04-28,76.47219848632812
2022-04-29,76.58899688720703
2022-05-02,76.52310180664062
2022-05-03,76.52410125732422
2022-05-04,76.46730041503906
2022-05-05,76.00160217285156
2022-05-06,76.54180145263672
2022-05-09,76.9574966430664
2022-05-10,77.3655014038086
2022-05-11,77.27140045166016
2022-05-12,77.41840362548828
2022-05-13,77.44380187988281
2022-05-16,77.48629760742188
2022-05-17,77.8053970336914
2022-05-18,77.37239837646484
2022-05-19,77.81999969482422
2022-05-20,77.42109680175781
2022-05-23,77.81839752197266
2022-05-24,77.52680206298828
2022-05-25,77.47879791259766
2022-05-26,77.49729919433594
2022-05-27,77.63020324707031
2022-05-30,77.69200134277344
2022-05-31,77.5208969116211
2022-06-01,77.5989990234375
2022-06-02,77.58409881591797
2022-06-03,77.3604965209961
2022-06-06,77.69419860839844
2022-06-07,77.82099914550781
2022-06-08,77.67060089111328
2022-06-09,77.72429656982422
2022-06-10,77.8187026977539
2022-06-13,78.17759704589844
2022-06-14,78.16059875488281
2022-06-15,77.9854965209961
2022-06-16,77.90019989013672
2022-06-17,77.97769927978516
2022-06-20,77.9614028930664
2022-06-21,77.93399810791016
2022-06-22,78.13490295410156
2022-06-23,78.19309997558594
2022-06-24,78.14240264892578
2022-06-27,78.2522964477539
2022-06-28,78.44110107421875
2022-06-29,79.07319641113281
2022-06-30,78.89830017089844
2022-07-01,78.96299743652344
2022-07-04,78.95069885253906
2022-07-05,78.93949890136719
2022-07-06,79.36840057373047
2022-07-07,79.04389953613281
2022-07-08,79.22160339355469
2022-07-11,79.3313980102539
2022-07-12,79.47779846191406
2022-07-13,79.47640228271484
2022-07-14,79.80750274658203
2022-07-15,79.87830352783203
2022-07-18,79.72049713134766
2022-07-19,80.0302963256836
2022-07-20,79.85590362548828
2022-07-21,80.00340270996094
2022-07-22,79.7759017944336
2022-07-25,79.87680053710938
2022-07-26,79.72250366210938
2022-07-27,79.84120178222656
2022-07-28,79.84739685058594
2022-07-29,79.57150268554688
2022-08-01,79.1948013305664
2022-08-02,78.95570373535156
2022-08-03,78.60449981689453
2022-08-04,79.11830139160156
2022-08-05,79.15489959716797
2022-08-08,79.41059875488281
2022-08-09,79.60189819335938
2022-08-10,79.57839965820312
2022-08-11,79.0978012084961
2022-08-12,79.61399841308594
2022-08-15,79.62760162353516
2022-08-16,79.55290222167969
2022-08-17,79.14600372314453
2022-08-18,79.35970306396484
2022-08-19,79.7667007446289
2022-08-22,79.91790008544922
2022-08-23,79.88379669189453
2022-08-24,79.85449981689453
2022-08-25,79.79679870605469
2022-08-26,79.88289642333984
2022-08-29,79.95909881591797
2022-08-30,79.96790313720703
2022-08-31,79.68229675292969
2022-09-01,79.54879760742188
2022-09-02,79.716796875
2022-09-05,79.72450256347656
2022-09-06,79.78299713134766
2022-09-07,79.89510345458984
2022-09-08,79.6498031616211
2022-09-09,79.706298828125
2022-09-12,79.65579986572266
2022-09-13,79.35530090332031
2022-09-14,79.60240173339844
2022-09-15,79.45369720458984
2022-09-16,79.8490982055664
2022-09-19,79.68949890136719
2022-09-20,79.7074966430664
2022-09-21,79.76270294189453
2022-09-22,80.05069732666016
2022-09-23,81.06220245361328
2022-09-26,81.25479888916016
2022-09-27,81.61579895019531
2022-09-28,81.72460174560547
2022-09-29,81.42870330810547
2022-09-30,81.48059844970703
2022-10-03,81.52130126953125
2022-10-04,81.49500274658203
2022-10-05,81.46549987792969
2022-10-06,81.6488037109375
2022-10-07,82.3489990234375
2022-10-10,82.8322982788086
2022-10-11,82.42070007324219
2022-10-12,82.2739028930664
2022-10-13,82.19999694824219
2022-10-14,82.19210052490234
2022-10-17,82.41280364990234
2022-10-18,82.1947021484375
2022-10-19,82.2863998413086
2022-10-20,82.99700164794922
2022-10-21,82.82569885253906
2022-10-24,82.54129791259766
2022-10-25,82.7614974975586
2022-10-26,82.44529724121094
2022-10-27,82.04959869384766
2022-10-28,82.44249725341797
2022-10-31,82.23919677734375
2022-11-01,82.72899627685547
2022-11-02,82.68450164794922
2022-11-03,82.88839721679688
2022-11-04,82.68180084228516
2022-11-07,81.9749984741211
2022-11-08,81.82599639892578
2022-11-09,81.40519714355469
2022-11-10,81.34380340576172
2022-11-11,80.48290252685547
2022-11-14,80.49700164794922
2022-11-15,80.99199676513672
2022-11-16,81.07140350341797
2022-11-17,81.49530029296875
2022-11-18,81.52490234375
2022-11-21,81.5198974609375
2022-11-22,81.72769927978516
2022-11-23,81.71499633789062
2022-11-24,81.63289642333984
2022-11-25,81.65540313720703
2022-11-28,81.6697006225586
2022-11-29,81.65029907226562
2022-11-30,81.63089752197266
2022-12-01,81.3052978515625
2022-12-02,81.16220092773438
2022-12-05,81.42250061035156
2022-12-06,81.89900207519531
2022-12-07,82.37220001220703
2022-12-08,82.25350189208984
2022-12-09,82.2791976928711
2022-12-12,82.41300201416016
2022-12-13,82.64469909667969
2022-12-14,82.40249633789062
2022-12-15,82.50800323486328
2022-12-16,82.85790252685547
2022-12-19,82.72599792480469
2022-12-20,82.58190155029297
2022-12-21,82.63690185546875
2022-12-22,82.87860107421875
2022-12-23,82.8749008178711
2022-12-26,82.6041030883789
2022-12-27,82.90290069580078
2022-12-28,82.7761001586914
2022-12-29,82.85199737548828
2022-12-30,82.83509826660156
2023-01-02,82.74980163574219
2023-01-03,82.70600128173828
2023-01-04,82.78569793701172
2023-01-05,82.66649627685547
2023-01-06,82.64520263671875
2023-01-09,82.27339935302734
2023-01-10,82.18009948730469
2023-01-11,81.63739776611328
2023-01-12,81.63179779052734
2023-01-13,81.1156005859375
2023-01-16,81.27799987792969
2023-01-17,81.65260314941406
2023-01-18,81.52549743652344
2023-01-19,81.43599700927734
2023-01-20,81.23979949951172
2023-01-23,80.97599792480469
2023-01-24,81.48799896240234
2023-01-25,81.60189819335938
2023-01-26,81.50270080566406
2023-01-27,81.44509887695312
2023-01-30,81.50800323486328
2023-01-31,81.57990264892578
2023-02-01,81.76840209960938
2023-02-02,81.71029663085938
2023-02-03,82.0458984375
2023-02-06,82.22599792480469
2023-02-07,82.75499725341797
2023-02-08,82.74189758300781
2023-02-09,82.65950012207031
2023-02-10,82.533203125
2023-02-13,82.51300048828125
2023-02-14,82.59739685058594
2023-02-15,82.86759948730469
2023-02-16,82.73770141601562
2023-02-17,82.69529724121094
2023-02-20,82.75800323486328
2023-02-21,82.69750213623047
2023-02-22,82.86119842529297
2023-02-23,82.83529663085938
2023-02-24,82.6178970336914
2023-02-27,82.91799926757812
2023-02-28,82.6520004272461
2023-03-01,82.6353988647461
2023-03-02,82.4198989868164
2023-03-03,82.35569763183594
2023-03-06,81.7125015258789
2023-03-07,81.85440063476562
2023-03-08,82.07460021972656
2023-03-09,81.9645004272461
2023-03-10,82.01840209960938
2023-03-13,81.95800018310547
2023-03-14,82.41739654541016
2023-03-15,82.30490112304688
2023-03-16,82.7156982421875
2023-03-17,82.622802734375
2023-03-20,82.53299713134766
2023-03-21,82.52909851074219
2023-03-22,82.677001953125
2023-03-23,82.52580261230469
2023-03-24,82.26529693603516
2023-03-27,82.33879852294922
2023-03-28,82.21489715576172
2023-03-29,82.16429901123047
2023-03-30,82.25540161132812
2023-03-31,82.10050201416016
2023-04-03,82.18479919433594
2023-04-04,82.14089965820312
2023-04-05,82.11479949951172
2023-04-06,81.94999694824219
2023-04-07,81.831298828125
2023-04-10,81.88480377197266
2023-04-11,81.98390197753906
2023-04-12,82.07009887695312
2023-04-13,81.96060180664062
2023-04-14,81.68070220947266
2023-04-17,81.84480285644531
2023-04-18,82.00370025634766
2023-04-19,82.10790252685547
2023-04-20,82.34010314941406
2023-04-21,82.14089965820312
2023-04-24,82.05480194091797
2023-04-25,81.85230255126953
2023-04-26,81.9916000366211
2023-04-27,81.76689910888672
2023-04-28,81.76509857177734
2023-05-01,81.74479675292969
2023-05-02,81.77469635009766
2023-05-03,81.77870178222656
2023-05-04,81.77999877929688
2023-05-05,81.71610260009766
2023-05-08,81.72979736328125
2023-05-09,81.78710174560547
2023-05-10,82.1050033569336
2023-05-11,81.9198989868164
2023-05-12,82.10030364990234
2023-05-15,82.20030212402344
2023-05-16,82.2667007446289
2023-05-17,82.2959976196289
2023-05-18,82.45030212402344
2023-05-19,82.72509765625
2023-05-22,82.90480041503906
2023-05-23,82.82499694824219
2023-05-24,82.8906021118164
2023-05-25,82.71369934082031
2023-05-26,82.74210357666016
2023-05-29,82.57479858398438
2023-05-30,82.57969665527344
2023-05-31,82.68389892578125
2023-06-01,82.66680145263672
2023-06-02,82.27670288085938
2023-06-05,82.40979766845703
2023-06-06,82.51119995117188
2023-06-07,82.51719665527344
2023-06-08,82.61810302734375
2023-06-09,82.48829650878906
2023-06-12,82.4448013305664
2023-06-13,82.33719635009766
2023-06-14,82.29039764404297
2023-06-15,82.04499816894531
2023-06-16,81.9126968383789
2023-06-19,81.91480255126953
2023-06-20,81.98139953613281
2023-06-21,81.9917984008789
2023-06-22,81.94149780273438
2023-06-23,81.91929626464844
2023-06-26,81.98480224609375
2023-06-27,82.00650024414062
2023-06-28,81.99839782714844
2023-06-29,82.02649688720703
2023-06-30,82.07540130615234
2023-07-03,82.09629821777344
2023-07-04,81.95010375976562
2023-07-05,82.0071029663086
2023-07-06,82.39409637451172
2023-07-07,82.76840209960938
2023-07-10,82.61530303955078
2023-07-11,82.52529907226562
2023-07-12,82.39990234375
2023-07-13,82.00180053710938
2023-07-14,82.03079986572266
2023-07-17,82.07679748535156
2023-07-18,82.06159973144531
2023-07-19,82.07540130615234
2023-07-20,82.06169891357422
2023-07-21,82.0823974609375
2023-07-24,81.99030303955078
2023-07-25,81.81420135498047
2023-07-26,81.95010375976562
2023-07-27,81.97550201416016
2023-07-28,82.3749008178711
2023-07-31,82.25279998779297
2023-08-01,82.2332992553711
2023-08-02,82.30729675292969
2023-08-03,82.7332992553711
2023-08-04,82.7843017578125
2023-08-07,82.69529724121094
2023-08-08,82.74829864501953
2023-08-09,82.84500122070312
2023-08-10,82.86630249023438
2023-08-11,82.79989624023438
2023-08-14,82.89730072021484
2023-08-15,83.2333984375
2023-08-16,83.19419860839844
2023-08-17,83.23699951171875
2023-08-18,83.09829711914062
2023-08-21,83.16729736328125
2023-08-22,83.1135025024414
2023-08-23,83.07330322265625
2023-08-24,82.5447006225586
2023-08-25,82.64140319824219
2023-08-28,82.66429901123047
2023-08-29,82.69149780273438
2023-08-30,82.49469757080078
2023-08-31,82.70040130615234
2023-09-01,82.68240356445312
2023-09-04,82.6969985961914
2023-09-05,82.7345962524414
2023-09-06,83.08609771728516
2023-09-07,83.25740051269531
2023-09-08,83.24150085449219
2023-09-11,83.03130340576172
2023-09-12,82.94329833984375
2023-09-13,82.84300231933594
2023-09-14,82.93679809570312
2023-09-15,83.0282974243164
2023-09-18,83.08580017089844
2023-09-19,83.25489807128906
2023-09-20,83.19499969482422
2023-09-21,83.08699798583984
2023-09-22,82.89129638671875
2023-09-25,82.97480010986328
2023-09-26,83.0282974243164
2023-09-27,83.29869842529297
2023-09-28,83.22270202636719
2023-09-29,83.19300079345703
2023-10-02,83.03479766845703
2023-10-03,83.3593978881836
2023-10-04,83.22979736328125
2023-10-05,83.44979858398438
2023-10-06,83.22489929199219
2023-10-09,83.12460327148438
2023-10-10,83.27030181884766
2023-10-11,83.25029754638672
2023-10-12,83.21800231933594
2023-10-13,83.26239776611328
2023-10-16,83.28230285644531
2023-10-17,83.19950103759766
2023-10-18,83.26429748535156
2023-10-19,83.26860046386719
2023-10-20,83.12229919433594
2023-10-23,83.15979766845703
2023-10-24,83.02940368652344
2023-10-25,82.98780059814453
2023-10-26,83.1709976196289
2023-10-27,83.28250122070312
2023-10-30,83.41339874267578
2023-10-31,83.29650115966797
2023-11-01,83.2771987915039
2023-11-02,85.19400024414062
2023-11-03,83.24729919433594
2023-11-06,83.15850067138672
2023-11-07,83.2228012084961
2023-11-08,83.23269653320312
2023-11-09,83.21769714355469
2023-11-10,83.31939697265625
2023-11-13,83.29889678955078
2023-11-14,83.19760131835938
2023-11-15,82.98159790039062
2023-11-16,83.18620300292969
2023-11-17,83.12030029296875
2023-11-20,83.29149627685547
2023-11-21,83.32219696044922
2023-11-22,83.345703125
2023-11-23,83.54830169677734
2023-11-24,83.34400177001953
2023-11-27,83.31449890136719
2023-11-28,83.364501953125
2023-11-29,83.41809844970703
2023-11-30,83.3302993774414
2023-12-01,83.35269927978516
2023-12-04,83.21859741210938
2023-12-05,83.41709899902344
2023-12-06,83.31590270996094
2023-12-07,83.28959655761719
2023-12-08,83.35489654541016
2023-12-11,83.43009948730469
2023-12-12,83.34349822998047
2023-12-13,83.39600372314453
2023-12-14,83.2853012084961
2023-12-15,83.29660034179688
2023-12-18,83.04170227050781
2023-12-19,83.11119842529297
2023-12-20,83.09159851074219
2023-12-21,83.26719665527344
2023-12-22,83.13159942626953
2023-12-25,83.16500091552734
2023-12-26,83.17230224609375
2023-12-27,83.18280029296875
2023-12-28,83.26719665527344
2023-12-29,82.302001953125
2024-01-01,83.24859619140625
2024-01-02,83.20259857177734
2024-01-03,83.25700378417969
2024-01-04,83.31809997558594
2024-01-05,83.2406005859375
2024-01-08,83.19110107421875
2024-01-09,83.05069732666016
2024-01-10,83.131103515625
2024-01-11,83.02559661865234
2024-01-12,83.07610321044922
2024-01-15,82.87210083007812
2024-01-16,82.8593978881836
2024-01-17,83.08899688720703
2024-01-18,83.17759704589844
2024-01-19,83.16059875488281
2024-01-22,83.12470245361328
2024-01-23,83.09510040283203
2024-01-24,83.22139739990234
2024-01-25,83.09760284423828
2024-01-26,83.14610290527344
2024-01-29,83.12129974365234
2024-01-30,83.1530990600586
2024-01-31,83.10970306396484
2024-02-01,83.05359649658203
2024-02-02,82.92759704589844
2024-02-05,82.99929809570312
2024-02-06,83.10369873046875
2024-02-07,83.07060241699219
2024-02-08,83.01260375976562
2024-02-09,82.98529815673828
2024-02-12,83.0145034790039
2024-02-13,82.99019622802734
2024-02-14,83.07460021972656
2024-02-15,83.04309844970703
2024-02-16,83.00959777832031
2024-02-19,83.01599884033203
2024-02-20,83.02100372314453
2024-02-21,82.8291015625
2024-02-22,82.93840026855469
2024-02-23,82.87229919433594
2024-02-26,82.88179779052734
2024-02-27,82.85199737548828
2024-02-28,82.94819641113281
2024-02-29,82.91190338134766
2024-03-01,82.910400390625
2024-03-04,82.84609985351562
2024-03-05,82.9104995727539
2024-03-06,82.88480377197266
2024-03-07,82.81909942626953
2024-03-08,82.7522964477539
2024-03-11,82.7520980834961
2024-03-12,82.7782974243164
2024-03-13,82.83509826660156
2024-03-14,82.83110046386719
2024-03-15,82.9655990600586
2024-03-18,82.88890075683594
2024-03-19,82.86360168457031
2024-03-20,83.04239654541016
2024-03-21,83.05460357666016
2024-03-22,83.22660064697266
2024-03-25,83.59359741210938
2024-03-26,83.41739654541016
2024-03-27,83.34549713134766
2024-03-28,83.36499786376953
2024-03-29,83.39299774169922
2024-04-01,83.36479949951172
2024-04-02,83.40969848632812
2024-04-03,83.35030364990234
2024-04-04,83.37329864501953
2024-04-05,83.47779846191406
2024-04-08,83.29679870605469
2024-04-09,83.26959991455078
2024-04-10,83.22429656982422
2024-04-11,83.4126968383789
2024-04-12,83.34929656982422
2024-04-15,83.61109924316406
2024-04-16,83.50599670410156
2024-04-17,83.6675033569336
2024-04-18,83.5958023071289
2024-04-19,83.54499816894531
2024-04-22,83.38529968261719
2024-04-23,83.38619995117188
2024-04-24,83.2833023071289
2024-04-25,83.3405990600586
2024-04-26,83.30180358886719
2024-04-29,83.40229797363281
2024-04-30,83.45110321044922
2024-05-01,83.49839782714844
2024-05-02,83.40640258789062
2024-05-03,83.40630340576172
2024-05-06,83.37999725341797
2024-05-07,83.4728012084961
2024-05-08,83.46990203857422
2024-05-09,83.46430206298828
2024-05-10,83.45939636230469
2024-05-13,83.5248031616211
2024-05-14,83.50550079345703
2024-05-15,83.52420043945312
2024-05-16,83.40509796142578
2024-05-17,83.47010040283203
2024-05-20,83.30039978027344
2024-05-21,83.31500244140625
2024-05-22,83.31680297851562
2024-05-23,83.26709747314453
2024-05-24,83.2863998413086
2024-05-27,83.05220031738281
2024-05-28,83.14569854736328
2024-05-29,83.20649719238281
2024-05-30,83.3656005859375
2024-05-31,83.3208999633789
2024-06-03,83.45079803466797
2024-06-04,83.09339904785156
2024-06-05,83.62940216064453
2024-06-06,83.38079833984375
2024-06-07,83.47309875488281
2024-06-10,83.52760314941406
2024-06-11,83.52980041503906
2024-06-12,83.5968017578125
2024-06-13,83.5343017578125
2024-06-14,83.52210235595703
2024-06-17,83.55180358886719
2024-06-18,83.51010131835938
2024-06-19,83.37409973144531
2024-06-20,83.41950225830078
2024-06-21,83.60160064697266
2024-06-24,83.5625
2024-06-25,83.46040344238281
2024-06-26,83.41459655761719
2024-06-27,83.58039855957031
2024-06-28,83.45089721679688
2024-07-01,83.36750030517578
2024-07-02,83.44129943847656
2024-07-03,83.4791030883789
2024-07-04,83.49120330810547
2024-07-05,83.49340057373047
2024-07-08,83.47209930419922
2024-07-09,83.45760345458984
2024-07-10,83.49299621582031
2024-07-11,83.49590301513672
2024-07-12,83.51850128173828
2024-07-15,83.52030181884766
2024-07-16,83.58760070800781
2024-07-17,83.52960205078125
2024-07-18,83.57209777832031
2024-07-19,83.67430114746094
2024-07-22,83.73030090332031
2024-07-23,83.67130279541016
2024-07-24,83.70680236816406
2024-07-25,83.74299621582031
2024-07-26,83.73760223388672
2024-07-29,83.72779846191406
2024-07-30,83.75050354003906
2024-07-31,83.73899841308594
2024-08-01,83.7177963256836
2024-08-02,83.743896484375
2024-08-05,83.73529815673828
2024-08-06,84.00260162353516
2024-08-07,83.93489837646484
2024-08-08,83.94239807128906
2024-08-09,83.98899841308594
2024-08-12,83.94979858398438
2024-08-13,83.88999938964844
2024-08-14,83.88200378417969
2024-08-15,83.97149658203125
2024-08-16,83.94830322265625
2024-08-19,83.88980102539062
2024-08-20,83.87860107421875
2024-08-21,83.77940368652344
2024-08-22,83.88860321044922
2024-08-23,83.94059753417969
2024-08-26,83.81379699707031
2024-08-27,83.88369750976562
2024-08-28,83.92160034179688
2024-08-29,83.94149780273438
2024-08-30,83.89510345458984
2024-09-02,83.86380004882812
2024-09-03,83.92729949951172
2024-09-04,83.95030212402344
2024-09-05,83.98249816894531
2024-09-06,83.98359680175781
2024-09-09,83.98259735107422
2024-09-10,83.98090362548828
2024-09-11,83.98200225830078
2024-09-12,83.99259948730469
2024-09-13,83.93479919433594
2024-09-16,83.88480377197266
2024-09-17,83.88400268554688
2024-09-18,83.77059936523438
2024-09-19,83.69170379638672
2024-09-20,83.61470031738281
2024-09-23,83.48709869384766
2024-09-24,83.55960083007812
2024-09-25,83.56759643554688
2024-09-26,83.62409973144531
2024-09-27,83.61710357666016
2024-09-30,83.71640014648438
2024-10-01,83.82730102539062
2024-10-02,83.87210083007812
2024-10-03,83.91960144042969
2024-10-04,84.0093994140625
2024-10-07,84.02780151367188
2024-10-08,83.96410369873047
2024-10-09,83.91459655761719
2024-10-10,83.94219970703125
2024-10-11,83.94599914550781
2024-10-14,84.16829681396484
2024-10-15,84.04850006103516
2024-10-16,84.05619812011719
2024-10-17,84.03929901123047
2024-10-18,84.05380249023438
2024-10-21,84.0687026977539
2024-10-22,84.07350158691406
2024-10-23,84.08399963378906
2024-10-24,84.06759643554688
2024-10-25,84.08180236816406
2024-10-28,84.10199737548828
2024-10-29,84.10279846191406
2024-10-30,84.08930206298828
2024-10-31,84.08910369873047
2024-11-01,84.09149932861328
2024-11-04,84.13359832763672
2024-11-05,84.15249633789062
2024-11-06,84.11630249023438
2024-11-07,84.2511978149414
2024-11-08,84.306396484375
2024-11-11,84.38289642333984
2024-11-12,84.39649963378906
2024-11-13,84.39530181884766
2024-11-14,84.4229965209961
2024-11-15,84.47380065917969
2024-11-18,84.47750091552734
2024-11-19,84.39849853515625
2024-11-20,84.39759826660156
2024-11-21,84.38310241699219
2024-11-22,84.48829650878906
2024-11-25,84.43599700927734
2024-11-26,84.37750244140625
2024-11-27,84.33910369873047
2024-11-28,84.42030334472656
2024-11-29,84.47160339355469
2024-12-02,84.55699920654297
2024-12-03,84.73709869384766
2024-12-04,84.68309783935547
2024-12-05,84.70700073242188
2024-12-06,84.68379974365234
2024-12-09,84.66600036621094
2024-12-10,84.84729766845703
2024-12-11,84.8740005493164
2024-12-12,84.85710144042969
2024-12-13,84.83920288085938
2024-12-16,84.802001953125
2024-12-17,84.91729736328125
2024-12-18,84.91539764404297
2024-12-19,85.16549682617188
2024-12-20,85.27940368652344
2024-12-23,84.94499969482422
2024-12-24,85.0988998413086
2024-12-25,85.18150329589844
2024-12-26,85.41339874267578
2024-12-27,85.26090240478516
2024-12-30,85.38600158691406
2024-12-31,85.7865982055664
2025-01-02,85.78569793701172
2025-01-03,85.80400085449219
2025-01-06,85.75900268554688
2025-01-07,85.68070220947266
2025-01-08,85.80650329589844
2025-01-09,85.90750122070312
2025-01-10,85.91999816894531
2025-01-13,86.18800354003906
2025-01-14,86.65059661865234
2025-01-15,86.535400390625
2025-01-16,86.43099975585938
2025-01-17,86.6061019897461
2025-01-20,86.56900024414062
2025-01-21,86.21109771728516
2025-01-22,86.45189666748047
2025-01-23,86.47270202636719
2025-01-24,86.44020080566406
2025-01-27,86.2030029296875
2025-01-28,86.46839904785156
2025-01-29,86.58460235595703
2025-01-30,86.6406021118164
2025-01-31,86.64700317382812
2025-02-03,86.55400085449219
2025-02-04,86.94339752197266
2025-02-05,87.13009643554688
2025-02-06,87.33409881591797
2025-02-07,87.58830261230469
2025-02-10,87.51309967041016
2025-02-11,87.49009704589844
2025-02-12,86.81120300292969
2025-02-13,86.8740005493164
2025-02-14,86.75409698486328
2025-02-17,86.43460083007812
2025-02-18,86.85479736328125
2025-02-19,86.88719940185547
2025-02-20,86.872802734375
2025-02-21,86.45120239257812
2025-02-24,86.52940368652344
2025-02-25,86.69010162353516
2025-02-26,87.0811996459961
2025-02-27,87.16220092773438
2025-02-28,87.3270034790039
2025-03-03,87.46399688720703
2025-03-04,87.32959747314453
2025-03-05,87.21700286865234
2025-03-06,86.88929748535156
2025-03-07,87.12879943847656
2025-03-10,87.07379913330078
2025-03-11,87.3551025390625
2025-03-12,87.20010375976562
2025-03-13,87.3405990600586
2025-03-14,86.9220962524414
2025-03-17,86.93900299072266
2025-03-18,86.91639709472656
2025-03-19,86.57610321044922
2025-03-20,86.33709716796875
2025-03-21,86.33609771728516
2025-03-24,85.98699951171875
2025-03-25,85.53209686279297
2025-03-26,85.59040069580078
2025-03-27,86.09539794921875
2025-03-28,85.69490051269531
2025-03-31,85.53880310058594
2025-04-01,85.46810150146484
2025-04-02,85.61009979248047
2025-04-03,85.65119934082031
2025-04-04,85.28289794921875
2025-04-07,85.529296875
2025-04-08,86.0270004272461
2025-04-09,86.435302734375
2025-04-10,86.20929718017578
2025-04-11,86.2603988647461
2025-04-14,86.19300079345703
2025-04-15,86.0447998046875
2025-04-16,85.72669982910156
2025-04-17,85.62049865722656
2025-04-22,85.15889739990234
2025-04-23,85.2323989868164
2025-04-24,85.4999008178711
2025-04-25,85.2573013305664
2025-04-28,85.38490295410156
2025-04-29,85.1603012084961
2025-04-30,85.1707992553711
2025-05-01,84.53119659423828
2025-05-02,84.69670104980469
2025-05-05,84.52629852294922
2025-05-06,84.2208023071289
2025-05-07,84.79319763183594
2025-05-08,84.81719970703125
2025-05-09,86.08219909667969
2025-05-12,85.4083023071289
2025-05-13,84.9656982421875
2025-05-14,85.060302734375
2025-05-15,85.48760223388672
2025-05-16,85.44490051269531
2025-05-19,85.50029754638672
2025-05-20,85.37210083007812
2025-05-21,85.53610229492188
2025-05-22,85.60030364990234
2025-05-23,85.97489929199219
2025-05-26,85.19930267333984
2025-05-27,85.158203125
2025-05-28,85.3604965209961
2025-05-29,85.38590240478516
2025-05-30,85.36129760742188
2025-06-02,85.52429962158203
2025-06-03,85.36370086669922
2025-06-04,85.70880126953125
2025-06-05,85.9041976928711
2025-06-06,85.87750244140625
2025-06-09,85.7853012084961
2025-06-10,85.75599670410156
2025-06-11,85.65280151367188
2025-06-12,85.46980285644531
2025-06-13,85.68840026855469
2025-06-16,86.24919891357422
2025-06-17,86.10420227050781
2025-06-18,86.36270141601562
2025-06-19,86.61360168457031
2025-06-20,86.58380126953125
2025-06-23,86.5802993774414
2025-06-24,86.23300170898438
2025-06-25,85.90480041503906
2025-06-26,86.006103515625
2025-06-27,85.66639709472656
2025-06-30,85.4552993774414
2025-07-01,85.71399688720703
2025-07-02,85.6427993774414
2025-07-03,85.69409942626953
2025-07-04,85.31909942626953
2025-07-07,85.49629974365234
2025-07-08,85.89199829101562
2025-07-09,85.7073974609375
2025-07-10,85.70850372314453
2025-07-11,85.73480224609375
2025-07-14,85.82129669189453
2025-07-15,85.96839904785156
2025-07-16,85.99310302734375
2025-07-17,85.88520050048828
2025-07-18,86.04650115966797
2025-07-21,86.14859771728516
2025-07-22,86.19529724121094
2025-07-23,86.3427963256836
2025-07-24,86.39869689941406
2025-07-25,86.4302978515625
2025-07-28,86.506103515625
2025-07-29,86.77760314941406
2025-07-30,87.06320190429688
2025-07-31,87.714599609375
2025-08-01,87.4894027709961
2025-08-04,87.24530029296875
2025-08-05,87.89330291748047
2025-08-06,87.72309875488281
2025-08-07,87.76249694824219
2025-08-08,87.43319702148438
2025-08-11,87.48829650878906
2025-08-12,87.66449737548828
2025-08-13,87.59559631347656
2025-08-14,87.44999694824219
2025-08-15,87.69180297851562
2025-08-18,87.51280212402344
2025-08-19,87.29509735107422
2025-08-20,87.0791015625
2025-08-21,87.01820373535156
2025-08-22,87.29340362548828
2025-08-25,87.3301010131836
2025-08-26,87.60859680175781
2025-08-27,87.60070037841797
2025-08-28,87.65910339355469
2025-08-29,87.5916976928711
2025-09-01,88.17430114746094
2025-09-02,88.00140380859375
2025-09-03,87.99829864501953
2025-09-04,88.072998046875
2025-09-05,88.19290161132812
2025-09-08,88.1863021850586
2025-09-09,87.98049926757812
2025-09-10,88.21829986572266
2025-09-11,88.05339813232422
2025-09-12,88.2676010131836
2025-09-15,88.27729797363281
2025-09-16,88.12349700927734
2025-09-17,87.88459777832031
2025-09-18,87.91069793701172
2025-09-19,88.20690155029297
2025-09-22,88.09919738769531
2025-09-23,88.30439758300781
2025-09-24,88.80799865722656
2025-09-25,88.77860260009766
2025-09-26,88.77310180664062
2025-09-29,88.67680358886719
2025-09-30,88.70449829101562
2025-10-01,88.8406982421875
2025-10-02,88.68299865722656
2025-10-03,88.72019958496094
2025-10-06,88.73509979248047
2025-10-07,88.72109985351562
2025-10-08,88.74259948730469
2025-10-09,88.7771987915039
2025-10-10,88.86540222167969
2025-10-13,88.7573013305664
2025-10-14,88.66510009765625
2025-10-15,88.78250122070312
2025-10-16,87.80950164794922
2025-10-17,87.9906997680664
2025-10-20,88.0022964477539
2025-10-21,87.87999725341797
2025-10-22,88.00160217285156
2025-10-23,87.74030303955078
2025-10-24,87.77899932861328
2025-10-27,87.8290023803711
2025-10-28,88.22209930419922
2025-10-29,88.22550201416016
2025-10-30,88.34559631347656
2025-10-31,88.6344985961914
2025-11-03,88.77539825439453
2025-11-04,88.72339630126953
2025-11-05,88.73200225830078
2025-11-06,88.55690002441406
2025-11-07,88.6729965209961
2025-11-10,88.65799713134766
2025-11-11,88.70709991455078
2025-11-12,88.46649932861328
2025-11-13,88.59400177001953
2025-11-14,88.81610107421875
2025-11-17,88.68199920654297
2025-11-18,88.63590240478516
2025-11-19,88.55680084228516
2025-11-20,88.48719787597656
2025-11-21,88.69219970703125
2025-11-24,89.63400268554688
2025-11-25,89.14779663085938
2025-11-26,89.15059661865234
2025-11-27,89.16300201416016
2025-11-28,89.36479949951172
2025-12-01,89.3499984741211
2025-12-02,89.61270141601562
2025-12-03,89.91719818115234
2025-12-04,90.17050170898438
2025-12-05,89.8364028930664
2025-12-08,89.93800354003906
2025-12-09,90.12999725341795
2025-12-10,89.91690063476562
2025-12-11,89.79299926757812
2025-12-12,90.25299835205078
2025-12-15,90.5770034790039
2025-12-16,90.7769012451172
2025-12-17,90.94889831542967
2025-12-18,90.4136962890625
2025-12-19,90.25579833984376
2025-12-22,89.56999969482422
2025-12-23,89.60389709472656
2025-12-24,89.50789642333984
2025-12-26,90.10590362548828
2025-12-29,89.82929992675781
2025-12-30,89.9000015258789
2025-12-31,89.76940155029297
2026-01-02,89.96189880371094
2026-01-05,90.00700378417969
2026-01-06,90.23300170898438
2026-01-07,90.16609954833984
2026-01-08,89.8644027709961
2026-01-09,89.90540313720703
2026-01-12,90.23600006103516
2026-01-13,90.13269805908205
2026-01-14,90.27300262451172
2026-01-15,90.18319702148438
2026-01-16,90.36160278320312
2026-01-19,90.7020034790039
2026-01-20,90.90450286865234
2026-01-21,91.11840057373048
2026-01-22,91.53690338134766
2026-01-23,91.55829620361328
2026-01-26,91.5009994506836
2026-01-27,91.71309661865234
2026-01-28,91.5343017578125
2026-01-29,92.04080200195312
2026-01-30,91.78189849853516
2026-02-02,91.68699645996094
2026-02-03,90.24559783935548
2026-02-04,90.4228973388672
2026-02-05,90.125
2026-02-06,90.3147964477539
2026-02-09,90.58799743652344
2026-02-10,90.8227996826172
2026-02-11,90.58789825439452
2026-02-12,90.73570251464844
2026-02-13,90.56410217285156
2026-02-16,90.57119750976562
2026-02-17,90.78299713134766
2026-02-18,90.6261978149414
2026-02-19,90.7935028076172
2026-02-20,91.04109954833984
2026-02-23,90.72660064697266
2026-02-24,91.02010345458984
2026-02-25,90.91799926757812
2026-02-26,90.95099639892578
2026-02-27,91.00740051269533
2026-03-02,91.07959747314452
2026-03-03,91.56340026855467
2026-03-04,92.00859832763672
2026-03-05,92.1230010986328
2026-03-06,91.78690338134766
2026-03-09,91.93620300292967
2026-03-10,91.220703125
2026-03-11,92.16510009765624
2026-03-12,92.22879791259766
2026-03-13,92.38990020751952
2026-03-16,92.5635986328125
2026-03-17,92.28269958496094
2026-03-18,92.39129638671876
2026-03-19,93.24659729003906
2026-03-20,93.0822982788086
2026-03-23,93.89530181884766
2026-03-24,93.2436981201172
2026-03-25,94.29969787597656
2026-03-26,94.6937026977539
2026-03-27,94.30950164794922
2026-03-30,94.78179931640624
2026-03-31,93.41100311279295
2026-04-01,93.64600372314452
2026-04-02,93.58000183105467
2026-04-03,92.65299987792967
2026-04-06,92.8499984741211
2026-04-07,92.97250366210938
2026-04-08,92.66999816894533
2026-04-09,92.66999816894533
2026-04-10,92.75250244140625
